DATAFLOW,LAST UPDATE,freq,statinfo,unit,currency,TIME_PERIOD,OBS_VALUE,OBS_FLAG,CONF_STATUS
ESTAT:ERT_H_EUR_D(1.0),08/01/26 11:00:00,Daily,Average,National currency (former currencies of the euro area countries),Italian lira,1997-11-13,1932.26,,
ESTAT:ERT_H_EUR_D(1.0),08/01/26 11:00:00,Daily,Average,National currency (former currencies of the euro area countries),Italian lira,1997-11-14,1932.50,,
ESTAT:ERT_H_EUR_D(1.0),08/01/26 11:00:00,Daily,Average,National currency (former currencies of the euro area countries),Italian lira,1997-11-17,1933.78,,
ESTAT:ERT_H_EUR_D(1.0),08/01/26 11:00:00,Daily,Average,National currency (former currencies of the euro area countries),Italian lira,1997-11-18,1932.65,,
ESTAT:ERT_H_EUR_D(1.0),08/01/26 11:00:00,Daily,Average,National currency (former currencies of the euro area countries),Italian lira,1997-11-19,1933.22,,
ESTAT:ERT_H_EUR_D(1.0),08/01/26 11:00:00,Daily,Average,National currency (former currencies of the euro area countries),Italian lira,1997-11-20,1935.65,,
ESTAT:ERT_H_EUR_D(1.0),08/01/26 11:00:00,Daily,Average,National currency (former currencies of the euro area countries),Italian lira,1997-11-21,1937.97,,
ESTAT:ERT_H_EUR_D(1.0),08/01/26 11:00:00,Daily,Average,National currency (former currencies of the euro area countries),Italian lira,1997-11-24,1936.86,,
ESTAT:ERT_H_EUR_D(1.0),08/01/26 11:00:00,Daily,Average,National currency (former currencies of the euro area countries),Italian lira,1997-11-25,1935.66,,
ESTAT:ERT_H_EUR_D(1.0),08/01/26 11:00:00,Daily,Average,National currency (former currencies of the euro area countries),Italian lira,1997-11-26,1935.39,,
ESTAT:ERT_H_EUR_D(1.0),08/01/26 11:00:00,Daily,Average,National currency (former currencies of the euro area countries),Italian lira,1997-11-27,1936.78,,
ESTAT:ERT_H_EUR_D(1.0),08/01/26 11:00:00,Daily,Average,National currency (former currencies of the euro area countries),Italian lira,1997-11-28,1936.91,,
ESTAT:ERT_H_EUR_D(1.0),08/01/26 11:00:00,Daily,Average,National currency (former currencies of the euro area countries),Italian lira,1997-12-01,1938.40,,
ESTAT:ERT_H_EUR_D(1.0),08/01/26 11:00:00,Daily,Average,National currency (former currencies of the euro area countries),Italian lira,1997-12-02,1938.44,,
ESTAT:ERT_H_EUR_D(1.0),08/01/26 11:00:00,Daily,Average,National currency (former currencies of the euro area countries),Italian lira,1997-12-03,1938.57,,
ESTAT:ERT_H_EUR_D(1.0),08/01/26 11:00:00,Daily,Average,National currency (former currencies of the euro area countries),Italian lira,1997-12-04,1939.35,,
ESTAT:ERT_H_EUR_D(1.0),08/01/26 11:00:00,Daily,Average,National currency (former currencies of the euro area countries),Italian lira,1997-12-05,1936.80,,
ESTAT:ERT_H_EUR_D(1.0),08/01/26 11:00:00,Daily,Average,National currency (former currencies of the euro area countries),Italian lira,1997-12-08,1934.96,,
ESTAT:ERT_H_EUR_D(1.0),08/01/26 11:00:00,Daily,Average,National currency (former currencies of the euro area countries),Italian lira,1997-12-09,1934.25,,
ESTAT:ERT_H_EUR_D(1.0),08/01/26 11:00:00,Daily,Average,National currency (former currencies of the euro area countries),Italian lira,1997-12-10,1933.13,,
ESTAT:ERT_H_EUR_D(1.0),08/01/26 11:00:00,Daily,Average,National currency (former currencies of the euro area countries),Italian lira,1997-12-11,1933.63,,
ESTAT:ERT_H_EUR_D(1.0),08/01/26 11:00:00,Daily,Average,National currency (former currencies of the euro area countries),Italian lira,1997-12-12,1934.02,,
ESTAT:ERT_H_EUR_D(1.0),08/01/26 11:00:00,Daily,Average,National currency (former currencies of the euro area countries),Italian lira,1997-12-15,1932.22,,
ESTAT:ERT_H_EUR_D(1.0),08/01/26 11:00:00,Daily,Average,National currency (former currencies of the euro area countries),Italian lira,1997-12-16,1931.89,,
ESTAT:ERT_H_EUR_D(1.0),08/01/26 11:00:00,Daily,Average,National currency (former currencies of the euro area countries),Italian lira,1997-12-17,1933.90,,
ESTAT:ERT_H_EUR_D(1.0),08/01/26 11:00:00,Daily,Average,National currency (former currencies of the euro area countries),Italian lira,1997-12-18,1938.20,,
ESTAT:ERT_H_EUR_D(1.0),08/01/26 11:00:00,Daily,Average,National currency (former currencies of the euro area countries),Italian lira,1997-12-19,1938.55,,
ESTAT:ERT_H_EUR_D(1.0),08/01/26 11:00:00,Daily,Average,National currency (former currencies of the euro area countries),Italian lira,1997-12-22,1938.50,,
ESTAT:ERT_H_EUR_D(1.0),08/01/26 11:00:00,Daily,Average,National currency (former currencies of the euro area countries),Italian lira,1997-12-23,1939.15,,
ESTAT:ERT_H_EUR_D(1.0),08/01/26 11:00:00,Daily,Average,National currency (former currencies of the euro area countries),Italian lira,1997-12-24,1940.37,,
ESTAT:ERT_H_EUR_D(1.0),08/01/26 11:00:00,Daily,Average,National currency (former currencies of the euro area countries),Italian lira,1997-12-29,1943.36,,
ESTAT:ERT_H_EUR_D(1.0),08/01/26 11:00:00,Daily,Average,National currency (former currencies of the euro area countries),Italian lira,1997-12-30,1940.65,,
ESTAT:ERT_H_EUR_D(1.0),08/01/26 11:00:00,Daily,Average,National currency (former currencies of the euro area countries),Italian lira,1997-12-31,1942.03,,
ESTAT:ERT_H_EUR_D(1.0),08/01/26 11:00:00,Daily,Average,National currency (former currencies of the euro area countries),Italian lira,1998-01-02,1942.62,,
ESTAT:ERT_H_EUR_D(1.0),08/01/26 11:00:00,Daily,Average,National currency (former currencies of the euro area countries),Italian lira,1998-01-05,1943.11,,
ESTAT:ERT_H_EUR_D(1.0),08/01/26 11:00:00,Daily,Average,National currency (former currencies of the euro area countries),Italian lira,1998-01-06,1941.82,,
ESTAT:ERT_H_EUR_D(1.0),08/01/26 11:00:00,Daily,Average,National currency (former currencies of the euro area countries),Italian lira,1998-01-07,1940.64,,
ESTAT:ERT_H_EUR_D(1.0),08/01/26 11:00:00,Daily,Average,National currency (former currencies of the euro area countries),Italian lira,1998-01-08,1940.66,,
ESTAT:ERT_H_EUR_D(1.0),08/01/26 11:00:00,Daily,Average,National currency (former currencies of the euro area countries),Italian lira,1998-01-09,1939.32,,
ESTAT:ERT_H_EUR_D(1.0),08/01/26 11:00:00,Daily,Average,National currency (former currencies of the euro area countries),Italian lira,1998-01-12,1940.45,,
ESTAT:ERT_H_EUR_D(1.0),08/01/26 11:00:00,Daily,Average,National currency (former currencies of the euro area countries),Italian lira,1998-01-13,1943.69,,
ESTAT:ERT_H_EUR_D(1.0),08/01/26 11:00:00,Daily,Average,National currency (former currencies of the euro area countries),Italian lira,1998-01-14,1944.66,,
ESTAT:ERT_H_EUR_D(1.0),08/01/26 11:00:00,Daily,Average,National currency (former currencies of the euro area countries),Italian lira,1998-01-15,1944.03,,
ESTAT:ERT_H_EUR_D(1.0),08/01/26 11:00:00,Daily,Average,National currency (former currencies of the euro area countries),Italian lira,1998-01-16,1946.05,,
ESTAT:ERT_H_EUR_D(1.0),08/01/26 11:00:00,Daily,Average,National currency (former currencies of the euro area countries),Italian lira,1998-01-19,1947.37,,
ESTAT:ERT_H_EUR_D(1.0),08/01/26 11:00:00,Daily,Average,National currency (former currencies of the euro area countries),Italian lira,1998-01-20,1944.61,,
ESTAT:ERT_H_EUR_D(1.0),08/01/26 11:00:00,Daily,Average,National currency (former currencies of the euro area countries),Italian lira,1998-01-21,1943.03,,
ESTAT:ERT_H_EUR_D(1.0),08/01/26 11:00:00,Daily,Average,National currency (former currencies of the euro area countries),Italian lira,1998-01-22,1946.00,,
ESTAT:ERT_H_EUR_D(1.0),08/01/26 11:00:00,Daily,Average,National currency (former currencies of the euro area countries),Italian lira,1998-01-23,1945.97,,
ESTAT:ERT_H_EUR_D(1.0),08/01/26 11:00:00,Daily,Average,National currency (former currencies of the euro area countries),Italian lira,1998-01-26,1949.72,,
ESTAT:ERT_H_EUR_D(1.0),08/01/26 11:00:00,Daily,Average,National currency (former currencies of the euro area countries),Italian lira,1998-01-27,1947.46,,
ESTAT:ERT_H_EUR_D(1.0),08/01/26 11:00:00,Daily,Average,National currency (former currencies of the euro area countries),Italian lira,1998-01-28,1947.28,,
ESTAT:ERT_H_EUR_D(1.0),08/01/26 11:00:00,Daily,Average,National currency (former currencies of the euro area countries),Italian lira,1998-01-29,1949.87,,
ESTAT:ERT_H_EUR_D(1.0),08/01/26 11:00:00,Daily,Average,National currency (former currencies of the euro area countries),Italian lira,1998-01-30,1949.66,,
ESTAT:ERT_H_EUR_D(1.0),08/01/26 11:00:00,Daily,Average,National currency (former currencies of the euro area countries),Italian lira,1998-02-02,1949.99,,
ESTAT:ERT_H_EUR_D(1.0),08/01/26 11:00:00,Daily,Average,National currency (former currencies of the euro area countries),Italian lira,1998-02-03,1951.01,,
ESTAT:ERT_H_EUR_D(1.0),08/01/26 11:00:00,Daily,Average,National currency (former currencies of the euro area countries),Italian lira,1998-02-04,1951.68,,
ESTAT:ERT_H_EUR_D(1.0),08/01/26 11:00:00,Daily,Average,National currency (former currencies of the euro area countries),Italian lira,1998-02-05,1949.18,,
ESTAT:ERT_H_EUR_D(1.0),08/01/26 11:00:00,Daily,Average,National currency (former currencies of the euro area countries),Italian lira,1998-02-06,1949.46,,
ESTAT:ERT_H_EUR_D(1.0),08/01/26 11:00:00,Daily,Average,National currency (former currencies of the euro area countries),Italian lira,1998-02-09,1950.29,,
ESTAT:ERT_H_EUR_D(1.0),08/01/26 11:00:00,Daily,Average,National currency (former currencies of the euro area countries),Italian lira,1998-02-10,1948.54,,
ESTAT:ERT_H_EUR_D(1.0),08/01/26 11:00:00,Daily,Average,National currency (former currencies of the euro area countries),Italian lira,1998-02-11,1949.18,,
ESTAT:ERT_H_EUR_D(1.0),08/01/26 11:00:00,Daily,Average,National currency (former currencies of the euro area countries),Italian lira,1998-02-12,1949.32,,
ESTAT:ERT_H_EUR_D(1.0),08/01/26 11:00:00,Daily,Average,National currency (former currencies of the euro area countries),Italian lira,1998-02-13,1950.64,,
ESTAT:ERT_H_EUR_D(1.0),08/01/26 11:00:00,Daily,Average,National currency (former currencies of the euro area countries),Italian lira,1998-02-16,1949.43,,
ESTAT:ERT_H_EUR_D(1.0),08/01/26 11:00:00,Daily,Average,National currency (former currencies of the euro area countries),Italian lira,1998-02-17,1948.58,,
ESTAT:ERT_H_EUR_D(1.0),08/01/26 11:00:00,Daily,Average,National currency (former currencies of the euro area countries),Italian lira,1998-02-18,1948.40,,
ESTAT:ERT_H_EUR_D(1.0),08/01/26 11:00:00,Daily,Average,National currency (former currencies of the euro area countries),Italian lira,1998-02-19,1947.35,,
ESTAT:ERT_H_EUR_D(1.0),08/01/26 11:00:00,Daily,Average,National currency (former currencies of the euro area countries),Italian lira,1998-02-20,1948.14,,
ESTAT:ERT_H_EUR_D(1.0),08/01/26 11:00:00,Daily,Average,National currency (former currencies of the euro area countries),Italian lira,1998-02-23,1947.80,,
ESTAT:ERT_H_EUR_D(1.0),08/01/26 11:00:00,Daily,Average,National currency (former currencies of the euro area countries),Italian lira,1998-02-24,1948.43,,
ESTAT:ERT_H_EUR_D(1.0),08/01/26 11:00:00,Daily,Average,National currency (former currencies of the euro area countries),Italian lira,1998-02-25,1949.62,,
ESTAT:ERT_H_EUR_D(1.0),08/01/26 11:00:00,Daily,Average,National currency (former currencies of the euro area countries),Italian lira,1998-02-26,1948.38,,
ESTAT:ERT_H_EUR_D(1.0),08/01/26 11:00:00,Daily,Average,National currency (former currencies of the euro area countries),Italian lira,1998-02-27,1947.16,,
ESTAT:ERT_H_EUR_D(1.0),08/01/26 11:00:00,Daily,Average,National currency (former currencies of the euro area countries),Italian lira,1998-03-02,1946.47,,
ESTAT:ERT_H_EUR_D(1.0),08/01/26 11:00:00,Daily,Average,National currency (former currencies of the euro area countries),Italian lira,1998-03-03,1945.38,,
ESTAT:ERT_H_EUR_D(1.0),08/01/26 11:00:00,Daily,Average,National currency (former currencies of the euro area countries),Italian lira,1998-03-04,1945.65,,
ESTAT:ERT_H_EUR_D(1.0),08/01/26 11:00:00,Daily,Average,National currency (former currencies of the euro area countries),Italian lira,1998-03-05,1945.09,,
ESTAT:ERT_H_EUR_D(1.0),08/01/26 11:00:00,Daily,Average,National currency (former currencies of the euro area countries),Italian lira,1998-03-06,1944.02,,
ESTAT:ERT_H_EUR_D(1.0),08/01/26 11:00:00,Daily,Average,National currency (former currencies of the euro area countries),Italian lira,1998-03-09,1944.79,,
ESTAT:ERT_H_EUR_D(1.0),08/01/26 11:00:00,Daily,Average,National currency (former currencies of the euro area countries),Italian lira,1998-03-10,1945.52,,
ESTAT:ERT_H_EUR_D(1.0),08/01/26 11:00:00,Daily,Average,National currency (former currencies of the euro area countries),Italian lira,1998-03-11,1947.50,,
ESTAT:ERT_H_EUR_D(1.0),08/01/26 11:00:00,Daily,Average,National currency (former currencies of the euro area countries),Italian lira,1998-03-12,1948.49,,
ESTAT:ERT_H_EUR_D(1.0),08/01/26 11:00:00,Daily,Average,National currency (former currencies of the euro area countries),Italian lira,1998-03-13,1950.10,,
ESTAT:ERT_H_EUR_D(1.0),08/01/26 11:00:00,Daily,Average,National currency (former currencies of the euro area countries),Italian lira,1998-03-16,1949.70,,
ESTAT:ERT_H_EUR_D(1.0),08/01/26 11:00:00,Daily,Average,National currency (former currencies of the euro area countries),Italian lira,1998-03-17,1950.53,,
ESTAT:ERT_H_EUR_D(1.0),08/01/26 11:00:00,Daily,Average,National currency (former currencies of the euro area countries),Italian lira,1998-03-18,1951.81,,
ESTAT:ERT_H_EUR_D(1.0),08/01/26 11:00:00,Daily,Average,National currency (former currencies of the euro area countries),Italian lira,1998-03-19,1951.52,,
ESTAT:ERT_H_EUR_D(1.0),08/01/26 11:00:00,Daily,Average,National currency (former currencies of the euro area countries),Italian lira,1998-03-20,1948.32,,
ESTAT:ERT_H_EUR_D(1.0),08/01/26 11:00:00,Daily,Average,National currency (former currencies of the euro area countries),Italian lira,1998-03-23,1952.31,,
ESTAT:ERT_H_EUR_D(1.0),08/01/26 11:00:00,Daily,Average,National currency (former currencies of the euro area countries),Italian lira,1998-03-24,1952.09,,
ESTAT:ERT_H_EUR_D(1.0),08/01/26 11:00:00,Daily,Average,National currency (former currencies of the euro area countries),Italian lira,1998-03-25,1953.19,,
ESTAT:ERT_H_EUR_D(1.0),08/01/26 11:00:00,Daily,Average,National currency (former currencies of the euro area countries),Italian lira,1998-03-26,1954.23,,
ESTAT:ERT_H_EUR_D(1.0),08/01/26 11:00:00,Daily,Average,National currency (former currencies of the euro area countries),Italian lira,1998-03-27,1956.40,,
ESTAT:ERT_H_EUR_D(1.0),08/01/26 11:00:00,Daily,Average,National currency (former currencies of the euro area countries),Italian lira,1998-03-30,1956.78,,
ESTAT:ERT_H_EUR_D(1.0),08/01/26 11:00:00,Daily,Average,National currency (former currencies of the euro area countries),Italian lira,1998-03-31,1958.04,,
ESTAT:ERT_H_EUR_D(1.0),08/01/26 11:00:00,Daily,Average,National currency (former currencies of the euro area countries),Italian lira,1998-04-01,1957.30,,
ESTAT:ERT_H_EUR_D(1.0),08/01/26 11:00:00,Daily,Average,National currency (former currencies of the euro area countries),Italian lira,1998-04-02,1956.80,,
ESTAT:ERT_H_EUR_D(1.0),08/01/26 11:00:00,Daily,Average,National currency (former currencies of the euro area countries),Italian lira,1998-04-03,1956.39,,
ESTAT:ERT_H_EUR_D(1.0),08/01/26 11:00:00,Daily,Average,National currency (former currencies of the euro area countries),Italian lira,1998-04-06,1955.19,,
ESTAT:ERT_H_EUR_D(1.0),08/01/26 11:00:00,Daily,Average,National currency (former currencies of the euro area countries),Italian lira,1998-04-07,1956.50,,
ESTAT:ERT_H_EUR_D(1.0),08/01/26 11:00:00,Daily,Average,National currency (former currencies of the euro area countries),Italian lira,1998-04-08,1956.62,,
ESTAT:ERT_H_EUR_D(1.0),08/01/26 11:00:00,Daily,Average,National currency (former currencies of the euro area countries),Italian lira,1998-04-09,1955.73,,
ESTAT:ERT_H_EUR_D(1.0),08/01/26 11:00:00,Daily,Average,National currency (former currencies of the euro area countries),Italian lira,1998-04-14,1956.87,,
ESTAT:ERT_H_EUR_D(1.0),08/01/26 11:00:00,Daily,Average,National currency (former currencies of the euro area countries),Italian lira,1998-04-15,1957.43,,
ESTAT:ERT_H_EUR_D(1.0),08/01/26 11:00:00,Daily,Average,National currency (former currencies of the euro area countries),Italian lira,1998-04-16,1957.66,,
ESTAT:ERT_H_EUR_D(1.0),08/01/26 11:00:00,Daily,Average,National currency (former currencies of the euro area countries),Italian lira,1998-04-17,1957.41,,
ESTAT:ERT_H_EUR_D(1.0),08/01/26 11:00:00,Daily,Average,National currency (former currencies of the euro area countries),Italian lira,1998-04-20,1956.24,,
ESTAT:ERT_H_EUR_D(1.0),08/01/26 11:00:00,Daily,Average,National currency (former currencies of the euro area countries),Italian lira,1998-04-21,1955.23,,
ESTAT:ERT_H_EUR_D(1.0),08/01/26 11:00:00,Daily,Average,National currency (former currencies of the euro area countries),Italian lira,1998-04-22,1954.13,,
ESTAT:ERT_H_EUR_D(1.0),08/01/26 11:00:00,Daily,Average,National currency (former currencies of the euro area countries),Italian lira,1998-04-23,1951.66,,
ESTAT:ERT_H_EUR_D(1.0),08/01/26 11:00:00,Daily,Average,National currency (former currencies of the euro area countries),Italian lira,1998-04-24,1953.04,,
ESTAT:ERT_H_EUR_D(1.0),08/01/26 11:00:00,Daily,Average,National currency (former currencies of the euro area countries),Italian lira,1998-04-27,1952.72,,
ESTAT:ERT_H_EUR_D(1.0),08/01/26 11:00:00,Daily,Average,National currency (former currencies of the euro area countries),Italian lira,1998-04-28,1952.96,,
ESTAT:ERT_H_EUR_D(1.0),08/01/26 11:00:00,Daily,Average,National currency (former currencies of the euro area countries),Italian lira,1998-04-29,1952.54,,
ESTAT:ERT_H_EUR_D(1.0),08/01/26 11:00:00,Daily,Average,National currency (former currencies of the euro area countries),Italian lira,1998-04-30,1951.01,,
ESTAT:ERT_H_EUR_D(1.0),08/01/26 11:00:00,Daily,Average,National currency (former currencies of the euro area countries),Italian lira,1998-05-04,1948.13,,
ESTAT:ERT_H_EUR_D(1.0),08/01/26 11:00:00,Daily,Average,National currency (former currencies of the euro area countries),Italian lira,1998-05-05,1944.98,,
ESTAT:ERT_H_EUR_D(1.0),08/01/26 11:00:00,Daily,Average,National currency (former currencies of the euro area countries),Italian lira,1998-05-06,1944.66,,
ESTAT:ERT_H_EUR_D(1.0),08/01/26 11:00:00,Daily,Average,National currency (former currencies of the euro area countries),Italian lira,1998-05-07,1942.75,,
ESTAT:ERT_H_EUR_D(1.0),08/01/26 11:00:00,Daily,Average,National currency (former currencies of the euro area countries),Italian lira,1998-05-08,1941.52,,
ESTAT:ERT_H_EUR_D(1.0),08/01/26 11:00:00,Daily,Average,National currency (former currencies of the euro area countries),Italian lira,1998-05-11,1940.97,,
ESTAT:ERT_H_EUR_D(1.0),08/01/26 11:00:00,Daily,Average,National currency (former currencies of the euro area countries),Italian lira,1998-05-12,1939.87,,
ESTAT:ERT_H_EUR_D(1.0),08/01/26 11:00:00,Daily,Average,National currency (former currencies of the euro area countries),Italian lira,1998-05-13,1941.61,,
ESTAT:ERT_H_EUR_D(1.0),08/01/26 11:00:00,Daily,Average,National currency (former currencies of the euro area countries),Italian lira,1998-05-14,1938.94,,
ESTAT:ERT_H_EUR_D(1.0),08/01/26 11:00:00,Daily,Average,National currency (former currencies of the euro area countries),Italian lira,1998-05-15,1940.69,,
ESTAT:ERT_H_EUR_D(1.0),08/01/26 11:00:00,Daily,Average,National currency (former currencies of the euro area countries),Italian lira,1998-05-18,1940.34,,
ESTAT:ERT_H_EUR_D(1.0),08/01/26 11:00:00,Daily,Average,National currency (former currencies of the euro area countries),Italian lira,1998-05-19,1940.25,,
ESTAT:ERT_H_EUR_D(1.0),08/01/26 11:00:00,Daily,Average,National currency (former currencies of the euro area countries),Italian lira,1998-05-20,1939.89,,
ESTAT:ERT_H_EUR_D(1.0),08/01/26 11:00:00,Daily,Average,National currency (former currencies of the euro area countries),Italian lira,1998-05-22,1938.33,,
ESTAT:ERT_H_EUR_D(1.0),08/01/26 11:00:00,Daily,Average,National currency (former currencies of the euro area countries),Italian lira,1998-05-25,1938.34,,
ESTAT:ERT_H_EUR_D(1.0),08/01/26 11:00:00,Daily,Average,National currency (former currencies of the euro area countries),Italian lira,1998-05-26,1939.97,,
ESTAT:ERT_H_EUR_D(1.0),08/01/26 11:00:00,Daily,Average,National currency (former currencies of the euro area countries),Italian lira,1998-05-27,1939.32,,
ESTAT:ERT_H_EUR_D(1.0),08/01/26 11:00:00,Daily,Average,National currency (former currencies of the euro area countries),Italian lira,1998-05-28,1939.55,,
ESTAT:ERT_H_EUR_D(1.0),08/01/26 11:00:00,Daily,Average,National currency (former currencies of the euro area countries),Italian lira,1998-05-29,1940.34,,
ESTAT:ERT_H_EUR_D(1.0),08/01/26 11:00:00,Daily,Average,National currency (former currencies of the euro area countries),Italian lira,1998-06-02,1941.09,,
ESTAT:ERT_H_EUR_D(1.0),08/01/26 11:00:00,Daily,Average,National currency (former currencies of the euro area countries),Italian lira,1998-06-03,1939.32,,
ESTAT:ERT_H_EUR_D(1.0),08/01/26 11:00:00,Daily,Average,National currency (former currencies of the euro area countries),Italian lira,1998-06-04,1940.05,,
ESTAT:ERT_H_EUR_D(1.0),08/01/26 11:00:00,Daily,Average,National currency (former currencies of the euro area countries),Italian lira,1998-06-05,1938.69,,
ESTAT:ERT_H_EUR_D(1.0),08/01/26 11:00:00,Daily,Average,National currency (former currencies of the euro area countries),Italian lira,1998-06-08,1939.12,,
ESTAT:ERT_H_EUR_D(1.0),08/01/26 11:00:00,Daily,Average,National currency (former currencies of the euro area countries),Italian lira,1998-06-09,1939.29,,
ESTAT:ERT_H_EUR_D(1.0),08/01/26 11:00:00,Daily,Average,National currency (former currencies of the euro area countries),Italian lira,1998-06-10,1940.71,,
ESTAT:ERT_H_EUR_D(1.0),08/01/26 11:00:00,Daily,Average,National currency (former currencies of the euro area countries),Italian lira,1998-06-11,1942.55,,
ESTAT:ERT_H_EUR_D(1.0),08/01/26 11:00:00,Daily,Average,National currency (former currencies of the euro area countries),Italian lira,1998-06-12,1943.54,,
ESTAT:ERT_H_EUR_D(1.0),08/01/26 11:00:00,Daily,Average,National currency (former currencies of the euro area countries),Italian lira,1998-06-15,1944.46,,
ESTAT:ERT_H_EUR_D(1.0),08/01/26 11:00:00,Daily,Average,National currency (former currencies of the euro area countries),Italian lira,1998-06-16,1944.10,,
ESTAT:ERT_H_EUR_D(1.0),08/01/26 11:00:00,Daily,Average,National currency (former currencies of the euro area countries),Italian lira,1998-06-17,1943.84,,
ESTAT:ERT_H_EUR_D(1.0),08/01/26 11:00:00,Daily,Average,National currency (former currencies of the euro area countries),Italian lira,1998-06-18,1947.01,,
ESTAT:ERT_H_EUR_D(1.0),08/01/26 11:00:00,Daily,Average,National currency (former currencies of the euro area countries),Italian lira,1998-06-19,1947.43,,
ESTAT:ERT_H_EUR_D(1.0),08/01/26 11:00:00,Daily,Average,National currency (former currencies of the euro area countries),Italian lira,1998-06-22,1947.29,,
ESTAT:ERT_H_EUR_D(1.0),08/01/26 11:00:00,Daily,Average,National currency (former currencies of the euro area countries),Italian lira,1998-06-23,1947.76,,
ESTAT:ERT_H_EUR_D(1.0),08/01/26 11:00:00,Daily,Average,National currency (former currencies of the euro area countries),Italian lira,1998-06-24,1948.73,,
ESTAT:ERT_H_EUR_D(1.0),08/01/26 11:00:00,Daily,Average,National currency (former currencies of the euro area countries),Italian lira,1998-06-25,1947.41,,
ESTAT:ERT_H_EUR_D(1.0),08/01/26 11:00:00,Daily,Average,National currency (former currencies of the euro area countries),Italian lira,1998-06-26,1948.73,,
ESTAT:ERT_H_EUR_D(1.0),08/01/26 11:00:00,Daily,Average,National currency (former currencies of the euro area countries),Italian lira,1998-06-29,1949.55,,
ESTAT:ERT_H_EUR_D(1.0),08/01/26 11:00:00,Daily,Average,National currency (former currencies of the euro area countries),Italian lira,1998-06-30,1948.78,,
ESTAT:ERT_H_EUR_D(1.0),08/01/26 11:00:00,Daily,Average,National currency (former currencies of the euro area countries),Italian lira,1998-07-01,1949.02,,
ESTAT:ERT_H_EUR_D(1.0),08/01/26 11:00:00,Daily,Average,National currency (former currencies of the euro area countries),Italian lira,1998-07-02,1949.87,,
ESTAT:ERT_H_EUR_D(1.0),08/01/26 11:00:00,Daily,Average,National currency (former currencies of the euro area countries),Italian lira,1998-07-03,1947.92,,
ESTAT:ERT_H_EUR_D(1.0),08/01/26 11:00:00,Daily,Average,National currency (former currencies of the euro area countries),Italian lira,1998-07-06,1946.18,,
ESTAT:ERT_H_EUR_D(1.0),08/01/26 11:00:00,Daily,Average,National currency (former currencies of the euro area countries),Italian lira,1998-07-07,1945.29,,
ESTAT:ERT_H_EUR_D(1.0),08/01/26 11:00:00,Daily,Average,National currency (former currencies of the euro area countries),Italian lira,1998-07-08,1946.17,,
ESTAT:ERT_H_EUR_D(1.0),08/01/26 11:00:00,Daily,Average,National currency (former currencies of the euro area countries),Italian lira,1998-07-09,1947.12,,
ESTAT:ERT_H_EUR_D(1.0),08/01/26 11:00:00,Daily,Average,National currency (former currencies of the euro area countries),Italian lira,1998-07-10,1946.10,,
ESTAT:ERT_H_EUR_D(1.0),08/01/26 11:00:00,Daily,Average,National currency (former currencies of the euro area countries),Italian lira,1998-07-13,1946.28,,
ESTAT:ERT_H_EUR_D(1.0),08/01/26 11:00:00,Daily,Average,National currency (former currencies of the euro area countries),Italian lira,1998-07-14,1945.22,,
ESTAT:ERT_H_EUR_D(1.0),08/01/26 11:00:00,Daily,Average,National currency (former currencies of the euro area countries),Italian lira,1998-07-15,1945.30,,
ESTAT:ERT_H_EUR_D(1.0),08/01/26 11:00:00,Daily,Average,National currency (former currencies of the euro area countries),Italian lira,1998-07-16,1943.51,,
ESTAT:ERT_H_EUR_D(1.0),08/01/26 11:00:00,Daily,Average,National currency (former currencies of the euro area countries),Italian lira,1998-07-17,1943.93,,
ESTAT:ERT_H_EUR_D(1.0),08/01/26 11:00:00,Daily,Average,National currency (former currencies of the euro area countries),Italian lira,1998-07-20,1944.03,,
ESTAT:ERT_H_EUR_D(1.0),08/01/26 11:00:00,Daily,Average,National currency (former currencies of the euro area countries),Italian lira,1998-07-21,1945.19,,
ESTAT:ERT_H_EUR_D(1.0),08/01/26 11:00:00,Daily,Average,National currency (former currencies of the euro area countries),Italian lira,1998-07-22,1944.50,,
ESTAT:ERT_H_EUR_D(1.0),08/01/26 11:00:00,Daily,Average,National currency (former currencies of the euro area countries),Italian lira,1998-07-23,1945.45,,
ESTAT:ERT_H_EUR_D(1.0),08/01/26 11:00:00,Daily,Average,National currency (former currencies of the euro area countries),Italian lira,1998-07-24,1945.84,,
ESTAT:ERT_H_EUR_D(1.0),08/01/26 11:00:00,Daily,Average,National currency (former currencies of the euro area countries),Italian lira,1998-07-27,1946.04,,
ESTAT:ERT_H_EUR_D(1.0),08/01/26 11:00:00,Daily,Average,National currency (former currencies of the euro area countries),Italian lira,1998-07-28,1945.01,,
ESTAT:ERT_H_EUR_D(1.0),08/01/26 11:00:00,Daily,Average,National currency (former currencies of the euro area countries),Italian lira,1998-07-29,1942.94,,
ESTAT:ERT_H_EUR_D(1.0),08/01/26 11:00:00,Daily,Average,National currency (former currencies of the euro area countries),Italian lira,1998-07-30,1942.19,,
ESTAT:ERT_H_EUR_D(1.0),08/01/26 11:00:00,Daily,Average,National currency (former currencies of the euro area countries),Italian lira,1998-07-31,1942.87,,
ESTAT:ERT_H_EUR_D(1.0),08/01/26 11:00:00,Daily,Average,National currency (former currencies of the euro area countries),Italian lira,1998-08-03,1941.83,,
ESTAT:ERT_H_EUR_D(1.0),08/01/26 11:00:00,Daily,Average,National currency (former currencies of the euro area countries),Italian lira,1998-08-04,1942.43,,
ESTAT:ERT_H_EUR_D(1.0),08/01/26 11:00:00,Daily,Average,National currency (former currencies of the euro area countries),Italian lira,1998-08-05,1941.90,,
ESTAT:ERT_H_EUR_D(1.0),08/01/26 11:00:00,Daily,Average,National currency (former currencies of the euro area countries),Italian lira,1998-08-06,1940.86,,
ESTAT:ERT_H_EUR_D(1.0),08/01/26 11:00:00,Daily,Average,National currency (former currencies of the euro area countries),Italian lira,1998-08-07,1941.50,,
ESTAT:ERT_H_EUR_D(1.0),08/01/26 11:00:00,Daily,Average,National currency (former currencies of the euro area countries),Italian lira,1998-08-10,1942.02,,
ESTAT:ERT_H_EUR_D(1.0),08/01/26 11:00:00,Daily,Average,National currency (former currencies of the euro area countries),Italian lira,1998-08-11,1943.07,,
ESTAT:ERT_H_EUR_D(1.0),08/01/26 11:00:00,Daily,Average,National currency (former currencies of the euro area countries),Italian lira,1998-08-12,1940.58,,
ESTAT:ERT_H_EUR_D(1.0),08/01/26 11:00:00,Daily,Average,National currency (former currencies of the euro area countries),Italian lira,1998-08-13,1941.76,,
ESTAT:ERT_H_EUR_D(1.0),08/01/26 11:00:00,Daily,Average,National currency (former currencies of the euro area countries),Italian lira,1998-08-14,1942.30,,
ESTAT:ERT_H_EUR_D(1.0),08/01/26 11:00:00,Daily,Average,National currency (former currencies of the euro area countries),Italian lira,1998-08-17,1941.52,,
ESTAT:ERT_H_EUR_D(1.0),08/01/26 11:00:00,Daily,Average,National currency (former currencies of the euro area countries),Italian lira,1998-08-18,1941.54,,
ESTAT:ERT_H_EUR_D(1.0),08/01/26 11:00:00,Daily,Average,National currency (former currencies of the euro area countries),Italian lira,1998-08-19,1943.09,,
ESTAT:ERT_H_EUR_D(1.0),08/01/26 11:00:00,Daily,Average,National currency (former currencies of the euro area countries),Italian lira,1998-08-20,1943.55,,
ESTAT:ERT_H_EUR_D(1.0),08/01/26 11:00:00,Daily,Average,National currency (former currencies of the euro area countries),Italian lira,1998-08-21,1945.04,,
ESTAT:ERT_H_EUR_D(1.0),08/01/26 11:00:00,Daily,Average,National currency (former currencies of the euro area countries),Italian lira,1998-08-24,1944.87,,
ESTAT:ERT_H_EUR_D(1.0),08/01/26 11:00:00,Daily,Average,National currency (former currencies of the euro area countries),Italian lira,1998-08-25,1944.99,,
ESTAT:ERT_H_EUR_D(1.0),08/01/26 11:00:00,Daily,Average,National currency (former currencies of the euro area countries),Italian lira,1998-08-26,1946.13,,
ESTAT:ERT_H_EUR_D(1.0),08/01/26 11:00:00,Daily,Average,National currency (former currencies of the euro area countries),Italian lira,1998-08-27,1949.84,,
ESTAT:ERT_H_EUR_D(1.0),08/01/26 11:00:00,Daily,Average,National currency (former currencies of the euro area countries),Italian lira,1998-08-28,1947.60,,
ESTAT:ERT_H_EUR_D(1.0),08/01/26 11:00:00,Daily,Average,National currency (former currencies of the euro area countries),Italian lira,1998-08-31,1948.15,,
ESTAT:ERT_H_EUR_D(1.0),08/01/26 11:00:00,Daily,Average,National currency (former currencies of the euro area countries),Italian lira,1998-09-01,1947.16,,
ESTAT:ERT_H_EUR_D(1.0),08/01/26 11:00:00,Daily,Average,National currency (former currencies of the euro area countries),Italian lira,1998-09-02,1945.10,,
ESTAT:ERT_H_EUR_D(1.0),08/01/26 11:00:00,Daily,Average,National currency (former currencies of the euro area countries),Italian lira,1998-09-03,1943.39,,
ESTAT:ERT_H_EUR_D(1.0),08/01/26 11:00:00,Daily,Average,National currency (former currencies of the euro area countries),Italian lira,1998-09-04,1942.80,,
ESTAT:ERT_H_EUR_D(1.0),08/01/26 11:00:00,Daily,Average,National currency (former currencies of the euro area countries),Italian lira,1998-09-07,1940.52,,
ESTAT:ERT_H_EUR_D(1.0),08/01/26 11:00:00,Daily,Average,National currency (former currencies of the euro area countries),Italian lira,1998-09-08,1939.31,,
ESTAT:ERT_H_EUR_D(1.0),08/01/26 11:00:00,Daily,Average,National currency (former currencies of the euro area countries),Italian lira,1998-09-09,1940.14,,
ESTAT:ERT_H_EUR_D(1.0),08/01/26 11:00:00,Daily,Average,National currency (former currencies of the euro area countries),Italian lira,1998-09-10,1937.86,,
ESTAT:ERT_H_EUR_D(1.0),08/01/26 11:00:00,Daily,Average,National currency (former currencies of the euro area countries),Italian lira,1998-09-11,1938.72,,
ESTAT:ERT_H_EUR_D(1.0),08/01/26 11:00:00,Daily,Average,National currency (former currencies of the euro area countries),Italian lira,1998-09-14,1938.80,,
ESTAT:ERT_H_EUR_D(1.0),08/01/26 11:00:00,Daily,Average,National currency (former currencies of the euro area countries),Italian lira,1998-09-15,1937.26,,
ESTAT:ERT_H_EUR_D(1.0),08/01/26 11:00:00,Daily,Average,National currency (former currencies of the euro area countries),Italian lira,1998-09-16,1938.20,,
ESTAT:ERT_H_EUR_D(1.0),08/01/26 11:00:00,Daily,Average,National currency (former currencies of the euro area countries),Italian lira,1998-09-17,1938.76,,
ESTAT:ERT_H_EUR_D(1.0),08/01/26 11:00:00,Daily,Average,National currency (former currencies of the euro area countries),Italian lira,1998-09-18,1939.64,,
ESTAT:ERT_H_EUR_D(1.0),08/01/26 11:00:00,Daily,Average,National currency (former currencies of the euro area countries),Italian lira,1998-09-21,1938.52,,
ESTAT:ERT_H_EUR_D(1.0),08/01/26 11:00:00,Daily,Average,National currency (former currencies of the euro area countries),Italian lira,1998-09-22,1938.51,,
ESTAT:ERT_H_EUR_D(1.0),08/01/26 11:00:00,Daily,Average,National currency (former currencies of the euro area countries),Italian lira,1998-09-23,1939.11,,
ESTAT:ERT_H_EUR_D(1.0),08/01/26 11:00:00,Daily,Average,National currency (former currencies of the euro area countries),Italian lira,1998-09-24,1938.55,,
ESTAT:ERT_H_EUR_D(1.0),08/01/26 11:00:00,Daily,Average,National currency (former currencies of the euro area countries),Italian lira,1998-09-25,1939.85,,
ESTAT:ERT_H_EUR_D(1.0),08/01/26 11:00:00,Daily,Average,National currency (former currencies of the euro area countries),Italian lira,1998-09-28,1941.72,,
ESTAT:ERT_H_EUR_D(1.0),08/01/26 11:00:00,Daily,Average,National currency (former currencies of the euro area countries),Italian lira,1998-09-29,1942.00,,
ESTAT:ERT_H_EUR_D(1.0),08/01/26 11:00:00,Daily,Average,National currency (former currencies of the euro area countries),Italian lira,1998-09-30,1939.74,,
ESTAT:ERT_H_EUR_D(1.0),08/01/26 11:00:00,Daily,Average,National currency (former currencies of the euro area countries),Italian lira,1998-10-01,1937.27,,
ESTAT:ERT_H_EUR_D(1.0),08/01/26 11:00:00,Daily,Average,National currency (former currencies of the euro area countries),Italian lira,1998-10-02,1935.74,,
ESTAT:ERT_H_EUR_D(1.0),08/01/26 11:00:00,Daily,Average,National currency (former currencies of the euro area countries),Italian lira,1998-10-05,1933.99,,
ESTAT:ERT_H_EUR_D(1.0),08/01/26 11:00:00,Daily,Average,National currency (former currencies of the euro area countries),Italian lira,1998-10-06,1933.00,,
ESTAT:ERT_H_EUR_D(1.0),08/01/26 11:00:00,Daily,Average,National currency (former currencies of the euro area countries),Italian lira,1998-10-07,1930.80,,
ESTAT:ERT_H_EUR_D(1.0),08/01/26 11:00:00,Daily,Average,National currency (former currencies of the euro area countries),Italian lira,1998-10-08,1934.77,,
ESTAT:ERT_H_EUR_D(1.0),08/01/26 11:00:00,Daily,Average,National currency (former currencies of the euro area countries),Italian lira,1998-10-09,1937.70,,
ESTAT:ERT_H_EUR_D(1.0),08/01/26 11:00:00,Daily,Average,National currency (former currencies of the euro area countries),Italian lira,1998-10-12,1937.95,,
ESTAT:ERT_H_EUR_D(1.0),08/01/26 11:00:00,Daily,Average,National currency (former currencies of the euro area countries),Italian lira,1998-10-13,1938.08,,
ESTAT:ERT_H_EUR_D(1.0),08/01/26 11:00:00,Daily,Average,National currency (former currencies of the euro area countries),Italian lira,1998-10-14,1936.81,,
ESTAT:ERT_H_EUR_D(1.0),08/01/26 11:00:00,Daily,Average,National currency (former currencies of the euro area countries),Italian lira,1998-10-15,1935.37,,
ESTAT:ERT_H_EUR_D(1.0),08/01/26 11:00:00,Daily,Average,National currency (former currencies of the euro area countries),Italian lira,1998-10-16,1933.37,,
ESTAT:ERT_H_EUR_D(1.0),08/01/26 11:00:00,Daily,Average,National currency (former currencies of the euro area countries),Italian lira,1998-10-19,1934.21,,
ESTAT:ERT_H_EUR_D(1.0),08/01/26 11:00:00,Daily,Average,National currency (former currencies of the euro area countries),Italian lira,1998-10-20,1936.23,,
ESTAT:ERT_H_EUR_D(1.0),08/01/26 11:00:00,Daily,Average,National currency (former currencies of the euro area countries),Italian lira,1998-10-21,1937.25,,
ESTAT:ERT_H_EUR_D(1.0),08/01/26 11:00:00,Daily,Average,National currency (former currencies of the euro area countries),Italian lira,1998-10-22,1936.56,,
ESTAT:ERT_H_EUR_D(1.0),08/01/26 11:00:00,Daily,Average,National currency (former currencies of the euro area countries),Italian lira,1998-10-23,1936.16,,
ESTAT:ERT_H_EUR_D(1.0),08/01/26 11:00:00,Daily,Average,National currency (former currencies of the euro area countries),Italian lira,1998-10-26,1935.38,,
ESTAT:ERT_H_EUR_D(1.0),08/01/26 11:00:00,Daily,Average,National currency (former currencies of the euro area countries),Italian lira,1998-10-27,1934.21,,
ESTAT:ERT_H_EUR_D(1.0),08/01/26 11:00:00,Daily,Average,National currency (former currencies of the euro area countries),Italian lira,1998-10-28,1934.38,,
ESTAT:ERT_H_EUR_D(1.0),08/01/26 11:00:00,Daily,Average,National currency (former currencies of the euro area countries),Italian lira,1998-10-29,1934.45,,
ESTAT:ERT_H_EUR_D(1.0),08/01/26 11:00:00,Daily,Average,National currency (former currencies of the euro area countries),Italian lira,1998-10-30,1934.99,,
ESTAT:ERT_H_EUR_D(1.0),08/01/26 11:00:00,Daily,Average,National currency (former currencies of the euro area countries),Italian lira,1998-11-02,1933.67,,
ESTAT:ERT_H_EUR_D(1.0),08/01/26 11:00:00,Daily,Average,National currency (former currencies of the euro area countries),Italian lira,1998-11-03,1933.48,,
ESTAT:ERT_H_EUR_D(1.0),08/01/26 11:00:00,Daily,Average,National currency (former currencies of the euro area countries),Italian lira,1998-11-04,1934.25,,
ESTAT:ERT_H_EUR_D(1.0),08/01/26 11:00:00,Daily,Average,National currency (former currencies of the euro area countries),Italian lira,1998-11-05,1932.92,,
ESTAT:ERT_H_EUR_D(1.0),08/01/26 11:00:00,Daily,Average,National currency (former currencies of the euro area countries),Italian lira,1998-11-06,1933.74,,
ESTAT:ERT_H_EUR_D(1.0),08/01/26 11:00:00,Daily,Average,National currency (former currencies of the euro area countries),Italian lira,1998-11-09,1936.86,,
ESTAT:ERT_H_EUR_D(1.0),08/01/26 11:00:00,Daily,Average,National currency (former currencies of the euro area countries),Italian lira,1998-11-10,1936.97,,
ESTAT:ERT_H_EUR_D(1.0),08/01/26 11:00:00,Daily,Average,National currency (former currencies of the euro area countries),Italian lira,1998-11-11,1937.11,,
ESTAT:ERT_H_EUR_D(1.0),08/01/26 11:00:00,Daily,Average,National currency (former currencies of the euro area countries),Italian lira,1998-11-12,1937.33,,
ESTAT:ERT_H_EUR_D(1.0),08/01/26 11:00:00,Daily,Average,National currency (former currencies of the euro area countries),Italian lira,1998-11-13,1938.93,,
ESTAT:ERT_H_EUR_D(1.0),08/01/26 11:00:00,Daily,Average,National currency (former currencies of the euro area countries),Italian lira,1998-11-16,1937.01,,
ESTAT:ERT_H_EUR_D(1.0),08/01/26 11:00:00,Daily,Average,National currency (former currencies of the euro area countries),Italian lira,1998-11-17,1937.89,,
ESTAT:ERT_H_EUR_D(1.0),08/01/26 11:00:00,Daily,Average,National currency (former currencies of the euro area countries),Italian lira,1998-11-18,1937.74,,
ESTAT:ERT_H_EUR_D(1.0),08/01/26 11:00:00,Daily,Average,National currency (former currencies of the euro area countries),Italian lira,1998-11-19,1938.59,,
ESTAT:ERT_H_EUR_D(1.0),08/01/26 11:00:00,Daily,Average,National currency (former currencies of the euro area countries),Italian lira,1998-11-20,1938.98,,
ESTAT:ERT_H_EUR_D(1.0),08/01/26 11:00:00,Daily,Average,National currency (former currencies of the euro area countries),Italian lira,1998-11-23,1940.93,,
ESTAT:ERT_H_EUR_D(1.0),08/01/26 11:00:00,Daily,Average,National currency (former currencies of the euro area countries),Italian lira,1998-11-24,1941.16,,
ESTAT:ERT_H_EUR_D(1.0),08/01/26 11:00:00,Daily,Average,National currency (former currencies of the euro area countries),Italian lira,1998-11-25,1941.47,,
ESTAT:ERT_H_EUR_D(1.0),08/01/26 11:00:00,Daily,Average,National currency (former currencies of the euro area countries),Italian lira,1998-11-26,1941.08,,
ESTAT:ERT_H_EUR_D(1.0),08/01/26 11:00:00,Daily,Average,National currency (former currencies of the euro area countries),Italian lira,1998-11-27,1940.78,,
ESTAT:ERT_H_EUR_D(1.0),08/01/26 11:00:00,Daily,Average,National currency (former currencies of the euro area countries),Italian lira,1998-11-30,1938.98,,
ESTAT:ERT_H_EUR_D(1.0),08/01/26 11:00:00,Daily,Average,National currency (former currencies of the euro area countries),Italian lira,1998-12-01,1937.08,,
ESTAT:ERT_H_EUR_D(1.0),08/01/26 11:00:00,Daily,Average,National currency (former currencies of the euro area countries),Italian lira,1998-12-02,1937.16,,
ESTAT:ERT_H_EUR_D(1.0),08/01/26 11:00:00,Daily,Average,National currency (former currencies of the euro area countries),Italian lira,1998-12-03,1938.42,,
ESTAT:ERT_H_EUR_D(1.0),08/01/26 11:00:00,Daily,Average,National currency (former currencies of the euro area countries),Italian lira,1998-12-04,1937.98,,
ESTAT:ERT_H_EUR_D(1.0),08/01/26 11:00:00,Daily,Average,National currency (former currencies of the euro area countries),Italian lira,1998-12-07,1937.15,,
ESTAT:ERT_H_EUR_D(1.0),08/01/26 11:00:00,Daily,Average,National currency (former currencies of the euro area countries),Italian lira,1998-12-08,1935.25,,
ESTAT:ERT_H_EUR_D(1.0),08/01/26 11:00:00,Daily,Average,National currency (former currencies of the euro area countries),Italian lira,1998-12-09,1936.18,,
ESTAT:ERT_H_EUR_D(1.0),08/01/26 11:00:00,Daily,Average,National currency (former currencies of the euro area countries),Italian lira,1998-12-10,1935.88,,
ESTAT:ERT_H_EUR_D(1.0),08/01/26 11:00:00,Daily,Average,National currency (former currencies of the euro area countries),Italian lira,1998-12-11,1936.72,,
ESTAT:ERT_H_EUR_D(1.0),08/01/26 11:00:00,Daily,Average,National currency (former currencies of the euro area countries),Italian lira,1998-12-14,1937.64,,
ESTAT:ERT_H_EUR_D(1.0),08/01/26 11:00:00,Daily,Average,National currency (former currencies of the euro area countries),Italian lira,1998-12-15,1938.81,,
ESTAT:ERT_H_EUR_D(1.0),08/01/26 11:00:00,Daily,Average,National currency (former currencies of the euro area countries),Italian lira,1998-12-16,1938.57,,
ESTAT:ERT_H_EUR_D(1.0),08/01/26 11:00:00,Daily,Average,National currency (former currencies of the euro area countries),Italian lira,1998-12-17,1938.27,,
ESTAT:ERT_H_EUR_D(1.0),08/01/26 11:00:00,Daily,Average,National currency (former currencies of the euro area countries),Italian lira,1998-12-18,1938.85,,
ESTAT:ERT_H_EUR_D(1.0),08/01/26 11:00:00,Daily,Average,National currency (former currencies of the euro area countries),Italian lira,1998-12-21,1939.94,,
ESTAT:ERT_H_EUR_D(1.0),08/01/26 11:00:00,Daily,Average,National currency (former currencies of the euro area countries),Italian lira,1998-12-22,1940.41,,
ESTAT:ERT_H_EUR_D(1.0),08/01/26 11:00:00,Daily,Average,National currency (former currencies of the euro area countries),Italian lira,1998-12-23,1939.93,,
ESTAT:ERT_H_EUR_D(1.0),08/01/26 11:00:00,Daily,Average,National currency (former currencies of the euro area countries),Italian lira,1998-12-24,1940.30,,
ESTAT:ERT_H_EUR_D(1.0),08/01/26 11:00:00,Daily,Average,National currency (former currencies of the euro area countries),Italian lira,1998-12-28,1940.67,,
ESTAT:ERT_H_EUR_D(1.0),08/01/26 11:00:00,Daily,Average,National currency (former currencies of the euro area countries),Italian lira,1998-12-29,1939.84,,
ESTAT:ERT_H_EUR_D(1.0),08/01/26 11:00:00,Daily,Average,National currency (former currencies of the euro area countries),Italian lira,1998-12-30,1937.90,,
ESTAT:ERT_H_EUR_D(1.0),08/01/26 11:00:00,Daily,Average,National currency (former currencies of the euro area countries),Italian lira,1998-12-31,1936.27,,
ESTAT:ERT_H_EUR_D(1.0),08/01/26 11:00:00,Daily,Average,National currency (former currencies of the euro area countries),Italian lira,1999-01-01,1936.27,,
ESTAT:ERT_H_EUR_D(1.0),08/01/26 11:00:00,Daily,Average,National currency (former currencies of the euro area countries),Italian lira,1999-01-04,1936.27,d,
ESTAT:ERT_H_EUR_D(1.0),08/01/26 11:00:00,Daily,Average,National currency (former currencies of the euro area countries),Italian lira,1999-01-05,1936.27,,
ESTAT:ERT_H_EUR_D(1.0),08/01/26 11:00:00,Daily,Average,National currency (former currencies of the euro area countries),Italian lira,1999-01-06,1936.27,,
ESTAT:ERT_H_EUR_D(1.0),08/01/26 11:00:00,Daily,Average,National currency (former currencies of the euro area countries),Italian lira,1999-01-07,1936.27,,
ESTAT:ERT_H_EUR_D(1.0),08/01/26 11:00:00,Daily,Average,National currency (former currencies of the euro area countries),Italian lira,1999-01-08,1936.27,,
ESTAT:ERT_H_EUR_D(1.0),08/01/26 11:00:00,Daily,Average,National currency (former currencies of the euro area countries),Italian lira,1999-01-11,1936.27,,
ESTAT:ERT_H_EUR_D(1.0),08/01/26 11:00:00,Daily,Average,National currency (former currencies of the euro area countries),Italian lira,1999-01-12,1936.27,,
ESTAT:ERT_H_EUR_D(1.0),08/01/26 11:00:00,Daily,Average,National currency (former currencies of the euro area countries),Italian lira,1999-01-13,1936.27,,
ESTAT:ERT_H_EUR_D(1.0),08/01/26 11:00:00,Daily,Average,National currency (former currencies of the euro area countries),Italian lira,1999-01-14,1936.27,,
ESTAT:ERT_H_EUR_D(1.0),08/01/26 11:00:00,Daily,Average,National currency (former currencies of the euro area countries),Italian lira,1999-01-15,1936.27,,
ESTAT:ERT_H_EUR_D(1.0),08/01/26 11:00:00,Daily,Average,National currency (former currencies of the euro area countries),Italian lira,1999-01-18,1936.27,,
ESTAT:ERT_H_EUR_D(1.0),08/01/26 11:00:00,Daily,Average,National currency (former currencies of the euro area countries),Italian lira,1999-01-19,1936.27,,
ESTAT:ERT_H_EUR_D(1.0),08/01/26 11:00:00,Daily,Average,National currency (former currencies of the euro area countries),Italian lira,1999-01-20,1936.27,,
ESTAT:ERT_H_EUR_D(1.0),08/01/26 11:00:00,Daily,Average,National currency (former currencies of the euro area countries),Italian lira,1999-01-21,1936.27,,
ESTAT:ERT_H_EUR_D(1.0),08/01/26 11:00:00,Daily,Average,National currency (former currencies of the euro area countries),Italian lira,1999-01-22,1936.27,,
ESTAT:ERT_H_EUR_D(1.0),08/01/26 11:00:00,Daily,Average,National currency (former currencies of the euro area countries),Italian lira,1999-01-25,1936.27,,
ESTAT:ERT_H_EUR_D(1.0),08/01/26 11:00:00,Daily,Average,National currency (former currencies of the euro area countries),Italian lira,1999-01-26,1936.27,,
ESTAT:ERT_H_EUR_D(1.0),08/01/26 11:00:00,Daily,Average,National currency (former currencies of the euro area countries),Italian lira,1999-01-27,1936.27,,
ESTAT:ERT_H_EUR_D(1.0),08/01/26 11:00:00,Daily,Average,National currency (former currencies of the euro area countries),Italian lira,1999-01-28,1936.27,,
ESTAT:ERT_H_EUR_D(1.0),08/01/26 11:00:00,Daily,Average,National currency (former currencies of the euro area countries),Italian lira,1999-01-29,1936.27,,
ESTAT:ERT_H_EUR_D(1.0),08/01/26 11:00:00,Daily,Average,National currency (former currencies of the euro area countries),Italian lira,1999-02-01,1936.27,,
ESTAT:ERT_H_EUR_D(1.0),08/01/26 11:00:00,Daily,Average,National currency (former currencies of the euro area countries),Italian lira,1999-02-02,1936.27,,
ESTAT:ERT_H_EUR_D(1.0),08/01/26 11:00:00,Daily,Average,National currency (former currencies of the euro area countries),Italian lira,1999-02-03,1936.27,,
ESTAT:ERT_H_EUR_D(1.0),08/01/26 11:00:00,Daily,Average,National currency (former currencies of the euro area countries),Italian lira,1999-02-04,1936.27,,
ESTAT:ERT_H_EUR_D(1.0),08/01/26 11:00:00,Daily,Average,National currency (former currencies of the euro area countries),Italian lira,1999-02-05,1936.27,,
ESTAT:ERT_H_EUR_D(1.0),08/01/26 11:00:00,Daily,Average,National currency (former currencies of the euro area countries),Italian lira,1999-02-08,1936.27,,
ESTAT:ERT_H_EUR_D(1.0),08/01/26 11:00:00,Daily,Average,National currency (former currencies of the euro area countries),Italian lira,1999-02-09,1936.27,,
ESTAT:ERT_H_EUR_D(1.0),08/01/26 11:00:00,Daily,Average,National currency (former currencies of the euro area countries),Italian lira,1999-02-10,1936.27,,
ESTAT:ERT_H_EUR_D(1.0),08/01/26 11:00:00,Daily,Average,National currency (former currencies of the euro area countries),Italian lira,1999-02-11,1936.27,,
ESTAT:ERT_H_EUR_D(1.0),08/01/26 11:00:00,Daily,Average,National currency (former currencies of the euro area countries),Italian lira,1999-02-12,1936.27,,
ESTAT:ERT_H_EUR_D(1.0),08/01/26 11:00:00,Daily,Average,National currency (former currencies of the euro area countries),Italian lira,1999-02-15,1936.27,,
ESTAT:ERT_H_EUR_D(1.0),08/01/26 11:00:00,Daily,Average,National currency (former currencies of the euro area countries),Italian lira,1999-02-16,1936.27,,
ESTAT:ERT_H_EUR_D(1.0),08/01/26 11:00:00,Daily,Average,National currency (former currencies of the euro area countries),Italian lira,1999-02-17,1936.27,,
ESTAT:ERT_H_EUR_D(1.0),08/01/26 11:00:00,Daily,Average,National currency (former currencies of the euro area countries),Italian lira,1999-02-18,1936.27,,
ESTAT:ERT_H_EUR_D(1.0),08/01/26 11:00:00,Daily,Average,National currency (former currencies of the euro area countries),Italian lira,1999-02-19,1936.27,,
ESTAT:ERT_H_EUR_D(1.0),08/01/26 11:00:00,Daily,Average,National currency (former currencies of the euro area countries),Italian lira,1999-02-22,1936.27,,
ESTAT:ERT_H_EUR_D(1.0),08/01/26 11:00:00,Daily,Average,National currency (former currencies of the euro area countries),Italian lira,1999-02-23,1936.27,,
ESTAT:ERT_H_EUR_D(1.0),08/01/26 11:00:00,Daily,Average,National currency (former currencies of the euro area countries),Italian lira,1999-02-24,1936.27,,
ESTAT:ERT_H_EUR_D(1.0),08/01/26 11:00:00,Daily,Average,National currency (former currencies of the euro area countries),Italian lira,1999-02-25,1936.27,,
ESTAT:ERT_H_EUR_D(1.0),08/01/26 11:00:00,Daily,Average,National currency (former currencies of the euro area countries),Italian lira,1999-02-26,1936.27,,
ESTAT:ERT_H_EUR_D(1.0),08/01/26 11:00:00,Daily,Average,National currency (former currencies of the euro area countries),Italian lira,1999-03-01,1936.27,,
ESTAT:ERT_H_EUR_D(1.0),08/01/26 11:00:00,Daily,Average,National currency (former currencies of the euro area countries),Italian lira,1999-03-02,1936.27,,
ESTAT:ERT_H_EUR_D(1.0),08/01/26 11:00:00,Daily,Average,National currency (former currencies of the euro area countries),Italian lira,1999-03-03,1936.27,,
ESTAT:ERT_H_EUR_D(1.0),08/01/26 11:00:00,Daily,Average,National currency (former currencies of the euro area countries),Italian lira,1999-03-04,1936.27,,
ESTAT:ERT_H_EUR_D(1.0),08/01/26 11:00:00,Daily,Average,National currency (former currencies of the euro area countries),Italian lira,1999-03-05,1936.27,,
ESTAT:ERT_H_EUR_D(1.0),08/01/26 11:00:00,Daily,Average,National currency (former currencies of the euro area countries),Italian lira,1999-03-08,1936.27,,
ESTAT:ERT_H_EUR_D(1.0),08/01/26 11:00:00,Daily,Average,National currency (former currencies of the euro area countries),Italian lira,1999-03-09,1936.27,,
ESTAT:ERT_H_EUR_D(1.0),08/01/26 11:00:00,Daily,Average,National currency (former currencies of the euro area countries),Italian lira,1999-03-10,1936.27,,
ESTAT:ERT_H_EUR_D(1.0),08/01/26 11:00:00,Daily,Average,National currency (former currencies of the euro area countries),Italian lira,1999-03-11,1936.27,,
ESTAT:ERT_H_EUR_D(1.0),08/01/26 11:00:00,Daily,Average,National currency (former currencies of the euro area countries),Italian lira,1999-03-12,1936.27,,
ESTAT:ERT_H_EUR_D(1.0),08/01/26 11:00:00,Daily,Average,National currency (former currencies of the euro area countries),Italian lira,1999-03-15,1936.27,,
ESTAT:ERT_H_EUR_D(1.0),08/01/26 11:00:00,Daily,Average,National currency (former currencies of the euro area countries),Italian lira,1999-03-16,1936.27,,
ESTAT:ERT_H_EUR_D(1.0),08/01/26 11:00:00,Daily,Average,National currency (former currencies of the euro area countries),Italian lira,1999-03-17,1936.27,,
ESTAT:ERT_H_EUR_D(1.0),08/01/26 11:00:00,Daily,Average,National currency (former currencies of the euro area countries),Italian lira,1999-03-18,1936.27,,
ESTAT:ERT_H_EUR_D(1.0),08/01/26 11:00:00,Daily,Average,National currency (former currencies of the euro area countries),Italian lira,1999-03-19,1936.27,,
ESTAT:ERT_H_EUR_D(1.0),08/01/26 11:00:00,Daily,Average,National currency (former currencies of the euro area countries),Italian lira,1999-03-22,1936.27,,
ESTAT:ERT_H_EUR_D(1.0),08/01/26 11:00:00,Daily,Average,National currency (former currencies of the euro area countries),Italian lira,1999-03-23,1936.27,,
ESTAT:ERT_H_EUR_D(1.0),08/01/26 11:00:00,Daily,Average,National currency (former currencies of the euro area countries),Italian lira,1999-03-24,1936.27,,
ESTAT:ERT_H_EUR_D(1.0),08/01/26 11:00:00,Daily,Average,National currency (former currencies of the euro area countries),Italian lira,1999-03-25,1936.27,,
ESTAT:ERT_H_EUR_D(1.0),08/01/26 11:00:00,Daily,Average,National currency (former currencies of the euro area countries),Italian lira,1999-03-26,1936.27,,
ESTAT:ERT_H_EUR_D(1.0),08/01/26 11:00:00,Daily,Average,National currency (former currencies of the euro area countries),Italian lira,1999-03-29,1936.27,,
ESTAT:ERT_H_EUR_D(1.0),08/01/26 11:00:00,Daily,Average,National currency (former currencies of the euro area countries),Italian lira,1999-03-30,1936.27,,
ESTAT:ERT_H_EUR_D(1.0),08/01/26 11:00:00,Daily,Average,National currency (former currencies of the euro area countries),Italian lira,1999-03-31,1936.27,,
ESTAT:ERT_H_EUR_D(1.0),08/01/26 11:00:00,Daily,Average,National currency (former currencies of the euro area countries),Italian lira,1999-04-01,1936.27,,
ESTAT:ERT_H_EUR_D(1.0),08/01/26 11:00:00,Daily,Average,National currency (former currencies of the euro area countries),Italian lira,1999-04-02,1936.27,,
ESTAT:ERT_H_EUR_D(1.0),08/01/26 11:00:00,Daily,Average,National currency (former currencies of the euro area countries),Italian lira,1999-04-05,1936.27,,
ESTAT:ERT_H_EUR_D(1.0),08/01/26 11:00:00,Daily,Average,National currency (former currencies of the euro area countries),Italian lira,1999-04-06,1936.27,,
ESTAT:ERT_H_EUR_D(1.0),08/01/26 11:00:00,Daily,Average,National currency (former currencies of the euro area countries),Italian lira,1999-04-07,1936.27,,
ESTAT:ERT_H_EUR_D(1.0),08/01/26 11:00:00,Daily,Average,National currency (former currencies of the euro area countries),Italian lira,1999-04-08,1936.27,,
ESTAT:ERT_H_EUR_D(1.0),08/01/26 11:00:00,Daily,Average,National currency (former currencies of the euro area countries),Italian lira,1999-04-09,1936.27,,
ESTAT:ERT_H_EUR_D(1.0),08/01/26 11:00:00,Daily,Average,National currency (former currencies of the euro area countries),Italian lira,1999-04-12,1936.27,,
ESTAT:ERT_H_EUR_D(1.0),08/01/26 11:00:00,Daily,Average,National currency (former currencies of the euro area countries),Italian lira,1999-04-13,1936.27,,
ESTAT:ERT_H_EUR_D(1.0),08/01/26 11:00:00,Daily,Average,National currency (former currencies of the euro area countries),Italian lira,1999-04-14,1936.27,,
ESTAT:ERT_H_EUR_D(1.0),08/01/26 11:00:00,Daily,Average,National currency (former currencies of the euro area countries),Italian lira,1999-04-15,1936.27,,
ESTAT:ERT_H_EUR_D(1.0),08/01/26 11:00:00,Daily,Average,National currency (former currencies of the euro area countries),Italian lira,1999-04-16,1936.27,,
ESTAT:ERT_H_EUR_D(1.0),08/01/26 11:00:00,Daily,Average,National currency (former currencies of the euro area countries),Italian lira,1999-04-19,1936.27,,
ESTAT:ERT_H_EUR_D(1.0),08/01/26 11:00:00,Daily,Average,National currency (former currencies of the euro area countries),Italian lira,1999-04-20,1936.27,,
ESTAT:ERT_H_EUR_D(1.0),08/01/26 11:00:00,Daily,Average,National currency (former currencies of the euro area countries),Italian lira,1999-04-21,1936.27,,
ESTAT:ERT_H_EUR_D(1.0),08/01/26 11:00:00,Daily,Average,National currency (former currencies of the euro area countries),Italian lira,1999-04-22,1936.27,,
ESTAT:ERT_H_EUR_D(1.0),08/01/26 11:00:00,Daily,Average,National currency (former currencies of the euro area countries),Italian lira,1999-04-23,1936.27,,
ESTAT:ERT_H_EUR_D(1.0),08/01/26 11:00:00,Daily,Average,National currency (former currencies of the euro area countries),Italian lira,1999-04-26,1936.27,,
ESTAT:ERT_H_EUR_D(1.0),08/01/26 11:00:00,Daily,Average,National currency (former currencies of the euro area countries),Italian lira,1999-04-27,1936.27,,
ESTAT:ERT_H_EUR_D(1.0),08/01/26 11:00:00,Daily,Average,National currency (former currencies of the euro area countries),Italian lira,1999-04-28,1936.27,,
ESTAT:ERT_H_EUR_D(1.0),08/01/26 11:00:00,Daily,Average,National currency (former currencies of the euro area countries),Italian lira,1999-04-29,1936.27,,
ESTAT:ERT_H_EUR_D(1.0),08/01/26 11:00:00,Daily,Average,National currency (former currencies of the euro area countries),Italian lira,1999-04-30,1936.27,,
ESTAT:ERT_H_EUR_D(1.0),08/01/26 11:00:00,Daily,Average,National currency (former currencies of the euro area countries),Italian lira,1999-05-03,1936.27,,
ESTAT:ERT_H_EUR_D(1.0),08/01/26 11:00:00,Daily,Average,National currency (former currencies of the euro area countries),Italian lira,1999-05-04,1936.27,,
ESTAT:ERT_H_EUR_D(1.0),08/01/26 11:00:00,Daily,Average,National currency (former currencies of the euro area countries),Italian lira,1999-05-05,1936.27,,
ESTAT:ERT_H_EUR_D(1.0),08/01/26 11:00:00,Daily,Average,National currency (former currencies of the euro area countries),Italian lira,1999-05-06,1936.27,,
ESTAT:ERT_H_EUR_D(1.0),08/01/26 11:00:00,Daily,Average,National currency (former currencies of the euro area countries),Italian lira,1999-05-07,1936.27,,
ESTAT:ERT_H_EUR_D(1.0),08/01/26 11:00:00,Daily,Average,National currency (former currencies of the euro area countries),Italian lira,1999-05-10,1936.27,,
ESTAT:ERT_H_EUR_D(1.0),08/01/26 11:00:00,Daily,Average,National currency (former currencies of the euro area countries),Italian lira,1999-05-11,1936.27,,
ESTAT:ERT_H_EUR_D(1.0),08/01/26 11:00:00,Daily,Average,National currency (former currencies of the euro area countries),Italian lira,1999-05-12,1936.27,,
ESTAT:ERT_H_EUR_D(1.0),08/01/26 11:00:00,Daily,Average,National currency (former currencies of the euro area countries),Italian lira,1999-05-13,1936.27,,
ESTAT:ERT_H_EUR_D(1.0),08/01/26 11:00:00,Daily,Average,National currency (former currencies of the euro area countries),Italian lira,1999-05-14,1936.27,,
ESTAT:ERT_H_EUR_D(1.0),08/01/26 11:00:00,Daily,Average,National currency (former currencies of the euro area countries),Italian lira,1999-05-17,1936.27,,
ESTAT:ERT_H_EUR_D(1.0),08/01/26 11:00:00,Daily,Average,National currency (former currencies of the euro area countries),Italian lira,1999-05-18,1936.27,,
ESTAT:ERT_H_EUR_D(1.0),08/01/26 11:00:00,Daily,Average,National currency (former currencies of the euro area countries),Italian lira,1999-05-19,1936.27,,
ESTAT:ERT_H_EUR_D(1.0),08/01/26 11:00:00,Daily,Average,National currency (former currencies of the euro area countries),Italian lira,1999-05-20,1936.27,,
ESTAT:ERT_H_EUR_D(1.0),08/01/26 11:00:00,Daily,Average,National currency (former currencies of the euro area countries),Italian lira,1999-05-21,1936.27,,
ESTAT:ERT_H_EUR_D(1.0),08/01/26 11:00:00,Daily,Average,National currency (former currencies of the euro area countries),Italian lira,1999-05-24,1936.27,,
ESTAT:ERT_H_EUR_D(1.0),08/01/26 11:00:00,Daily,Average,National currency (former currencies of the euro area countries),Italian lira,1999-05-25,1936.27,,
ESTAT:ERT_H_EUR_D(1.0),08/01/26 11:00:00,Daily,Average,National currency (former currencies of the euro area countries),Italian lira,1999-05-26,1936.27,,
ESTAT:ERT_H_EUR_D(1.0),08/01/26 11:00:00,Daily,Average,National currency (former currencies of the euro area countries),Italian lira,1999-05-27,1936.27,,
ESTAT:ERT_H_EUR_D(1.0),08/01/26 11:00:00,Daily,Average,National currency (former currencies of the euro area countries),Italian lira,1999-05-28,1936.27,,
ESTAT:ERT_H_EUR_D(1.0),08/01/26 11:00:00,Daily,Average,National currency (former currencies of the euro area countries),Italian lira,1999-05-31,1936.27,,
ESTAT:ERT_H_EUR_D(1.0),08/01/26 11:00:00,Daily,Average,National currency (former currencies of the euro area countries),Italian lira,1999-06-01,1936.27,,
ESTAT:ERT_H_EUR_D(1.0),08/01/26 11:00:00,Daily,Average,National currency (former currencies of the euro area countries),Italian lira,1999-06-02,1936.27,,
ESTAT:ERT_H_EUR_D(1.0),08/01/26 11:00:00,Daily,Average,National currency (former currencies of the euro area countries),Italian lira,1999-06-03,1936.27,,
ESTAT:ERT_H_EUR_D(1.0),08/01/26 11:00:00,Daily,Average,National currency (former currencies of the euro area countries),Italian lira,1999-06-04,1936.27,,
ESTAT:ERT_H_EUR_D(1.0),08/01/26 11:00:00,Daily,Average,National currency (former currencies of the euro area countries),Italian lira,1999-06-07,1936.27,,
ESTAT:ERT_H_EUR_D(1.0),08/01/26 11:00:00,Daily,Average,National currency (former currencies of the euro area countries),Italian lira,1999-06-08,1936.27,,
ESTAT:ERT_H_EUR_D(1.0),08/01/26 11:00:00,Daily,Average,National currency (former currencies of the euro area countries),Italian lira,1999-06-09,1936.27,,
ESTAT:ERT_H_EUR_D(1.0),08/01/26 11:00:00,Daily,Average,National currency (former currencies of the euro area countries),Italian lira,1999-06-10,1936.27,,
ESTAT:ERT_H_EUR_D(1.0),08/01/26 11:00:00,Daily,Average,National currency (former currencies of the euro area countries),Italian lira,1999-06-11,1936.27,,
ESTAT:ERT_H_EUR_D(1.0),08/01/26 11:00:00,Daily,Average,National currency (former currencies of the euro area countries),Italian lira,1999-06-14,1936.27,,
ESTAT:ERT_H_EUR_D(1.0),08/01/26 11:00:00,Daily,Average,National currency (former currencies of the euro area countries),Italian lira,1999-06-15,1936.27,,
ESTAT:ERT_H_EUR_D(1.0),08/01/26 11:00:00,Daily,Average,National currency (former currencies of the euro area countries),Italian lira,1999-06-16,1936.27,,
ESTAT:ERT_H_EUR_D(1.0),08/01/26 11:00:00,Daily,Average,National currency (former currencies of the euro area countries),Italian lira,1999-06-17,1936.27,,
ESTAT:ERT_H_EUR_D(1.0),08/01/26 11:00:00,Daily,Average,National currency (former currencies of the euro area countries),Italian lira,1999-06-18,1936.27,,
ESTAT:ERT_H_EUR_D(1.0),08/01/26 11:00:00,Daily,Average,National currency (former currencies of the euro area countries),Italian lira,1999-06-21,1936.27,,
ESTAT:ERT_H_EUR_D(1.0),08/01/26 11:00:00,Daily,Average,National currency (former currencies of the euro area countries),Italian lira,1999-06-22,1936.27,,
ESTAT:ERT_H_EUR_D(1.0),08/01/26 11:00:00,Daily,Average,National currency (former currencies of the euro area countries),Italian lira,1999-06-23,1936.27,,
ESTAT:ERT_H_EUR_D(1.0),08/01/26 11:00:00,Daily,Average,National currency (former currencies of the euro area countries),Italian lira,1999-06-24,1936.27,,
ESTAT:ERT_H_EUR_D(1.0),08/01/26 11:00:00,Daily,Average,National currency (former currencies of the euro area countries),Italian lira,1999-06-25,1936.27,,
ESTAT:ERT_H_EUR_D(1.0),08/01/26 11:00:00,Daily,Average,National currency (former currencies of the euro area countries),Italian lira,1999-06-28,1936.27,,
ESTAT:ERT_H_EUR_D(1.0),08/01/26 11:00:00,Daily,Average,National currency (former currencies of the euro area countries),Italian lira,1999-06-29,1936.27,,
ESTAT:ERT_H_EUR_D(1.0),08/01/26 11:00:00,Daily,Average,National currency (former currencies of the euro area countries),Italian lira,1999-06-30,1936.27,,
ESTAT:ERT_H_EUR_D(1.0),08/01/26 11:00:00,Daily,Average,National currency (former currencies of the euro area countries),Italian lira,1999-07-01,1936.27,,
ESTAT:ERT_H_EUR_D(1.0),08/01/26 11:00:00,Daily,Average,National currency (former currencies of the euro area countries),Italian lira,1999-07-02,1936.27,,
ESTAT:ERT_H_EUR_D(1.0),08/01/26 11:00:00,Daily,Average,National currency (former currencies of the euro area countries),Italian lira,1999-07-05,1936.27,,
ESTAT:ERT_H_EUR_D(1.0),08/01/26 11:00:00,Daily,Average,National currency (former currencies of the euro area countries),Italian lira,1999-07-06,1936.27,,
ESTAT:ERT_H_EUR_D(1.0),08/01/26 11:00:00,Daily,Average,National currency (former currencies of the euro area countries),Italian lira,1999-07-07,1936.27,,
ESTAT:ERT_H_EUR_D(1.0),08/01/26 11:00:00,Daily,Average,National currency (former currencies of the euro area countries),Italian lira,1999-07-08,1936.27,,
ESTAT:ERT_H_EUR_D(1.0),08/01/26 11:00:00,Daily,Average,National currency (former currencies of the euro area countries),Italian lira,1999-07-09,1936.27,,
ESTAT:ERT_H_EUR_D(1.0),08/01/26 11:00:00,Daily,Average,National currency (former currencies of the euro area countries),Italian lira,1999-07-12,1936.27,,
ESTAT:ERT_H_EUR_D(1.0),08/01/26 11:00:00,Daily,Average,National currency (former currencies of the euro area countries),Italian lira,1999-07-13,1936.27,,
ESTAT:ERT_H_EUR_D(1.0),08/01/26 11:00:00,Daily,Average,National currency (former currencies of the euro area countries),Italian lira,1999-07-14,1936.27,,
ESTAT:ERT_H_EUR_D(1.0),08/01/26 11:00:00,Daily,Average,National currency (former currencies of the euro area countries),Italian lira,1999-07-15,1936.27,,
ESTAT:ERT_H_EUR_D(1.0),08/01/26 11:00:00,Daily,Average,National currency (former currencies of the euro area countries),Italian lira,1999-07-16,1936.27,,
ESTAT:ERT_H_EUR_D(1.0),08/01/26 11:00:00,Daily,Average,National currency (former currencies of the euro area countries),Italian lira,1999-07-19,1936.27,,
ESTAT:ERT_H_EUR_D(1.0),08/01/26 11:00:00,Daily,Average,National currency (former currencies of the euro area countries),Italian lira,1999-07-20,1936.27,,
ESTAT:ERT_H_EUR_D(1.0),08/01/26 11:00:00,Daily,Average,National currency (former currencies of the euro area countries),Italian lira,1999-07-21,1936.27,,
ESTAT:ERT_H_EUR_D(1.0),08/01/26 11:00:00,Daily,Average,National currency (former currencies of the euro area countries),Italian lira,1999-07-22,1936.27,,
ESTAT:ERT_H_EUR_D(1.0),08/01/26 11:00:00,Daily,Average,National currency (former currencies of the euro area countries),Italian lira,1999-07-23,1936.27,,
ESTAT:ERT_H_EUR_D(1.0),08/01/26 11:00:00,Daily,Average,National currency (former currencies of the euro area countries),Italian lira,1999-07-26,1936.27,,
ESTAT:ERT_H_EUR_D(1.0),08/01/26 11:00:00,Daily,Average,National currency (former currencies of the euro area countries),Italian lira,1999-07-27,1936.27,,
ESTAT:ERT_H_EUR_D(1.0),08/01/26 11:00:00,Daily,Average,National currency (former currencies of the euro area countries),Italian lira,1999-07-28,1936.27,,
ESTAT:ERT_H_EUR_D(1.0),08/01/26 11:00:00,Daily,Average,National currency (former currencies of the euro area countries),Italian lira,1999-07-29,1936.27,,
ESTAT:ERT_H_EUR_D(1.0),08/01/26 11:00:00,Daily,Average,National currency (former currencies of the euro area countries),Italian lira,1999-07-30,1936.27,,
ESTAT:ERT_H_EUR_D(1.0),08/01/26 11:00:00,Daily,Average,National currency (former currencies of the euro area countries),Italian lira,1999-08-02,1936.27,,
ESTAT:ERT_H_EUR_D(1.0),08/01/26 11:00:00,Daily,Average,National currency (former currencies of the euro area countries),Italian lira,1999-08-03,1936.27,,
ESTAT:ERT_H_EUR_D(1.0),08/01/26 11:00:00,Daily,Average,National currency (former currencies of the euro area countries),Italian lira,1999-08-04,1936.27,,
ESTAT:ERT_H_EUR_D(1.0),08/01/26 11:00:00,Daily,Average,National currency (former currencies of the euro area countries),Italian lira,1999-08-05,1936.27,,
ESTAT:ERT_H_EUR_D(1.0),08/01/26 11:00:00,Daily,Average,National currency (former currencies of the euro area countries),Italian lira,1999-08-06,1936.27,,
ESTAT:ERT_H_EUR_D(1.0),08/01/26 11:00:00,Daily,Average,National currency (former currencies of the euro area countries),Italian lira,1999-08-09,1936.27,,
ESTAT:ERT_H_EUR_D(1.0),08/01/26 11:00:00,Daily,Average,National currency (former currencies of the euro area countries),Italian lira,1999-08-10,1936.27,,
ESTAT:ERT_H_EUR_D(1.0),08/01/26 11:00:00,Daily,Average,National currency (former currencies of the euro area countries),Italian lira,1999-08-11,1936.27,,
ESTAT:ERT_H_EUR_D(1.0),08/01/26 11:00:00,Daily,Average,National currency (former currencies of the euro area countries),Italian lira,1999-08-12,1936.27,,
ESTAT:ERT_H_EUR_D(1.0),08/01/26 11:00:00,Daily,Average,National currency (former currencies of the euro area countries),Italian lira,1999-08-13,1936.27,,
ESTAT:ERT_H_EUR_D(1.0),08/01/26 11:00:00,Daily,Average,National currency (former currencies of the euro area countries),Italian lira,1999-08-16,1936.27,,
ESTAT:ERT_H_EUR_D(1.0),08/01/26 11:00:00,Daily,Average,National currency (former currencies of the euro area countries),Italian lira,1999-08-17,1936.27,,
ESTAT:ERT_H_EUR_D(1.0),08/01/26 11:00:00,Daily,Average,National currency (former currencies of the euro area countries),Italian lira,1999-08-18,1936.27,,
ESTAT:ERT_H_EUR_D(1.0),08/01/26 11:00:00,Daily,Average,National currency (former currencies of the euro area countries),Italian lira,1999-08-19,1936.27,,
ESTAT:ERT_H_EUR_D(1.0),08/01/26 11:00:00,Daily,Average,National currency (former currencies of the euro area countries),Italian lira,1999-08-20,1936.27,,
ESTAT:ERT_H_EUR_D(1.0),08/01/26 11:00:00,Daily,Average,National currency (former currencies of the euro area countries),Italian lira,1999-08-23,1936.27,,
ESTAT:ERT_H_EUR_D(1.0),08/01/26 11:00:00,Daily,Average,National currency (former currencies of the euro area countries),Italian lira,1999-08-24,1936.27,,
ESTAT:ERT_H_EUR_D(1.0),08/01/26 11:00:00,Daily,Average,National currency (former currencies of the euro area countries),Italian lira,1999-08-25,1936.27,,
ESTAT:ERT_H_EUR_D(1.0),08/01/26 11:00:00,Daily,Average,National currency (former currencies of the euro area countries),Italian lira,1999-08-26,1936.27,,
ESTAT:ERT_H_EUR_D(1.0),08/01/26 11:00:00,Daily,Average,National currency (former currencies of the euro area countries),Italian lira,1999-08-27,1936.27,,
ESTAT:ERT_H_EUR_D(1.0),08/01/26 11:00:00,Daily,Average,National currency (former currencies of the euro area countries),Italian lira,1999-08-30,1936.27,,
ESTAT:ERT_H_EUR_D(1.0),08/01/26 11:00:00,Daily,Average,National currency (former currencies of the euro area countries),Italian lira,1999-08-31,1936.27,,
ESTAT:ERT_H_EUR_D(1.0),08/01/26 11:00:00,Daily,Average,National currency (former currencies of the euro area countries),Italian lira,1999-09-01,1936.27,,
ESTAT:ERT_H_EUR_D(1.0),08/01/26 11:00:00,Daily,Average,National currency (former currencies of the euro area countries),Italian lira,1999-09-02,1936.27,,
ESTAT:ERT_H_EUR_D(1.0),08/01/26 11:00:00,Daily,Average,National currency (former currencies of the euro area countries),Italian lira,1999-09-03,1936.27,,
ESTAT:ERT_H_EUR_D(1.0),08/01/26 11:00:00,Daily,Average,National currency (former currencies of the euro area countries),Italian lira,1999-09-06,1936.27,,
ESTAT:ERT_H_EUR_D(1.0),08/01/26 11:00:00,Daily,Average,National currency (former currencies of the euro area countries),Italian lira,1999-09-07,1936.27,,
ESTAT:ERT_H_EUR_D(1.0),08/01/26 11:00:00,Daily,Average,National currency (former currencies of the euro area countries),Italian lira,1999-09-08,1936.27,,
ESTAT:ERT_H_EUR_D(1.0),08/01/26 11:00:00,Daily,Average,National currency (former currencies of the euro area countries),Italian lira,1999-09-09,1936.27,,
ESTAT:ERT_H_EUR_D(1.0),08/01/26 11:00:00,Daily,Average,National currency (former currencies of the euro area countries),Italian lira,1999-09-10,1936.27,,
ESTAT:ERT_H_EUR_D(1.0),08/01/26 11:00:00,Daily,Average,National currency (former currencies of the euro area countries),Italian lira,1999-09-13,1936.27,,
ESTAT:ERT_H_EUR_D(1.0),08/01/26 11:00:00,Daily,Average,National currency (former currencies of the euro area countries),Italian lira,1999-09-14,1936.27,,
ESTAT:ERT_H_EUR_D(1.0),08/01/26 11:00:00,Daily,Average,National currency (former currencies of the euro area countries),Italian lira,1999-09-15,1936.27,,
ESTAT:ERT_H_EUR_D(1.0),08/01/26 11:00:00,Daily,Average,National currency (former currencies of the euro area countries),Italian lira,1999-09-16,1936.27,,
ESTAT:ERT_H_EUR_D(1.0),08/01/26 11:00:00,Daily,Average,National currency (former currencies of the euro area countries),Italian lira,1999-09-17,1936.27,,
ESTAT:ERT_H_EUR_D(1.0),08/01/26 11:00:00,Daily,Average,National currency (former currencies of the euro area countries),Italian lira,1999-09-20,1936.27,,
ESTAT:ERT_H_EUR_D(1.0),08/01/26 11:00:00,Daily,Average,National currency (former currencies of the euro area countries),Italian lira,1999-09-21,1936.27,,
ESTAT:ERT_H_EUR_D(1.0),08/01/26 11:00:00,Daily,Average,National currency (former currencies of the euro area countries),Italian lira,1999-09-22,1936.27,,
ESTAT:ERT_H_EUR_D(1.0),08/01/26 11:00:00,Daily,Average,National currency (former currencies of the euro area countries),Italian lira,1999-09-23,1936.27,,
ESTAT:ERT_H_EUR_D(1.0),08/01/26 11:00:00,Daily,Average,National currency (former currencies of the euro area countries),Italian lira,1999-09-24,1936.27,,
ESTAT:ERT_H_EUR_D(1.0),08/01/26 11:00:00,Daily,Average,National currency (former currencies of the euro area countries),Italian lira,1999-09-27,1936.27,,
ESTAT:ERT_H_EUR_D(1.0),08/01/26 11:00:00,Daily,Average,National currency (former currencies of the euro area countries),Italian lira,1999-09-28,1936.27,,
ESTAT:ERT_H_EUR_D(1.0),08/01/26 11:00:00,Daily,Average,National currency (former currencies of the euro area countries),Italian lira,1999-09-29,1936.27,,
ESTAT:ERT_H_EUR_D(1.0),08/01/26 11:00:00,Daily,Average,National currency (former currencies of the euro area countries),Italian lira,1999-09-30,1936.27,,
ESTAT:ERT_H_EUR_D(1.0),08/01/26 11:00:00,Daily,Average,National currency (former currencies of the euro area countries),Italian lira,1999-10-01,1936.27,,
ESTAT:ERT_H_EUR_D(1.0),08/01/26 11:00:00,Daily,Average,National currency (former currencies of the euro area countries),Italian lira,1999-10-04,1936.27,,
ESTAT:ERT_H_EUR_D(1.0),08/01/26 11:00:00,Daily,Average,National currency (former currencies of the euro area countries),Italian lira,1999-10-05,1936.27,,
ESTAT:ERT_H_EUR_D(1.0),08/01/26 11:00:00,Daily,Average,National currency (former currencies of the euro area countries),Italian lira,1999-10-06,1936.27,,
ESTAT:ERT_H_EUR_D(1.0),08/01/26 11:00:00,Daily,Average,National currency (former currencies of the euro area countries),Italian lira,1999-10-07,1936.27,,
ESTAT:ERT_H_EUR_D(1.0),08/01/26 11:00:00,Daily,Average,National currency (former currencies of the euro area countries),Italian lira,1999-10-08,1936.27,,
ESTAT:ERT_H_EUR_D(1.0),08/01/26 11:00:00,Daily,Average,National currency (former currencies of the euro area countries),Italian lira,1999-10-11,1936.27,,
ESTAT:ERT_H_EUR_D(1.0),08/01/26 11:00:00,Daily,Average,National currency (former currencies of the euro area countries),Italian lira,1999-10-12,1936.27,,
ESTAT:ERT_H_EUR_D(1.0),08/01/26 11:00:00,Daily,Average,National currency (former currencies of the euro area countries),Italian lira,1999-10-13,1936.27,,
ESTAT:ERT_H_EUR_D(1.0),08/01/26 11:00:00,Daily,Average,National currency (former currencies of the euro area countries),Italian lira,1999-10-14,1936.27,,
ESTAT:ERT_H_EUR_D(1.0),08/01/26 11:00:00,Daily,Average,National currency (former currencies of the euro area countries),Italian lira,1999-10-15,1936.27,,
ESTAT:ERT_H_EUR_D(1.0),08/01/26 11:00:00,Daily,Average,National currency (former currencies of the euro area countries),Italian lira,1999-10-18,1936.27,,
ESTAT:ERT_H_EUR_D(1.0),08/01/26 11:00:00,Daily,Average,National currency (former currencies of the euro area countries),Italian lira,1999-10-19,1936.27,,
ESTAT:ERT_H_EUR_D(1.0),08/01/26 11:00:00,Daily,Average,National currency (former currencies of the euro area countries),Italian lira,1999-10-20,1936.27,,
ESTAT:ERT_H_EUR_D(1.0),08/01/26 11:00:00,Daily,Average,National currency (former currencies of the euro area countries),Italian lira,1999-10-21,1936.27,,
ESTAT:ERT_H_EUR_D(1.0),08/01/26 11:00:00,Daily,Average,National currency (former currencies of the euro area countries),Italian lira,1999-10-22,1936.27,,
ESTAT:ERT_H_EUR_D(1.0),08/01/26 11:00:00,Daily,Average,National currency (former currencies of the euro area countries),Italian lira,1999-10-25,1936.27,,
ESTAT:ERT_H_EUR_D(1.0),08/01/26 11:00:00,Daily,Average,National currency (former currencies of the euro area countries),Italian lira,1999-10-26,1936.27,,
ESTAT:ERT_H_EUR_D(1.0),08/01/26 11:00:00,Daily,Average,National currency (former currencies of the euro area countries),Italian lira,1999-10-27,1936.27,,
ESTAT:ERT_H_EUR_D(1.0),08/01/26 11:00:00,Daily,Average,National currency (former currencies of the euro area countries),Italian lira,1999-10-28,1936.27,,
ESTAT:ERT_H_EUR_D(1.0),08/01/26 11:00:00,Daily,Average,National currency (former currencies of the euro area countries),Italian lira,1999-10-29,1936.27,,
ESTAT:ERT_H_EUR_D(1.0),08/01/26 11:00:00,Daily,Average,National currency (former currencies of the euro area countries),Italian lira,1999-11-01,1936.27,,
ESTAT:ERT_H_EUR_D(1.0),08/01/26 11:00:00,Daily,Average,National currency (former currencies of the euro area countries),Italian lira,1999-11-02,1936.27,,
ESTAT:ERT_H_EUR_D(1.0),08/01/26 11:00:00,Daily,Average,National currency (former currencies of the euro area countries),Italian lira,1999-11-03,1936.27,,
ESTAT:ERT_H_EUR_D(1.0),08/01/26 11:00:00,Daily,Average,National currency (former currencies of the euro area countries),Italian lira,1999-11-04,1936.27,,
ESTAT:ERT_H_EUR_D(1.0),08/01/26 11:00:00,Daily,Average,National currency (former currencies of the euro area countries),Italian lira,1999-11-05,1936.27,,
ESTAT:ERT_H_EUR_D(1.0),08/01/26 11:00:00,Daily,Average,National currency (former currencies of the euro area countries),Italian lira,1999-11-08,1936.27,,
ESTAT:ERT_H_EUR_D(1.0),08/01/26 11:00:00,Daily,Average,National currency (former currencies of the euro area countries),Italian lira,1999-11-09,1936.27,,
ESTAT:ERT_H_EUR_D(1.0),08/01/26 11:00:00,Daily,Average,National currency (former currencies of the euro area countries),Italian lira,1999-11-10,1936.27,,
ESTAT:ERT_H_EUR_D(1.0),08/01/26 11:00:00,Daily,Average,National currency (former currencies of the euro area countries),Italian lira,1999-11-11,1936.27,,
ESTAT:ERT_H_EUR_D(1.0),08/01/26 11:00:00,Daily,Average,National currency (former currencies of the euro area countries),Italian lira,1999-11-12,1936.27,,
ESTAT:ERT_H_EUR_D(1.0),08/01/26 11:00:00,Daily,Average,National currency (former currencies of the euro area countries),Italian lira,1999-11-15,1936.27,,
ESTAT:ERT_H_EUR_D(1.0),08/01/26 11:00:00,Daily,Average,National currency (former currencies of the euro area countries),Italian lira,1999-11-16,1936.27,,
ESTAT:ERT_H_EUR_D(1.0),08/01/26 11:00:00,Daily,Average,National currency (former currencies of the euro area countries),Italian lira,1999-11-17,1936.27,,
ESTAT:ERT_H_EUR_D(1.0),08/01/26 11:00:00,Daily,Average,National currency (former currencies of the euro area countries),Italian lira,1999-11-18,1936.27,,
ESTAT:ERT_H_EUR_D(1.0),08/01/26 11:00:00,Daily,Average,National currency (former currencies of the euro area countries),Italian lira,1999-11-19,1936.27,,
ESTAT:ERT_H_EUR_D(1.0),08/01/26 11:00:00,Daily,Average,National currency (former currencies of the euro area countries),Italian lira,1999-11-22,1936.27,,
ESTAT:ERT_H_EUR_D(1.0),08/01/26 11:00:00,Daily,Average,National currency (former currencies of the euro area countries),Italian lira,1999-11-23,1936.27,,
ESTAT:ERT_H_EUR_D(1.0),08/01/26 11:00:00,Daily,Average,National currency (former currencies of the euro area countries),Italian lira,1999-11-24,1936.27,,
ESTAT:ERT_H_EUR_D(1.0),08/01/26 11:00:00,Daily,Average,National currency (former currencies of the euro area countries),Italian lira,1999-11-25,1936.27,,
ESTAT:ERT_H_EUR_D(1.0),08/01/26 11:00:00,Daily,Average,National currency (former currencies of the euro area countries),Italian lira,1999-11-26,1936.27,,
ESTAT:ERT_H_EUR_D(1.0),08/01/26 11:00:00,Daily,Average,National currency (former currencies of the euro area countries),Italian lira,1999-11-29,1936.27,,
ESTAT:ERT_H_EUR_D(1.0),08/01/26 11:00:00,Daily,Average,National currency (former currencies of the euro area countries),Italian lira,1999-11-30,1936.27,,
ESTAT:ERT_H_EUR_D(1.0),08/01/26 11:00:00,Daily,Average,National currency (former currencies of the euro area countries),Italian lira,1999-12-01,1936.27,,
ESTAT:ERT_H_EUR_D(1.0),08/01/26 11:00:00,Daily,Average,National currency (former currencies of the euro area countries),Italian lira,1999-12-02,1936.27,,
ESTAT:ERT_H_EUR_D(1.0),08/01/26 11:00:00,Daily,Average,National currency (former currencies of the euro area countries),Italian lira,1999-12-03,1936.27,,
ESTAT:ERT_H_EUR_D(1.0),08/01/26 11:00:00,Daily,Average,National currency (former currencies of the euro area countries),Italian lira,1999-12-06,1936.27,,
ESTAT:ERT_H_EUR_D(1.0),08/01/26 11:00:00,Daily,Average,National currency (former currencies of the euro area countries),Italian lira,1999-12-07,1936.27,,
ESTAT:ERT_H_EUR_D(1.0),08/01/26 11:00:00,Daily,Average,National currency (former currencies of the euro area countries),Italian lira,1999-12-08,1936.27,,
ESTAT:ERT_H_EUR_D(1.0),08/01/26 11:00:00,Daily,Average,National currency (former currencies of the euro area countries),Italian lira,1999-12-09,1936.27,,
ESTAT:ERT_H_EUR_D(1.0),08/01/26 11:00:00,Daily,Average,National currency (former currencies of the euro area countries),Italian lira,1999-12-10,1936.27,,
ESTAT:ERT_H_EUR_D(1.0),08/01/26 11:00:00,Daily,Average,National currency (former currencies of the euro area countries),Italian lira,1999-12-13,1936.27,,
ESTAT:ERT_H_EUR_D(1.0),08/01/26 11:00:00,Daily,Average,National currency (former currencies of the euro area countries),Italian lira,1999-12-14,1936.27,,
ESTAT:ERT_H_EUR_D(1.0),08/01/26 11:00:00,Daily,Average,National currency (former currencies of the euro area countries),Italian lira,1999-12-15,1936.27,,
ESTAT:ERT_H_EUR_D(1.0),08/01/26 11:00:00,Daily,Average,National currency (former currencies of the euro area countries),Italian lira,1999-12-16,1936.27,,
ESTAT:ERT_H_EUR_D(1.0),08/01/26 11:00:00,Daily,Average,National currency (former currencies of the euro area countries),Italian lira,1999-12-17,1936.27,,
ESTAT:ERT_H_EUR_D(1.0),08/01/26 11:00:00,Daily,Average,National currency (former currencies of the euro area countries),Italian lira,1999-12-20,1936.27,,
ESTAT:ERT_H_EUR_D(1.0),08/01/26 11:00:00,Daily,Average,National currency (former currencies of the euro area countries),Italian lira,1999-12-21,1936.27,,
ESTAT:ERT_H_EUR_D(1.0),08/01/26 11:00:00,Daily,Average,National currency (former currencies of the euro area countries),Italian lira,1999-12-22,1936.27,,
ESTAT:ERT_H_EUR_D(1.0),08/01/26 11:00:00,Daily,Average,National currency (former currencies of the euro area countries),Italian lira,1999-12-23,1936.27,,
ESTAT:ERT_H_EUR_D(1.0),08/01/26 11:00:00,Daily,Average,National currency (former currencies of the euro area countries),Italian lira,1999-12-24,1936.27,,
ESTAT:ERT_H_EUR_D(1.0),08/01/26 11:00:00,Daily,Average,National currency (former currencies of the euro area countries),Italian lira,1999-12-27,1936.27,,
ESTAT:ERT_H_EUR_D(1.0),08/01/26 11:00:00,Daily,Average,National currency (former currencies of the euro area countries),Italian lira,1999-12-28,1936.27,,
ESTAT:ERT_H_EUR_D(1.0),08/01/26 11:00:00,Daily,Average,National currency (former currencies of the euro area countries),Italian lira,1999-12-29,1936.27,,
ESTAT:ERT_H_EUR_D(1.0),08/01/26 11:00:00,Daily,Average,National currency (former currencies of the euro area countries),Italian lira,1999-12-30,1936.27,,
ESTAT:ERT_H_EUR_D(1.0),08/01/26 11:00:00,Daily,Average,National currency (former currencies of the euro area countries),Italian lira,1999-12-31,1936.27,,
ESTAT:ERT_H_EUR_D(1.0),08/01/26 11:00:00,Daily,Average,National currency (former currencies of the euro area countries),Italian lira,2000-01-03,1936.27,,
ESTAT:ERT_H_EUR_D(1.0),08/01/26 11:00:00,Daily,Average,National currency (former currencies of the euro area countries),Italian lira,2000-01-04,1936.27,,
ESTAT:ERT_H_EUR_D(1.0),08/01/26 11:00:00,Daily,Average,National currency (former currencies of the euro area countries),Italian lira,2000-01-05,1936.27,,
ESTAT:ERT_H_EUR_D(1.0),08/01/26 11:00:00,Daily,Average,National currency (former currencies of the euro area countries),Italian lira,2000-01-06,1936.27,,
ESTAT:ERT_H_EUR_D(1.0),08/01/26 11:00:00,Daily,Average,National currency (former currencies of the euro area countries),Italian lira,2000-01-07,1936.27,,
ESTAT:ERT_H_EUR_D(1.0),08/01/26 11:00:00,Daily,Average,National currency (former currencies of the euro area countries),Italian lira,2000-01-10,1936.27,,
ESTAT:ERT_H_EUR_D(1.0),08/01/26 11:00:00,Daily,Average,National currency (former currencies of the euro area countries),Italian lira,2000-01-11,1936.27,,
ESTAT:ERT_H_EUR_D(1.0),08/01/26 11:00:00,Daily,Average,National currency (former currencies of the euro area countries),Italian lira,2000-01-12,1936.27,,
ESTAT:ERT_H_EUR_D(1.0),08/01/26 11:00:00,Daily,Average,National currency (former currencies of the euro area countries),Italian lira,2000-01-13,1936.27,,
ESTAT:ERT_H_EUR_D(1.0),08/01/26 11:00:00,Daily,Average,National currency (former currencies of the euro area countries),Italian lira,2000-01-14,1936.27,,
ESTAT:ERT_H_EUR_D(1.0),08/01/26 11:00:00,Daily,Average,National currency (former currencies of the euro area countries),Italian lira,2000-01-17,1936.27,,
ESTAT:ERT_H_EUR_D(1.0),08/01/26 11:00:00,Daily,Average,National currency (former currencies of the euro area countries),Italian lira,2000-01-18,1936.27,,
ESTAT:ERT_H_EUR_D(1.0),08/01/26 11:00:00,Daily,Average,National currency (former currencies of the euro area countries),Italian lira,2000-01-19,1936.27,,
ESTAT:ERT_H_EUR_D(1.0),08/01/26 11:00:00,Daily,Average,National currency (former currencies of the euro area countries),Italian lira,2000-01-20,1936.27,,
ESTAT:ERT_H_EUR_D(1.0),08/01/26 11:00:00,Daily,Average,National currency (former currencies of the euro area countries),Italian lira,2000-01-21,1936.27,,
ESTAT:ERT_H_EUR_D(1.0),08/01/26 11:00:00,Daily,Average,National currency (former currencies of the euro area countries),Italian lira,2000-01-24,1936.27,,
ESTAT:ERT_H_EUR_D(1.0),08/01/26 11:00:00,Daily,Average,National currency (former currencies of the euro area countries),Italian lira,2000-01-25,1936.27,,
ESTAT:ERT_H_EUR_D(1.0),08/01/26 11:00:00,Daily,Average,National currency (former currencies of the euro area countries),Italian lira,2000-01-26,1936.27,,
ESTAT:ERT_H_EUR_D(1.0),08/01/26 11:00:00,Daily,Average,National currency (former currencies of the euro area countries),Italian lira,2000-01-27,1936.27,,
ESTAT:ERT_H_EUR_D(1.0),08/01/26 11:00:00,Daily,Average,National currency (former currencies of the euro area countries),Italian lira,2000-01-28,1936.27,,
ESTAT:ERT_H_EUR_D(1.0),08/01/26 11:00:00,Daily,Average,National currency (former currencies of the euro area countries),Italian lira,2000-01-31,1936.27,,
ESTAT:ERT_H_EUR_D(1.0),08/01/26 11:00:00,Daily,Average,National currency (former currencies of the euro area countries),Italian lira,2000-02-01,1936.27,,
ESTAT:ERT_H_EUR_D(1.0),08/01/26 11:00:00,Daily,Average,National currency (former currencies of the euro area countries),Italian lira,2000-02-02,1936.27,,
ESTAT:ERT_H_EUR_D(1.0),08/01/26 11:00:00,Daily,Average,National currency (former currencies of the euro area countries),Italian lira,2000-02-03,1936.27,,
ESTAT:ERT_H_EUR_D(1.0),08/01/26 11:00:00,Daily,Average,National currency (former currencies of the euro area countries),Italian lira,2000-02-04,1936.27,,
ESTAT:ERT_H_EUR_D(1.0),08/01/26 11:00:00,Daily,Average,National currency (former currencies of the euro area countries),Italian lira,2000-02-07,1936.27,,
ESTAT:ERT_H_EUR_D(1.0),08/01/26 11:00:00,Daily,Average,National currency (former currencies of the euro area countries),Italian lira,2000-02-08,1936.27,,
ESTAT:ERT_H_EUR_D(1.0),08/01/26 11:00:00,Daily,Average,National currency (former currencies of the euro area countries),Italian lira,2000-02-09,1936.27,,
ESTAT:ERT_H_EUR_D(1.0),08/01/26 11:00:00,Daily,Average,National currency (former currencies of the euro area countries),Italian lira,2000-02-10,1936.27,,
ESTAT:ERT_H_EUR_D(1.0),08/01/26 11:00:00,Daily,Average,National currency (former currencies of the euro area countries),Italian lira,2000-02-11,1936.27,,
ESTAT:ERT_H_EUR_D(1.0),08/01/26 11:00:00,Daily,Average,National currency (former currencies of the euro area countries),Italian lira,2000-02-14,1936.27,,
ESTAT:ERT_H_EUR_D(1.0),08/01/26 11:00:00,Daily,Average,National currency (former currencies of the euro area countries),Italian lira,2000-02-15,1936.27,,
ESTAT:ERT_H_EUR_D(1.0),08/01/26 11:00:00,Daily,Average,National currency (former currencies of the euro area countries),Italian lira,2000-02-16,1936.27,,
ESTAT:ERT_H_EUR_D(1.0),08/01/26 11:00:00,Daily,Average,National currency (former currencies of the euro area countries),Italian lira,2000-02-17,1936.27,,
ESTAT:ERT_H_EUR_D(1.0),08/01/26 11:00:00,Daily,Average,National currency (former currencies of the euro area countries),Italian lira,2000-02-18,1936.27,,
ESTAT:ERT_H_EUR_D(1.0),08/01/26 11:00:00,Daily,Average,National currency (former currencies of the euro area countries),Italian lira,2000-02-21,1936.27,,
ESTAT:ERT_H_EUR_D(1.0),08/01/26 11:00:00,Daily,Average,National currency (former currencies of the euro area countries),Italian lira,2000-02-22,1936.27,,
ESTAT:ERT_H_EUR_D(1.0),08/01/26 11:00:00,Daily,Average,National currency (former currencies of the euro area countries),Italian lira,2000-02-23,1936.27,,
ESTAT:ERT_H_EUR_D(1.0),08/01/26 11:00:00,Daily,Average,National currency (former currencies of the euro area countries),Italian lira,2000-02-24,1936.27,,
ESTAT:ERT_H_EUR_D(1.0),08/01/26 11:00:00,Daily,Average,National currency (former currencies of the euro area countries),Italian lira,2000-02-25,1936.27,,
ESTAT:ERT_H_EUR_D(1.0),08/01/26 11:00:00,Daily,Average,National currency (former currencies of the euro area countries),Italian lira,2000-02-28,1936.27,,
ESTAT:ERT_H_EUR_D(1.0),08/01/26 11:00:00,Daily,Average,National currency (former currencies of the euro area countries),Italian lira,2000-02-29,1936.27,,
ESTAT:ERT_H_EUR_D(1.0),08/01/26 11:00:00,Daily,Average,National currency (former currencies of the euro area countries),Italian lira,2000-03-01,1936.27,,
ESTAT:ERT_H_EUR_D(1.0),08/01/26 11:00:00,Daily,Average,National currency (former currencies of the euro area countries),Italian lira,2000-03-02,1936.27,,
ESTAT:ERT_H_EUR_D(1.0),08/01/26 11:00:00,Daily,Average,National currency (former currencies of the euro area countries),Italian lira,2000-03-03,1936.27,,
ESTAT:ERT_H_EUR_D(1.0),08/01/26 11:00:00,Daily,Average,National currency (former currencies of the euro area countries),Italian lira,2000-03-06,1936.27,,
ESTAT:ERT_H_EUR_D(1.0),08/01/26 11:00:00,Daily,Average,National currency (former currencies of the euro area countries),Italian lira,2000-03-07,1936.27,,
ESTAT:ERT_H_EUR_D(1.0),08/01/26 11:00:00,Daily,Average,National currency (former currencies of the euro area countries),Italian lira,2000-03-08,1936.27,,
ESTAT:ERT_H_EUR_D(1.0),08/01/26 11:00:00,Daily,Average,National currency (former currencies of the euro area countries),Italian lira,2000-03-09,1936.27,,
ESTAT:ERT_H_EUR_D(1.0),08/01/26 11:00:00,Daily,Average,National currency (former currencies of the euro area countries),Italian lira,2000-03-10,1936.27,,
ESTAT:ERT_H_EUR_D(1.0),08/01/26 11:00:00,Daily,Average,National currency (former currencies of the euro area countries),Italian lira,2000-03-13,1936.27,,
ESTAT:ERT_H_EUR_D(1.0),08/01/26 11:00:00,Daily,Average,National currency (former currencies of the euro area countries),Italian lira,2000-03-14,1936.27,,
ESTAT:ERT_H_EUR_D(1.0),08/01/26 11:00:00,Daily,Average,National currency (former currencies of the euro area countries),Italian lira,2000-03-15,1936.27,,
ESTAT:ERT_H_EUR_D(1.0),08/01/26 11:00:00,Daily,Average,National currency (former currencies of the euro area countries),Italian lira,2000-03-16,1936.27,,
ESTAT:ERT_H_EUR_D(1.0),08/01/26 11:00:00,Daily,Average,National currency (former currencies of the euro area countries),Italian lira,2000-03-17,1936.27,,
ESTAT:ERT_H_EUR_D(1.0),08/01/26 11:00:00,Daily,Average,National currency (former currencies of the euro area countries),Italian lira,2000-03-20,1936.27,,
ESTAT:ERT_H_EUR_D(1.0),08/01/26 11:00:00,Daily,Average,National currency (former currencies of the euro area countries),Italian lira,2000-03-21,1936.27,,
ESTAT:ERT_H_EUR_D(1.0),08/01/26 11:00:00,Daily,Average,National currency (former currencies of the euro area countries),Italian lira,2000-03-22,1936.27,,
ESTAT:ERT_H_EUR_D(1.0),08/01/26 11:00:00,Daily,Average,National currency (former currencies of the euro area countries),Italian lira,2000-03-23,1936.27,,
ESTAT:ERT_H_EUR_D(1.0),08/01/26 11:00:00,Daily,Average,National currency (former currencies of the euro area countries),Italian lira,2000-03-24,1936.27,,
ESTAT:ERT_H_EUR_D(1.0),08/01/26 11:00:00,Daily,Average,National currency (former currencies of the euro area countries),Italian lira,2000-03-27,1936.27,,
ESTAT:ERT_H_EUR_D(1.0),08/01/26 11:00:00,Daily,Average,National currency (former currencies of the euro area countries),Italian lira,2000-03-28,1936.27,,
ESTAT:ERT_H_EUR_D(1.0),08/01/26 11:00:00,Daily,Average,National currency (former currencies of the euro area countries),Italian lira,2000-03-29,1936.27,,
ESTAT:ERT_H_EUR_D(1.0),08/01/26 11:00:00,Daily,Average,National currency (former currencies of the euro area countries),Italian lira,2000-03-30,1936.27,,
ESTAT:ERT_H_EUR_D(1.0),08/01/26 11:00:00,Daily,Average,National currency (former currencies of the euro area countries),Italian lira,2000-03-31,1936.27,,
ESTAT:ERT_H_EUR_D(1.0),08/01/26 11:00:00,Daily,Average,National currency (former currencies of the euro area countries),Italian lira,2000-04-03,1936.27,,
ESTAT:ERT_H_EUR_D(1.0),08/01/26 11:00:00,Daily,Average,National currency (former currencies of the euro area countries),Italian lira,2000-04-04,1936.27,,
ESTAT:ERT_H_EUR_D(1.0),08/01/26 11:00:00,Daily,Average,National currency (former currencies of the euro area countries),Italian lira,2000-04-05,1936.27,,
ESTAT:ERT_H_EUR_D(1.0),08/01/26 11:00:00,Daily,Average,National currency (former currencies of the euro area countries),Italian lira,2000-04-06,1936.27,,
ESTAT:ERT_H_EUR_D(1.0),08/01/26 11:00:00,Daily,Average,National currency (former currencies of the euro area countries),Italian lira,2000-04-07,1936.27,,
ESTAT:ERT_H_EUR_D(1.0),08/01/26 11:00:00,Daily,Average,National currency (former currencies of the euro area countries),Italian lira,2000-04-10,1936.27,,
ESTAT:ERT_H_EUR_D(1.0),08/01/26 11:00:00,Daily,Average,National currency (former currencies of the euro area countries),Italian lira,2000-04-11,1936.27,,
ESTAT:ERT_H_EUR_D(1.0),08/01/26 11:00:00,Daily,Average,National currency (former currencies of the euro area countries),Italian lira,2000-04-12,1936.27,,
ESTAT:ERT_H_EUR_D(1.0),08/01/26 11:00:00,Daily,Average,National currency (former currencies of the euro area countries),Italian lira,2000-04-13,1936.27,,
ESTAT:ERT_H_EUR_D(1.0),08/01/26 11:00:00,Daily,Average,National currency (former currencies of the euro area countries),Italian lira,2000-04-14,1936.27,,
ESTAT:ERT_H_EUR_D(1.0),08/01/26 11:00:00,Daily,Average,National currency (former currencies of the euro area countries),Italian lira,2000-04-17,1936.27,,
ESTAT:ERT_H_EUR_D(1.0),08/01/26 11:00:00,Daily,Average,National currency (former currencies of the euro area countries),Italian lira,2000-04-18,1936.27,,
ESTAT:ERT_H_EUR_D(1.0),08/01/26 11:00:00,Daily,Average,National currency (former currencies of the euro area countries),Italian lira,2000-04-19,1936.27,,
ESTAT:ERT_H_EUR_D(1.0),08/01/26 11:00:00,Daily,Average,National currency (former currencies of the euro area countries),Italian lira,2000-04-20,1936.27,,
ESTAT:ERT_H_EUR_D(1.0),08/01/26 11:00:00,Daily,Average,National currency (former currencies of the euro area countries),Italian lira,2000-04-21,1936.27,,
ESTAT:ERT_H_EUR_D(1.0),08/01/26 11:00:00,Daily,Average,National currency (former currencies of the euro area countries),Italian lira,2000-04-24,1936.27,,
ESTAT:ERT_H_EUR_D(1.0),08/01/26 11:00:00,Daily,Average,National currency (former currencies of the euro area countries),Italian lira,2000-04-25,1936.27,,
ESTAT:ERT_H_EUR_D(1.0),08/01/26 11:00:00,Daily,Average,National currency (former currencies of the euro area countries),Italian lira,2000-04-26,1936.27,,
ESTAT:ERT_H_EUR_D(1.0),08/01/26 11:00:00,Daily,Average,National currency (former currencies of the euro area countries),Italian lira,2000-04-27,1936.27,,
ESTAT:ERT_H_EUR_D(1.0),08/01/26 11:00:00,Daily,Average,National currency (former currencies of the euro area countries),Italian lira,2000-04-28,1936.27,,
ESTAT:ERT_H_EUR_D(1.0),08/01/26 11:00:00,Daily,Average,National currency (former currencies of the euro area countries),Italian lira,2000-05-01,1936.27,,
ESTAT:ERT_H_EUR_D(1.0),08/01/26 11:00:00,Daily,Average,National currency (former currencies of the euro area countries),Italian lira,2000-05-02,1936.27,,
ESTAT:ERT_H_EUR_D(1.0),08/01/26 11:00:00,Daily,Average,National currency (former currencies of the euro area countries),Italian lira,2000-05-03,1936.27,,
ESTAT:ERT_H_EUR_D(1.0),08/01/26 11:00:00,Daily,Average,National currency (former currencies of the euro area countries),Italian lira,2000-05-04,1936.27,,
ESTAT:ERT_H_EUR_D(1.0),08/01/26 11:00:00,Daily,Average,National currency (former currencies of the euro area countries),Italian lira,2000-05-05,1936.27,,
ESTAT:ERT_H_EUR_D(1.0),08/01/26 11:00:00,Daily,Average,National currency (former currencies of the euro area countries),Italian lira,2000-05-08,1936.27,,
ESTAT:ERT_H_EUR_D(1.0),08/01/26 11:00:00,Daily,Average,National currency (former currencies of the euro area countries),Italian lira,2000-05-09,1936.27,,
ESTAT:ERT_H_EUR_D(1.0),08/01/26 11:00:00,Daily,Average,National currency (former currencies of the euro area countries),Italian lira,2000-05-10,1936.27,,
ESTAT:ERT_H_EUR_D(1.0),08/01/26 11:00:00,Daily,Average,National currency (former currencies of the euro area countries),Italian lira,2000-05-11,1936.27,,
ESTAT:ERT_H_EUR_D(1.0),08/01/26 11:00:00,Daily,Average,National currency (former currencies of the euro area countries),Italian lira,2000-05-12,1936.27,,
ESTAT:ERT_H_EUR_D(1.0),08/01/26 11:00:00,Daily,Average,National currency (former currencies of the euro area countries),Italian lira,2000-05-15,1936.27,,
ESTAT:ERT_H_EUR_D(1.0),08/01/26 11:00:00,Daily,Average,National currency (former currencies of the euro area countries),Italian lira,2000-05-16,1936.27,,
ESTAT:ERT_H_EUR_D(1.0),08/01/26 11:00:00,Daily,Average,National currency (former currencies of the euro area countries),Italian lira,2000-05-17,1936.27,,
ESTAT:ERT_H_EUR_D(1.0),08/01/26 11:00:00,Daily,Average,National currency (former currencies of the euro area countries),Italian lira,2000-05-18,1936.27,,
ESTAT:ERT_H_EUR_D(1.0),08/01/26 11:00:00,Daily,Average,National currency (former currencies of the euro area countries),Italian lira,2000-05-19,1936.27,,
ESTAT:ERT_H_EUR_D(1.0),08/01/26 11:00:00,Daily,Average,National currency (former currencies of the euro area countries),Italian lira,2000-05-22,1936.27,,
ESTAT:ERT_H_EUR_D(1.0),08/01/26 11:00:00,Daily,Average,National currency (former currencies of the euro area countries),Italian lira,2000-05-23,1936.27,,
ESTAT:ERT_H_EUR_D(1.0),08/01/26 11:00:00,Daily,Average,National currency (former currencies of the euro area countries),Italian lira,2000-05-24,1936.27,,
ESTAT:ERT_H_EUR_D(1.0),08/01/26 11:00:00,Daily,Average,National currency (former currencies of the euro area countries),Italian lira,2000-05-25,1936.27,,
ESTAT:ERT_H_EUR_D(1.0),08/01/26 11:00:00,Daily,Average,National currency (former currencies of the euro area countries),Italian lira,2000-05-26,1936.27,,
ESTAT:ERT_H_EUR_D(1.0),08/01/26 11:00:00,Daily,Average,National currency (former currencies of the euro area countries),Italian lira,2000-05-29,1936.27,,
ESTAT:ERT_H_EUR_D(1.0),08/01/26 11:00:00,Daily,Average,National currency (former currencies of the euro area countries),Italian lira,2000-05-30,1936.27,,
ESTAT:ERT_H_EUR_D(1.0),08/01/26 11:00:00,Daily,Average,National currency (former currencies of the euro area countries),Italian lira,2000-05-31,1936.27,,
ESTAT:ERT_H_EUR_D(1.0),08/01/26 11:00:00,Daily,Average,National currency (former currencies of the euro area countries),Italian lira,2000-06-01,1936.27,,
ESTAT:ERT_H_EUR_D(1.0),08/01/26 11:00:00,Daily,Average,National currency (former currencies of the euro area countries),Italian lira,2000-06-02,1936.27,,
ESTAT:ERT_H_EUR_D(1.0),08/01/26 11:00:00,Daily,Average,National currency (former currencies of the euro area countries),Italian lira,2000-06-05,1936.27,,
ESTAT:ERT_H_EUR_D(1.0),08/01/26 11:00:00,Daily,Average,National currency (former currencies of the euro area countries),Italian lira,2000-06-06,1936.27,,
ESTAT:ERT_H_EUR_D(1.0),08/01/26 11:00:00,Daily,Average,National currency (former currencies of the euro area countries),Italian lira,2000-06-07,1936.27,,
ESTAT:ERT_H_EUR_D(1.0),08/01/26 11:00:00,Daily,Average,National currency (former currencies of the euro area countries),Italian lira,2000-06-08,1936.27,,
ESTAT:ERT_H_EUR_D(1.0),08/01/26 11:00:00,Daily,Average,National currency (former currencies of the euro area countries),Italian lira,2000-06-09,1936.27,,
ESTAT:ERT_H_EUR_D(1.0),08/01/26 11:00:00,Daily,Average,National currency (former currencies of the euro area countries),Italian lira,2000-06-12,1936.27,,
ESTAT:ERT_H_EUR_D(1.0),08/01/26 11:00:00,Daily,Average,National currency (former currencies of the euro area countries),Italian lira,2000-06-13,1936.27,,
ESTAT:ERT_H_EUR_D(1.0),08/01/26 11:00:00,Daily,Average,National currency (former currencies of the euro area countries),Italian lira,2000-06-14,1936.27,,
ESTAT:ERT_H_EUR_D(1.0),08/01/26 11:00:00,Daily,Average,National currency (former currencies of the euro area countries),Italian lira,2000-06-15,1936.27,,
ESTAT:ERT_H_EUR_D(1.0),08/01/26 11:00:00,Daily,Average,National currency (former currencies of the euro area countries),Italian lira,2000-06-16,1936.27,,
ESTAT:ERT_H_EUR_D(1.0),08/01/26 11:00:00,Daily,Average,National currency (former currencies of the euro area countries),Italian lira,2000-06-19,1936.27,,
ESTAT:ERT_H_EUR_D(1.0),08/01/26 11:00:00,Daily,Average,National currency (former currencies of the euro area countries),Italian lira,2000-06-20,1936.27,,
ESTAT:ERT_H_EUR_D(1.0),08/01/26 11:00:00,Daily,Average,National currency (former currencies of the euro area countries),Italian lira,2000-06-21,1936.27,,
ESTAT:ERT_H_EUR_D(1.0),08/01/26 11:00:00,Daily,Average,National currency (former currencies of the euro area countries),Italian lira,2000-06-22,1936.27,,
ESTAT:ERT_H_EUR_D(1.0),08/01/26 11:00:00,Daily,Average,National currency (former currencies of the euro area countries),Italian lira,2000-06-23,1936.27,,
ESTAT:ERT_H_EUR_D(1.0),08/01/26 11:00:00,Daily,Average,National currency (former currencies of the euro area countries),Italian lira,2000-06-26,1936.27,,
ESTAT:ERT_H_EUR_D(1.0),08/01/26 11:00:00,Daily,Average,National currency (former currencies of the euro area countries),Italian lira,2000-06-27,1936.27,,
ESTAT:ERT_H_EUR_D(1.0),08/01/26 11:00:00,Daily,Average,National currency (former currencies of the euro area countries),Italian lira,2000-06-28,1936.27,,
ESTAT:ERT_H_EUR_D(1.0),08/01/26 11:00:00,Daily,Average,National currency (former currencies of the euro area countries),Italian lira,2000-06-29,1936.27,,
ESTAT:ERT_H_EUR_D(1.0),08/01/26 11:00:00,Daily,Average,National currency (former currencies of the euro area countries),Italian lira,2000-06-30,1936.27,,
ESTAT:ERT_H_EUR_D(1.0),08/01/26 11:00:00,Daily,Average,National currency (former currencies of the euro area countries),Italian lira,2000-07-03,1936.27,,
ESTAT:ERT_H_EUR_D(1.0),08/01/26 11:00:00,Daily,Average,National currency (former currencies of the euro area countries),Italian lira,2000-07-04,1936.27,,
ESTAT:ERT_H_EUR_D(1.0),08/01/26 11:00:00,Daily,Average,National currency (former currencies of the euro area countries),Italian lira,2000-07-05,1936.27,,
ESTAT:ERT_H_EUR_D(1.0),08/01/26 11:00:00,Daily,Average,National currency (former currencies of the euro area countries),Italian lira,2000-07-06,1936.27,,
ESTAT:ERT_H_EUR_D(1.0),08/01/26 11:00:00,Daily,Average,National currency (former currencies of the euro area countries),Italian lira,2000-07-07,1936.27,,
ESTAT:ERT_H_EUR_D(1.0),08/01/26 11:00:00,Daily,Average,National currency (former currencies of the euro area countries),Italian lira,2000-07-10,1936.27,,
ESTAT:ERT_H_EUR_D(1.0),08/01/26 11:00:00,Daily,Average,National currency (former currencies of the euro area countries),Italian lira,2000-07-11,1936.27,,
ESTAT:ERT_H_EUR_D(1.0),08/01/26 11:00:00,Daily,Average,National currency (former currencies of the euro area countries),Italian lira,2000-07-12,1936.27,,
ESTAT:ERT_H_EUR_D(1.0),08/01/26 11:00:00,Daily,Average,National currency (former currencies of the euro area countries),Italian lira,2000-07-13,1936.27,,
ESTAT:ERT_H_EUR_D(1.0),08/01/26 11:00:00,Daily,Average,National currency (former currencies of the euro area countries),Italian lira,2000-07-14,1936.27,,
ESTAT:ERT_H_EUR_D(1.0),08/01/26 11:00:00,Daily,Average,National currency (former currencies of the euro area countries),Italian lira,2000-07-17,1936.27,,
ESTAT:ERT_H_EUR_D(1.0),08/01/26 11:00:00,Daily,Average,National currency (former currencies of the euro area countries),Italian lira,2000-07-18,1936.27,,
ESTAT:ERT_H_EUR_D(1.0),08/01/26 11:00:00,Daily,Average,National currency (former currencies of the euro area countries),Italian lira,2000-07-19,1936.27,,
ESTAT:ERT_H_EUR_D(1.0),08/01/26 11:00:00,Daily,Average,National currency (former currencies of the euro area countries),Italian lira,2000-07-20,1936.27,,
ESTAT:ERT_H_EUR_D(1.0),08/01/26 11:00:00,Daily,Average,National currency (former currencies of the euro area countries),Italian lira,2000-07-21,1936.27,,
ESTAT:ERT_H_EUR_D(1.0),08/01/26 11:00:00,Daily,Average,National currency (former currencies of the euro area countries),Italian lira,2000-07-24,1936.27,,
ESTAT:ERT_H_EUR_D(1.0),08/01/26 11:00:00,Daily,Average,National currency (former currencies of the euro area countries),Italian lira,2000-07-25,1936.27,,
ESTAT:ERT_H_EUR_D(1.0),08/01/26 11:00:00,Daily,Average,National currency (former currencies of the euro area countries),Italian lira,2000-07-26,1936.27,,
ESTAT:ERT_H_EUR_D(1.0),08/01/26 11:00:00,Daily,Average,National currency (former currencies of the euro area countries),Italian lira,2000-07-27,1936.27,,
ESTAT:ERT_H_EUR_D(1.0),08/01/26 11:00:00,Daily,Average,National currency (former currencies of the euro area countries),Italian lira,2000-07-28,1936.27,,
ESTAT:ERT_H_EUR_D(1.0),08/01/26 11:00:00,Daily,Average,National currency (former currencies of the euro area countries),Italian lira,2000-07-31,1936.27,,
ESTAT:ERT_H_EUR_D(1.0),08/01/26 11:00:00,Daily,Average,National currency (former currencies of the euro area countries),Italian lira,2000-08-01,1936.27,,
ESTAT:ERT_H_EUR_D(1.0),08/01/26 11:00:00,Daily,Average,National currency (former currencies of the euro area countries),Italian lira,2000-08-02,1936.27,,
ESTAT:ERT_H_EUR_D(1.0),08/01/26 11:00:00,Daily,Average,National currency (former currencies of the euro area countries),Italian lira,2000-08-03,1936.27,,
ESTAT:ERT_H_EUR_D(1.0),08/01/26 11:00:00,Daily,Average,National currency (former currencies of the euro area countries),Italian lira,2000-08-04,1936.27,,
ESTAT:ERT_H_EUR_D(1.0),08/01/26 11:00:00,Daily,Average,National currency (former currencies of the euro area countries),Italian lira,2000-08-07,1936.27,,
ESTAT:ERT_H_EUR_D(1.0),08/01/26 11:00:00,Daily,Average,National currency (former currencies of the euro area countries),Italian lira,2000-08-08,1936.27,,
ESTAT:ERT_H_EUR_D(1.0),08/01/26 11:00:00,Daily,Average,National currency (former currencies of the euro area countries),Italian lira,2000-08-09,1936.27,,
ESTAT:ERT_H_EUR_D(1.0),08/01/26 11:00:00,Daily,Average,National currency (former currencies of the euro area countries),Italian lira,2000-08-10,1936.27,,
ESTAT:ERT_H_EUR_D(1.0),08/01/26 11:00:00,Daily,Average,National currency (former currencies of the euro area countries),Italian lira,2000-08-11,1936.27,,
ESTAT:ERT_H_EUR_D(1.0),08/01/26 11:00:00,Daily,Average,National currency (former currencies of the euro area countries),Italian lira,2000-08-14,1936.27,,
ESTAT:ERT_H_EUR_D(1.0),08/01/26 11:00:00,Daily,Average,National currency (former currencies of the euro area countries),Italian lira,2000-08-15,1936.27,,
ESTAT:ERT_H_EUR_D(1.0),08/01/26 11:00:00,Daily,Average,National currency (former currencies of the euro area countries),Italian lira,2000-08-16,1936.27,,
ESTAT:ERT_H_EUR_D(1.0),08/01/26 11:00:00,Daily,Average,National currency (former currencies of the euro area countries),Italian lira,2000-08-17,1936.27,,
ESTAT:ERT_H_EUR_D(1.0),08/01/26 11:00:00,Daily,Average,National currency (former currencies of the euro area countries),Italian lira,2000-08-18,1936.27,,
ESTAT:ERT_H_EUR_D(1.0),08/01/26 11:00:00,Daily,Average,National currency (former currencies of the euro area countries),Italian lira,2000-08-21,1936.27,,
ESTAT:ERT_H_EUR_D(1.0),08/01/26 11:00:00,Daily,Average,National currency (former currencies of the euro area countries),Italian lira,2000-08-22,1936.27,,
ESTAT:ERT_H_EUR_D(1.0),08/01/26 11:00:00,Daily,Average,National currency (former currencies of the euro area countries),Italian lira,2000-08-23,1936.27,,
ESTAT:ERT_H_EUR_D(1.0),08/01/26 11:00:00,Daily,Average,National currency (former currencies of the euro area countries),Italian lira,2000-08-24,1936.27,,
ESTAT:ERT_H_EUR_D(1.0),08/01/26 11:00:00,Daily,Average,National currency (former currencies of the euro area countries),Italian lira,2000-08-25,1936.27,,
ESTAT:ERT_H_EUR_D(1.0),08/01/26 11:00:00,Daily,Average,National currency (former currencies of the euro area countries),Italian lira,2000-08-28,1936.27,,
ESTAT:ERT_H_EUR_D(1.0),08/01/26 11:00:00,Daily,Average,National currency (former currencies of the euro area countries),Italian lira,2000-08-29,1936.27,,
ESTAT:ERT_H_EUR_D(1.0),08/01/26 11:00:00,Daily,Average,National currency (former currencies of the euro area countries),Italian lira,2000-08-30,1936.27,,
ESTAT:ERT_H_EUR_D(1.0),08/01/26 11:00:00,Daily,Average,National currency (former currencies of the euro area countries),Italian lira,2000-08-31,1936.27,,
ESTAT:ERT_H_EUR_D(1.0),08/01/26 11:00:00,Daily,Average,National currency (former currencies of the euro area countries),Italian lira,2000-09-01,1936.27,,
ESTAT:ERT_H_EUR_D(1.0),08/01/26 11:00:00,Daily,Average,National currency (former currencies of the euro area countries),Italian lira,2000-09-04,1936.27,,
ESTAT:ERT_H_EUR_D(1.0),08/01/26 11:00:00,Daily,Average,National currency (former currencies of the euro area countries),Italian lira,2000-09-05,1936.27,,
ESTAT:ERT_H_EUR_D(1.0),08/01/26 11:00:00,Daily,Average,National currency (former currencies of the euro area countries),Italian lira,2000-09-06,1936.27,,
ESTAT:ERT_H_EUR_D(1.0),08/01/26 11:00:00,Daily,Average,National currency (former currencies of the euro area countries),Italian lira,2000-09-07,1936.27,,
ESTAT:ERT_H_EUR_D(1.0),08/01/26 11:00:00,Daily,Average,National currency (former currencies of the euro area countries),Italian lira,2000-09-08,1936.27,,
ESTAT:ERT_H_EUR_D(1.0),08/01/26 11:00:00,Daily,Average,National currency (former currencies of the euro area countries),Italian lira,2000-09-11,1936.27,,
ESTAT:ERT_H_EUR_D(1.0),08/01/26 11:00:00,Daily,Average,National currency (former currencies of the euro area countries),Italian lira,2000-09-12,1936.27,,
ESTAT:ERT_H_EUR_D(1.0),08/01/26 11:00:00,Daily,Average,National currency (former currencies of the euro area countries),Italian lira,2000-09-13,1936.27,,
ESTAT:ERT_H_EUR_D(1.0),08/01/26 11:00:00,Daily,Average,National currency (former currencies of the euro area countries),Italian lira,2000-09-14,1936.27,,
ESTAT:ERT_H_EUR_D(1.0),08/01/26 11:00:00,Daily,Average,National currency (former currencies of the euro area countries),Italian lira,2000-09-15,1936.27,,
ESTAT:ERT_H_EUR_D(1.0),08/01/26 11:00:00,Daily,Average,National currency (former currencies of the euro area countries),Italian lira,2000-09-18,1936.27,,
ESTAT:ERT_H_EUR_D(1.0),08/01/26 11:00:00,Daily,Average,National currency (former currencies of the euro area countries),Italian lira,2000-09-19,1936.27,,
ESTAT:ERT_H_EUR_D(1.0),08/01/26 11:00:00,Daily,Average,National currency (former currencies of the euro area countries),Italian lira,2000-09-20,1936.27,,
ESTAT:ERT_H_EUR_D(1.0),08/01/26 11:00:00,Daily,Average,National currency (former currencies of the euro area countries),Italian lira,2000-09-21,1936.27,,
ESTAT:ERT_H_EUR_D(1.0),08/01/26 11:00:00,Daily,Average,National currency (former currencies of the euro area countries),Italian lira,2000-09-22,1936.27,,
ESTAT:ERT_H_EUR_D(1.0),08/01/26 11:00:00,Daily,Average,National currency (former currencies of the euro area countries),Italian lira,2000-09-25,1936.27,,
ESTAT:ERT_H_EUR_D(1.0),08/01/26 11:00:00,Daily,Average,National currency (former currencies of the euro area countries),Italian lira,2000-09-26,1936.27,,
ESTAT:ERT_H_EUR_D(1.0),08/01/26 11:00:00,Daily,Average,National currency (former currencies of the euro area countries),Italian lira,2000-09-27,1936.27,,
ESTAT:ERT_H_EUR_D(1.0),08/01/26 11:00:00,Daily,Average,National currency (former currencies of the euro area countries),Italian lira,2000-09-28,1936.27,,
ESTAT:ERT_H_EUR_D(1.0),08/01/26 11:00:00,Daily,Average,National currency (former currencies of the euro area countries),Italian lira,2000-09-29,1936.27,,
ESTAT:ERT_H_EUR_D(1.0),08/01/26 11:00:00,Daily,Average,National currency (former currencies of the euro area countries),Italian lira,2000-10-02,1936.27,,
ESTAT:ERT_H_EUR_D(1.0),08/01/26 11:00:00,Daily,Average,National currency (former currencies of the euro area countries),Italian lira,2000-10-03,1936.27,,
ESTAT:ERT_H_EUR_D(1.0),08/01/26 11:00:00,Daily,Average,National currency (former currencies of the euro area countries),Italian lira,2000-10-04,1936.27,,
ESTAT:ERT_H_EUR_D(1.0),08/01/26 11:00:00,Daily,Average,National currency (former currencies of the euro area countries),Italian lira,2000-10-05,1936.27,,
ESTAT:ERT_H_EUR_D(1.0),08/01/26 11:00:00,Daily,Average,National currency (former currencies of the euro area countries),Italian lira,2000-10-06,1936.27,,
ESTAT:ERT_H_EUR_D(1.0),08/01/26 11:00:00,Daily,Average,National currency (former currencies of the euro area countries),Italian lira,2000-10-09,1936.27,,
ESTAT:ERT_H_EUR_D(1.0),08/01/26 11:00:00,Daily,Average,National currency (former currencies of the euro area countries),Italian lira,2000-10-10,1936.27,,
ESTAT:ERT_H_EUR_D(1.0),08/01/26 11:00:00,Daily,Average,National currency (former currencies of the euro area countries),Italian lira,2000-10-11,1936.27,,
ESTAT:ERT_H_EUR_D(1.0),08/01/26 11:00:00,Daily,Average,National currency (former currencies of the euro area countries),Italian lira,2000-10-12,1936.27,,
ESTAT:ERT_H_EUR_D(1.0),08/01/26 11:00:00,Daily,Average,National currency (former currencies of the euro area countries),Italian lira,2000-10-13,1936.27,,
ESTAT:ERT_H_EUR_D(1.0),08/01/26 11:00:00,Daily,Average,National currency (former currencies of the euro area countries),Italian lira,2000-10-16,1936.27,,
ESTAT:ERT_H_EUR_D(1.0),08/01/26 11:00:00,Daily,Average,National currency (former currencies of the euro area countries),Italian lira,2000-10-17,1936.27,,
ESTAT:ERT_H_EUR_D(1.0),08/01/26 11:00:00,Daily,Average,National currency (former currencies of the euro area countries),Italian lira,2000-10-18,1936.27,,
ESTAT:ERT_H_EUR_D(1.0),08/01/26 11:00:00,Daily,Average,National currency (former currencies of the euro area countries),Italian lira,2000-10-19,1936.27,,
ESTAT:ERT_H_EUR_D(1.0),08/01/26 11:00:00,Daily,Average,National currency (former currencies of the euro area countries),Italian lira,2000-10-20,1936.27,,
ESTAT:ERT_H_EUR_D(1.0),08/01/26 11:00:00,Daily,Average,National currency (former currencies of the euro area countries),Italian lira,2000-10-23,1936.27,,
ESTAT:ERT_H_EUR_D(1.0),08/01/26 11:00:00,Daily,Average,National currency (former currencies of the euro area countries),Italian lira,2000-10-24,1936.27,,
ESTAT:ERT_H_EUR_D(1.0),08/01/26 11:00:00,Daily,Average,National currency (former currencies of the euro area countries),Italian lira,2000-10-25,1936.27,,
ESTAT:ERT_H_EUR_D(1.0),08/01/26 11:00:00,Daily,Average,National currency (former currencies of the euro area countries),Italian lira,2000-10-26,1936.27,,
ESTAT:ERT_H_EUR_D(1.0),08/01/26 11:00:00,Daily,Average,National currency (former currencies of the euro area countries),Italian lira,2000-10-27,1936.27,,
ESTAT:ERT_H_EUR_D(1.0),08/01/26 11:00:00,Daily,Average,National currency (former currencies of the euro area countries),Italian lira,2000-10-30,1936.27,,
ESTAT:ERT_H_EUR_D(1.0),08/01/26 11:00:00,Daily,Average,National currency (former currencies of the euro area countries),Italian lira,2000-10-31,1936.27,,
ESTAT:ERT_H_EUR_D(1.0),08/01/26 11:00:00,Daily,Average,National currency (former currencies of the euro area countries),Italian lira,2000-11-01,1936.27,,
ESTAT:ERT_H_EUR_D(1.0),08/01/26 11:00:00,Daily,Average,National currency (former currencies of the euro area countries),Italian lira,2000-11-02,1936.27,,
ESTAT:ERT_H_EUR_D(1.0),08/01/26 11:00:00,Daily,Average,National currency (former currencies of the euro area countries),Italian lira,2000-11-03,1936.27,,
ESTAT:ERT_H_EUR_D(1.0),08/01/26 11:00:00,Daily,Average,National currency (former currencies of the euro area countries),Italian lira,2000-11-06,1936.27,,
ESTAT:ERT_H_EUR_D(1.0),08/01/26 11:00:00,Daily,Average,National currency (former currencies of the euro area countries),Italian lira,2000-11-07,1936.27,,
ESTAT:ERT_H_EUR_D(1.0),08/01/26 11:00:00,Daily,Average,National currency (former currencies of the euro area countries),Italian lira,2000-11-08,1936.27,,
ESTAT:ERT_H_EUR_D(1.0),08/01/26 11:00:00,Daily,Average,National currency (former currencies of the euro area countries),Italian lira,2000-11-09,1936.27,,
ESTAT:ERT_H_EUR_D(1.0),08/01/26 11:00:00,Daily,Average,National currency (former currencies of the euro area countries),Italian lira,2000-11-10,1936.27,,
ESTAT:ERT_H_EUR_D(1.0),08/01/26 11:00:00,Daily,Average,National currency (former currencies of the euro area countries),Italian lira,2000-11-13,1936.27,,
ESTAT:ERT_H_EUR_D(1.0),08/01/26 11:00:00,Daily,Average,National currency (former currencies of the euro area countries),Italian lira,2000-11-14,1936.27,,
ESTAT:ERT_H_EUR_D(1.0),08/01/26 11:00:00,Daily,Average,National currency (former currencies of the euro area countries),Italian lira,2000-11-15,1936.27,,
ESTAT:ERT_H_EUR_D(1.0),08/01/26 11:00:00,Daily,Average,National currency (former currencies of the euro area countries),Italian lira,2000-11-16,1936.27,,
ESTAT:ERT_H_EUR_D(1.0),08/01/26 11:00:00,Daily,Average,National currency (former currencies of the euro area countries),Italian lira,2000-11-17,1936.27,,
ESTAT:ERT_H_EUR_D(1.0),08/01/26 11:00:00,Daily,Average,National currency (former currencies of the euro area countries),Italian lira,2000-11-20,1936.27,,
ESTAT:ERT_H_EUR_D(1.0),08/01/26 11:00:00,Daily,Average,National currency (former currencies of the euro area countries),Italian lira,2000-11-21,1936.27,,
ESTAT:ERT_H_EUR_D(1.0),08/01/26 11:00:00,Daily,Average,National currency (former currencies of the euro area countries),Italian lira,2000-11-22,1936.27,,
ESTAT:ERT_H_EUR_D(1.0),08/01/26 11:00:00,Daily,Average,National currency (former currencies of the euro area countries),Italian lira,2000-11-23,1936.27,,
ESTAT:ERT_H_EUR_D(1.0),08/01/26 11:00:00,Daily,Average,National currency (former currencies of the euro area countries),Italian lira,2000-11-24,1936.27,,
ESTAT:ERT_H_EUR_D(1.0),08/01/26 11:00:00,Daily,Average,National currency (former currencies of the euro area countries),Italian lira,2000-11-27,1936.27,,
ESTAT:ERT_H_EUR_D(1.0),08/01/26 11:00:00,Daily,Average,National currency (former currencies of the euro area countries),Italian lira,2000-11-28,1936.27,,
ESTAT:ERT_H_EUR_D(1.0),08/01/26 11:00:00,Daily,Average,National currency (former currencies of the euro area countries),Italian lira,2000-11-29,1936.27,,
ESTAT:ERT_H_EUR_D(1.0),08/01/26 11:00:00,Daily,Average,National currency (former currencies of the euro area countries),Italian lira,2000-11-30,1936.27,,
ESTAT:ERT_H_EUR_D(1.0),08/01/26 11:00:00,Daily,Average,National currency (former currencies of the euro area countries),Italian lira,2000-12-01,1936.27,,
ESTAT:ERT_H_EUR_D(1.0),08/01/26 11:00:00,Daily,Average,National currency (former currencies of the euro area countries),Italian lira,2000-12-04,1936.27,,
ESTAT:ERT_H_EUR_D(1.0),08/01/26 11:00:00,Daily,Average,National currency (former currencies of the euro area countries),Italian lira,2000-12-05,1936.27,,
ESTAT:ERT_H_EUR_D(1.0),08/01/26 11:00:00,Daily,Average,National currency (former currencies of the euro area countries),Italian lira,2000-12-06,1936.27,,
ESTAT:ERT_H_EUR_D(1.0),08/01/26 11:00:00,Daily,Average,National currency (former currencies of the euro area countries),Italian lira,2000-12-07,1936.27,,
ESTAT:ERT_H_EUR_D(1.0),08/01/26 11:00:00,Daily,Average,National currency (former currencies of the euro area countries),Italian lira,2000-12-08,1936.27,,
ESTAT:ERT_H_EUR_D(1.0),08/01/26 11:00:00,Daily,Average,National currency (former currencies of the euro area countries),Italian lira,2000-12-11,1936.27,,
ESTAT:ERT_H_EUR_D(1.0),08/01/26 11:00:00,Daily,Average,National currency (former currencies of the euro area countries),Italian lira,2000-12-12,1936.27,,
ESTAT:ERT_H_EUR_D(1.0),08/01/26 11:00:00,Daily,Average,National currency (former currencies of the euro area countries),Italian lira,2000-12-13,1936.27,,
ESTAT:ERT_H_EUR_D(1.0),08/01/26 11:00:00,Daily,Average,National currency (former currencies of the euro area countries),Italian lira,2000-12-14,1936.27,,
ESTAT:ERT_H_EUR_D(1.0),08/01/26 11:00:00,Daily,Average,National currency (former currencies of the euro area countries),Italian lira,2000-12-15,1936.27,,
ESTAT:ERT_H_EUR_D(1.0),08/01/26 11:00:00,Daily,Average,National currency (former currencies of the euro area countries),Italian lira,2000-12-18,1936.27,,
ESTAT:ERT_H_EUR_D(1.0),08/01/26 11:00:00,Daily,Average,National currency (former currencies of the euro area countries),Italian lira,2000-12-19,1936.27,,
ESTAT:ERT_H_EUR_D(1.0),08/01/26 11:00:00,Daily,Average,National currency (former currencies of the euro area countries),Italian lira,2000-12-20,1936.27,,
ESTAT:ERT_H_EUR_D(1.0),08/01/26 11:00:00,Daily,Average,National currency (former currencies of the euro area countries),Italian lira,2000-12-21,1936.27,,
ESTAT:ERT_H_EUR_D(1.0),08/01/26 11:00:00,Daily,Average,National currency (former currencies of the euro area countries),Italian lira,2000-12-22,1936.27,,
ESTAT:ERT_H_EUR_D(1.0),08/01/26 11:00:00,Daily,Average,National currency (former currencies of the euro area countries),Italian lira,2000-12-25,1936.27,,
ESTAT:ERT_H_EUR_D(1.0),08/01/26 11:00:00,Daily,Average,National currency (former currencies of the euro area countries),Italian lira,2000-12-26,1936.27,,
ESTAT:ERT_H_EUR_D(1.0),08/01/26 11:00:00,Daily,Average,National currency (former currencies of the euro area countries),Italian lira,2000-12-27,1936.27,,
ESTAT:ERT_H_EUR_D(1.0),08/01/26 11:00:00,Daily,Average,National currency (former currencies of the euro area countries),Italian lira,2000-12-28,1936.27,,
ESTAT:ERT_H_EUR_D(1.0),08/01/26 11:00:00,Daily,Average,National currency (former currencies of the euro area countries),Italian lira,2000-12-29,1936.27,,
ESTAT:ERT_H_EUR_D(1.0),08/01/26 11:00:00,Daily,Average,National currency (former currencies of the euro area countries),Italian lira,2001-01-01,1936.27,,
ESTAT:ERT_H_EUR_D(1.0),08/01/26 11:00:00,Daily,Average,National currency (former currencies of the euro area countries),Italian lira,2001-01-02,1936.27,,
ESTAT:ERT_H_EUR_D(1.0),08/01/26 11:00:00,Daily,Average,National currency (former currencies of the euro area countries),Italian lira,2001-01-03,1936.27,,
ESTAT:ERT_H_EUR_D(1.0),08/01/26 11:00:00,Daily,Average,National currency (former currencies of the euro area countries),Italian lira,2001-01-04,1936.27,,
ESTAT:ERT_H_EUR_D(1.0),08/01/26 11:00:00,Daily,Average,National currency (former currencies of the euro area countries),Italian lira,2001-01-05,1936.27,,
ESTAT:ERT_H_EUR_D(1.0),08/01/26 11:00:00,Daily,Average,National currency (former currencies of the euro area countries),Italian lira,2001-01-08,1936.27,,
ESTAT:ERT_H_EUR_D(1.0),08/01/26 11:00:00,Daily,Average,National currency (former currencies of the euro area countries),Italian lira,2001-01-09,1936.27,,
ESTAT:ERT_H_EUR_D(1.0),08/01/26 11:00:00,Daily,Average,National currency (former currencies of the euro area countries),Italian lira,2001-01-10,1936.27,,
ESTAT:ERT_H_EUR_D(1.0),08/01/26 11:00:00,Daily,Average,National currency (former currencies of the euro area countries),Italian lira,2001-01-11,1936.27,,
ESTAT:ERT_H_EUR_D(1.0),08/01/26 11:00:00,Daily,Average,National currency (former currencies of the euro area countries),Italian lira,2001-01-12,1936.27,,
ESTAT:ERT_H_EUR_D(1.0),08/01/26 11:00:00,Daily,Average,National currency (former currencies of the euro area countries),Italian lira,2001-01-15,1936.27,,
ESTAT:ERT_H_EUR_D(1.0),08/01/26 11:00:00,Daily,Average,National currency (former currencies of the euro area countries),Italian lira,2001-01-16,1936.27,,
ESTAT:ERT_H_EUR_D(1.0),08/01/26 11:00:00,Daily,Average,National currency (former currencies of the euro area countries),Italian lira,2001-01-17,1936.27,,
ESTAT:ERT_H_EUR_D(1.0),08/01/26 11:00:00,Daily,Average,National currency (former currencies of the euro area countries),Italian lira,2001-01-18,1936.27,,
ESTAT:ERT_H_EUR_D(1.0),08/01/26 11:00:00,Daily,Average,National currency (former currencies of the euro area countries),Italian lira,2001-01-19,1936.27,,
ESTAT:ERT_H_EUR_D(1.0),08/01/26 11:00:00,Daily,Average,National currency (former currencies of the euro area countries),Italian lira,2001-01-22,1936.27,,
ESTAT:ERT_H_EUR_D(1.0),08/01/26 11:00:00,Daily,Average,National currency (former currencies of the euro area countries),Italian lira,2001-01-23,1936.27,,
ESTAT:ERT_H_EUR_D(1.0),08/01/26 11:00:00,Daily,Average,National currency (former currencies of the euro area countries),Italian lira,2001-01-24,1936.27,,
ESTAT:ERT_H_EUR_D(1.0),08/01/26 11:00:00,Daily,Average,National currency (former currencies of the euro area countries),Italian lira,2001-01-25,1936.27,,
ESTAT:ERT_H_EUR_D(1.0),08/01/26 11:00:00,Daily,Average,National currency (former currencies of the euro area countries),Italian lira,2001-01-26,1936.27,,
ESTAT:ERT_H_EUR_D(1.0),08/01/26 11:00:00,Daily,Average,National currency (former currencies of the euro area countries),Italian lira,2001-01-29,1936.27,,
ESTAT:ERT_H_EUR_D(1.0),08/01/26 11:00:00,Daily,Average,National currency (former currencies of the euro area countries),Italian lira,2001-01-30,1936.27,,
ESTAT:ERT_H_EUR_D(1.0),08/01/26 11:00:00,Daily,Average,National currency (former currencies of the euro area countries),Italian lira,2001-01-31,1936.27,,
ESTAT:ERT_H_EUR_D(1.0),08/01/26 11:00:00,Daily,Average,National currency (former currencies of the euro area countries),Italian lira,2001-02-01,1936.27,,
ESTAT:ERT_H_EUR_D(1.0),08/01/26 11:00:00,Daily,Average,National currency (former currencies of the euro area countries),Italian lira,2001-02-02,1936.27,,
ESTAT:ERT_H_EUR_D(1.0),08/01/26 11:00:00,Daily,Average,National currency (former currencies of the euro area countries),Italian lira,2001-02-05,1936.27,,
ESTAT:ERT_H_EUR_D(1.0),08/01/26 11:00:00,Daily,Average,National currency (former currencies of the euro area countries),Italian lira,2001-02-06,1936.27,,
ESTAT:ERT_H_EUR_D(1.0),08/01/26 11:00:00,Daily,Average,National currency (former currencies of the euro area countries),Italian lira,2001-02-07,1936.27,,
ESTAT:ERT_H_EUR_D(1.0),08/01/26 11:00:00,Daily,Average,National currency (former currencies of the euro area countries),Italian lira,2001-02-08,1936.27,,
ESTAT:ERT_H_EUR_D(1.0),08/01/26 11:00:00,Daily,Average,National currency (former currencies of the euro area countries),Italian lira,2001-02-09,1936.27,,
ESTAT:ERT_H_EUR_D(1.0),08/01/26 11:00:00,Daily,Average,National currency (former currencies of the euro area countries),Italian lira,2001-02-12,1936.27,,
ESTAT:ERT_H_EUR_D(1.0),08/01/26 11:00:00,Daily,Average,National currency (former currencies of the euro area countries),Italian lira,2001-02-13,1936.27,,
ESTAT:ERT_H_EUR_D(1.0),08/01/26 11:00:00,Daily,Average,National currency (former currencies of the euro area countries),Italian lira,2001-02-14,1936.27,,
ESTAT:ERT_H_EUR_D(1.0),08/01/26 11:00:00,Daily,Average,National currency (former currencies of the euro area countries),Italian lira,2001-02-15,1936.27,,
ESTAT:ERT_H_EUR_D(1.0),08/01/26 11:00:00,Daily,Average,National currency (former currencies of the euro area countries),Italian lira,2001-02-16,1936.27,,
ESTAT:ERT_H_EUR_D(1.0),08/01/26 11:00:00,Daily,Average,National currency (former currencies of the euro area countries),Italian lira,2001-02-19,1936.27,,
ESTAT:ERT_H_EUR_D(1.0),08/01/26 11:00:00,Daily,Average,National currency (former currencies of the euro area countries),Italian lira,2001-02-20,1936.27,,
ESTAT:ERT_H_EUR_D(1.0),08/01/26 11:00:00,Daily,Average,National currency (former currencies of the euro area countries),Italian lira,2001-02-21,1936.27,,
ESTAT:ERT_H_EUR_D(1.0),08/01/26 11:00:00,Daily,Average,National currency (former currencies of the euro area countries),Italian lira,2001-02-22,1936.27,,
ESTAT:ERT_H_EUR_D(1.0),08/01/26 11:00:00,Daily,Average,National currency (former currencies of the euro area countries),Italian lira,2001-02-23,1936.27,,
ESTAT:ERT_H_EUR_D(1.0),08/01/26 11:00:00,Daily,Average,National currency (former currencies of the euro area countries),Italian lira,2001-02-26,1936.27,,
ESTAT:ERT_H_EUR_D(1.0),08/01/26 11:00:00,Daily,Average,National currency (former currencies of the euro area countries),Italian lira,2001-02-27,1936.27,,
ESTAT:ERT_H_EUR_D(1.0),08/01/26 11:00:00,Daily,Average,National currency (former currencies of the euro area countries),Italian lira,2001-02-28,1936.27,,
ESTAT:ERT_H_EUR_D(1.0),08/01/26 11:00:00,Daily,Average,National currency (former currencies of the euro area countries),Italian lira,2001-03-01,1936.27,,
ESTAT:ERT_H_EUR_D(1.0),08/01/26 11:00:00,Daily,Average,National currency (former currencies of the euro area countries),Italian lira,2001-03-02,1936.27,,
ESTAT:ERT_H_EUR_D(1.0),08/01/26 11:00:00,Daily,Average,National currency (former currencies of the euro area countries),Italian lira,2001-03-05,1936.27,,
ESTAT:ERT_H_EUR_D(1.0),08/01/26 11:00:00,Daily,Average,National currency (former currencies of the euro area countries),Italian lira,2001-03-06,1936.27,,
ESTAT:ERT_H_EUR_D(1.0),08/01/26 11:00:00,Daily,Average,National currency (former currencies of the euro area countries),Italian lira,2001-03-07,1936.27,,
ESTAT:ERT_H_EUR_D(1.0),08/01/26 11:00:00,Daily,Average,National currency (former currencies of the euro area countries),Italian lira,2001-03-08,1936.27,,
ESTAT:ERT_H_EUR_D(1.0),08/01/26 11:00:00,Daily,Average,National currency (former currencies of the euro area countries),Italian lira,2001-03-09,1936.27,,
ESTAT:ERT_H_EUR_D(1.0),08/01/26 11:00:00,Daily,Average,National currency (former currencies of the euro area countries),Italian lira,2001-03-12,1936.27,,
ESTAT:ERT_H_EUR_D(1.0),08/01/26 11:00:00,Daily,Average,National currency (former currencies of the euro area countries),Italian lira,2001-03-13,1936.27,,
ESTAT:ERT_H_EUR_D(1.0),08/01/26 11:00:00,Daily,Average,National currency (former currencies of the euro area countries),Italian lira,2001-03-14,1936.27,,
ESTAT:ERT_H_EUR_D(1.0),08/01/26 11:00:00,Daily,Average,National currency (former currencies of the euro area countries),Italian lira,2001-03-15,1936.27,,
ESTAT:ERT_H_EUR_D(1.0),08/01/26 11:00:00,Daily,Average,National currency (former currencies of the euro area countries),Italian lira,2001-03-16,1936.27,,
ESTAT:ERT_H_EUR_D(1.0),08/01/26 11:00:00,Daily,Average,National currency (former currencies of the euro area countries),Italian lira,2001-03-19,1936.27,,
ESTAT:ERT_H_EUR_D(1.0),08/01/26 11:00:00,Daily,Average,National currency (former currencies of the euro area countries),Italian lira,2001-03-20,1936.27,,
ESTAT:ERT_H_EUR_D(1.0),08/01/26 11:00:00,Daily,Average,National currency (former currencies of the euro area countries),Italian lira,2001-03-21,1936.27,,
ESTAT:ERT_H_EUR_D(1.0),08/01/26 11:00:00,Daily,Average,National currency (former currencies of the euro area countries),Italian lira,2001-03-22,1936.27,,
ESTAT:ERT_H_EUR_D(1.0),08/01/26 11:00:00,Daily,Average,National currency (former currencies of the euro area countries),Italian lira,2001-03-23,1936.27,,
ESTAT:ERT_H_EUR_D(1.0),08/01/26 11:00:00,Daily,Average,National currency (former currencies of the euro area countries),Italian lira,2001-03-26,1936.27,,
ESTAT:ERT_H_EUR_D(1.0),08/01/26 11:00:00,Daily,Average,National currency (former currencies of the euro area countries),Italian lira,2001-03-27,1936.27,,
ESTAT:ERT_H_EUR_D(1.0),08/01/26 11:00:00,Daily,Average,National currency (former currencies of the euro area countries),Italian lira,2001-03-28,1936.27,,
ESTAT:ERT_H_EUR_D(1.0),08/01/26 11:00:00,Daily,Average,National currency (former currencies of the euro area countries),Italian lira,2001-03-29,1936.27,,
ESTAT:ERT_H_EUR_D(1.0),08/01/26 11:00:00,Daily,Average,National currency (former currencies of the euro area countries),Italian lira,2001-03-30,1936.27,,
ESTAT:ERT_H_EUR_D(1.0),08/01/26 11:00:00,Daily,Average,National currency (former currencies of the euro area countries),Italian lira,2001-04-02,1936.27,,
ESTAT:ERT_H_EUR_D(1.0),08/01/26 11:00:00,Daily,Average,National currency (former currencies of the euro area countries),Italian lira,2001-04-03,1936.27,,
ESTAT:ERT_H_EUR_D(1.0),08/01/26 11:00:00,Daily,Average,National currency (former currencies of the euro area countries),Italian lira,2001-04-04,1936.27,,
ESTAT:ERT_H_EUR_D(1.0),08/01/26 11:00:00,Daily,Average,National currency (former currencies of the euro area countries),Italian lira,2001-04-05,1936.27,,
ESTAT:ERT_H_EUR_D(1.0),08/01/26 11:00:00,Daily,Average,National currency (former currencies of the euro area countries),Italian lira,2001-04-06,1936.27,,
ESTAT:ERT_H_EUR_D(1.0),08/01/26 11:00:00,Daily,Average,National currency (former currencies of the euro area countries),Italian lira,2001-04-09,1936.27,,
ESTAT:ERT_H_EUR_D(1.0),08/01/26 11:00:00,Daily,Average,National currency (former currencies of the euro area countries),Italian lira,2001-04-10,1936.27,,
ESTAT:ERT_H_EUR_D(1.0),08/01/26 11:00:00,Daily,Average,National currency (former currencies of the euro area countries),Italian lira,2001-04-11,1936.27,,
ESTAT:ERT_H_EUR_D(1.0),08/01/26 11:00:00,Daily,Average,National currency (former currencies of the euro area countries),Italian lira,2001-04-12,1936.27,,
ESTAT:ERT_H_EUR_D(1.0),08/01/26 11:00:00,Daily,Average,National currency (former currencies of the euro area countries),Italian lira,2001-04-13,1936.27,,
ESTAT:ERT_H_EUR_D(1.0),08/01/26 11:00:00,Daily,Average,National currency (former currencies of the euro area countries),Italian lira,2001-04-16,1936.27,,
ESTAT:ERT_H_EUR_D(1.0),08/01/26 11:00:00,Daily,Average,National currency (former currencies of the euro area countries),Italian lira,2001-04-17,1936.27,,
ESTAT:ERT_H_EUR_D(1.0),08/01/26 11:00:00,Daily,Average,National currency (former currencies of the euro area countries),Italian lira,2001-04-18,1936.27,,
ESTAT:ERT_H_EUR_D(1.0),08/01/26 11:00:00,Daily,Average,National currency (former currencies of the euro area countries),Italian lira,2001-04-19,1936.27,,
ESTAT:ERT_H_EUR_D(1.0),08/01/26 11:00:00,Daily,Average,National currency (former currencies of the euro area countries),Italian lira,2001-04-20,1936.27,,
ESTAT:ERT_H_EUR_D(1.0),08/01/26 11:00:00,Daily,Average,National currency (former currencies of the euro area countries),Italian lira,2001-04-23,1936.27,,
ESTAT:ERT_H_EUR_D(1.0),08/01/26 11:00:00,Daily,Average,National currency (former currencies of the euro area countries),Italian lira,2001-04-24,1936.27,,
ESTAT:ERT_H_EUR_D(1.0),08/01/26 11:00:00,Daily,Average,National currency (former currencies of the euro area countries),Italian lira,2001-04-25,1936.27,,
ESTAT:ERT_H_EUR_D(1.0),08/01/26 11:00:00,Daily,Average,National currency (former currencies of the euro area countries),Italian lira,2001-04-26,1936.27,,
ESTAT:ERT_H_EUR_D(1.0),08/01/26 11:00:00,Daily,Average,National currency (former currencies of the euro area countries),Italian lira,2001-04-27,1936.27,,
ESTAT:ERT_H_EUR_D(1.0),08/01/26 11:00:00,Daily,Average,National currency (former currencies of the euro area countries),Italian lira,2001-04-30,1936.27,,
ESTAT:ERT_H_EUR_D(1.0),08/01/26 11:00:00,Daily,Average,National currency (former currencies of the euro area countries),Italian lira,2001-05-01,1936.27,,
ESTAT:ERT_H_EUR_D(1.0),08/01/26 11:00:00,Daily,Average,National currency (former currencies of the euro area countries),Italian lira,2001-05-02,1936.27,,
ESTAT:ERT_H_EUR_D(1.0),08/01/26 11:00:00,Daily,Average,National currency (former currencies of the euro area countries),Italian lira,2001-05-03,1936.27,,
ESTAT:ERT_H_EUR_D(1.0),08/01/26 11:00:00,Daily,Average,National currency (former currencies of the euro area countries),Italian lira,2001-05-04,1936.27,,
ESTAT:ERT_H_EUR_D(1.0),08/01/26 11:00:00,Daily,Average,National currency (former currencies of the euro area countries),Italian lira,2001-05-07,1936.27,,
ESTAT:ERT_H_EUR_D(1.0),08/01/26 11:00:00,Daily,Average,National currency (former currencies of the euro area countries),Italian lira,2001-05-08,1936.27,,
ESTAT:ERT_H_EUR_D(1.0),08/01/26 11:00:00,Daily,Average,National currency (former currencies of the euro area countries),Italian lira,2001-05-09,1936.27,,
ESTAT:ERT_H_EUR_D(1.0),08/01/26 11:00:00,Daily,Average,National currency (former currencies of the euro area countries),Italian lira,2001-05-10,1936.27,,
ESTAT:ERT_H_EUR_D(1.0),08/01/26 11:00:00,Daily,Average,National currency (former currencies of the euro area countries),Italian lira,2001-05-11,1936.27,,
ESTAT:ERT_H_EUR_D(1.0),08/01/26 11:00:00,Daily,Average,National currency (former currencies of the euro area countries),Italian lira,2001-05-14,1936.27,,
ESTAT:ERT_H_EUR_D(1.0),08/01/26 11:00:00,Daily,Average,National currency (former currencies of the euro area countries),Italian lira,2001-05-15,1936.27,,
ESTAT:ERT_H_EUR_D(1.0),08/01/26 11:00:00,Daily,Average,National currency (former currencies of the euro area countries),Italian lira,2001-05-16,1936.27,,
ESTAT:ERT_H_EUR_D(1.0),08/01/26 11:00:00,Daily,Average,National currency (former currencies of the euro area countries),Italian lira,2001-05-17,1936.27,,
ESTAT:ERT_H_EUR_D(1.0),08/01/26 11:00:00,Daily,Average,National currency (former currencies of the euro area countries),Italian lira,2001-05-18,1936.27,,
ESTAT:ERT_H_EUR_D(1.0),08/01/26 11:00:00,Daily,Average,National currency (former currencies of the euro area countries),Italian lira,2001-05-21,1936.27,,
ESTAT:ERT_H_EUR_D(1.0),08/01/26 11:00:00,Daily,Average,National currency (former currencies of the euro area countries),Italian lira,2001-05-22,1936.27,,
ESTAT:ERT_H_EUR_D(1.0),08/01/26 11:00:00,Daily,Average,National currency (former currencies of the euro area countries),Italian lira,2001-05-23,1936.27,,
ESTAT:ERT_H_EUR_D(1.0),08/01/26 11:00:00,Daily,Average,National currency (former currencies of the euro area countries),Italian lira,2001-05-24,1936.27,,
ESTAT:ERT_H_EUR_D(1.0),08/01/26 11:00:00,Daily,Average,National currency (former currencies of the euro area countries),Italian lira,2001-05-25,1936.27,,
ESTAT:ERT_H_EUR_D(1.0),08/01/26 11:00:00,Daily,Average,National currency (former currencies of the euro area countries),Italian lira,2001-05-28,1936.27,,
ESTAT:ERT_H_EUR_D(1.0),08/01/26 11:00:00,Daily,Average,National currency (former currencies of the euro area countries),Italian lira,2001-05-29,1936.27,,
ESTAT:ERT_H_EUR_D(1.0),08/01/26 11:00:00,Daily,Average,National currency (former currencies of the euro area countries),Italian lira,2001-05-30,1936.27,,
ESTAT:ERT_H_EUR_D(1.0),08/01/26 11:00:00,Daily,Average,National currency (former currencies of the euro area countries),Italian lira,2001-05-31,1936.27,,
ESTAT:ERT_H_EUR_D(1.0),08/01/26 11:00:00,Daily,Average,National currency (former currencies of the euro area countries),Italian lira,2001-06-01,1936.27,,
ESTAT:ERT_H_EUR_D(1.0),08/01/26 11:00:00,Daily,Average,National currency (former currencies of the euro area countries),Italian lira,2001-06-04,1936.27,,
ESTAT:ERT_H_EUR_D(1.0),08/01/26 11:00:00,Daily,Average,National currency (former currencies of the euro area countries),Italian lira,2001-06-05,1936.27,,
ESTAT:ERT_H_EUR_D(1.0),08/01/26 11:00:00,Daily,Average,National currency (former currencies of the euro area countries),Italian lira,2001-06-06,1936.27,,
ESTAT:ERT_H_EUR_D(1.0),08/01/26 11:00:00,Daily,Average,National currency (former currencies of the euro area countries),Italian lira,2001-06-07,1936.27,,
ESTAT:ERT_H_EUR_D(1.0),08/01/26 11:00:00,Daily,Average,National currency (former currencies of the euro area countries),Italian lira,2001-06-08,1936.27,,
ESTAT:ERT_H_EUR_D(1.0),08/01/26 11:00:00,Daily,Average,National currency (former currencies of the euro area countries),Italian lira,2001-06-11,1936.27,,
ESTAT:ERT_H_EUR_D(1.0),08/01/26 11:00:00,Daily,Average,National currency (former currencies of the euro area countries),Italian lira,2001-06-12,1936.27,,
ESTAT:ERT_H_EUR_D(1.0),08/01/26 11:00:00,Daily,Average,National currency (former currencies of the euro area countries),Italian lira,2001-06-13,1936.27,,
ESTAT:ERT_H_EUR_D(1.0),08/01/26 11:00:00,Daily,Average,National currency (former currencies of the euro area countries),Italian lira,2001-06-14,1936.27,,
ESTAT:ERT_H_EUR_D(1.0),08/01/26 11:00:00,Daily,Average,National currency (former currencies of the euro area countries),Italian lira,2001-06-15,1936.27,,
ESTAT:ERT_H_EUR_D(1.0),08/01/26 11:00:00,Daily,Average,National currency (former currencies of the euro area countries),Italian lira,2001-06-18,1936.27,,
ESTAT:ERT_H_EUR_D(1.0),08/01/26 11:00:00,Daily,Average,National currency (former currencies of the euro area countries),Italian lira,2001-06-19,1936.27,,
ESTAT:ERT_H_EUR_D(1.0),08/01/26 11:00:00,Daily,Average,National currency (former currencies of the euro area countries),Italian lira,2001-06-20,1936.27,,
ESTAT:ERT_H_EUR_D(1.0),08/01/26 11:00:00,Daily,Average,National currency (former currencies of the euro area countries),Italian lira,2001-06-21,1936.27,,
ESTAT:ERT_H_EUR_D(1.0),08/01/26 11:00:00,Daily,Average,National currency (former currencies of the euro area countries),Italian lira,2001-06-22,1936.27,,
ESTAT:ERT_H_EUR_D(1.0),08/01/26 11:00:00,Daily,Average,National currency (former currencies of the euro area countries),Italian lira,2001-06-25,1936.27,,
ESTAT:ERT_H_EUR_D(1.0),08/01/26 11:00:00,Daily,Average,National currency (former currencies of the euro area countries),Italian lira,2001-06-26,1936.27,,
ESTAT:ERT_H_EUR_D(1.0),08/01/26 11:00:00,Daily,Average,National currency (former currencies of the euro area countries),Italian lira,2001-06-27,1936.27,,
ESTAT:ERT_H_EUR_D(1.0),08/01/26 11:00:00,Daily,Average,National currency (former currencies of the euro area countries),Italian lira,2001-06-28,1936.27,,
ESTAT:ERT_H_EUR_D(1.0),08/01/26 11:00:00,Daily,Average,National currency (former currencies of the euro area countries),Italian lira,2001-06-29,1936.27,,
ESTAT:ERT_H_EUR_D(1.0),08/01/26 11:00:00,Daily,Average,National currency (former currencies of the euro area countries),Italian lira,2001-07-02,1936.27,,
ESTAT:ERT_H_EUR_D(1.0),08/01/26 11:00:00,Daily,Average,National currency (former currencies of the euro area countries),Italian lira,2001-07-03,1936.27,,
ESTAT:ERT_H_EUR_D(1.0),08/01/26 11:00:00,Daily,Average,National currency (former currencies of the euro area countries),Italian lira,2001-07-04,1936.27,,
ESTAT:ERT_H_EUR_D(1.0),08/01/26 11:00:00,Daily,Average,National currency (former currencies of the euro area countries),Italian lira,2001-07-05,1936.27,,
ESTAT:ERT_H_EUR_D(1.0),08/01/26 11:00:00,Daily,Average,National currency (former currencies of the euro area countries),Italian lira,2001-07-06,1936.27,,
ESTAT:ERT_H_EUR_D(1.0),08/01/26 11:00:00,Daily,Average,National currency (former currencies of the euro area countries),Italian lira,2001-07-09,1936.27,,
ESTAT:ERT_H_EUR_D(1.0),08/01/26 11:00:00,Daily,Average,National currency (former currencies of the euro area countries),Italian lira,2001-07-10,1936.27,,
ESTAT:ERT_H_EUR_D(1.0),08/01/26 11:00:00,Daily,Average,National currency (former currencies of the euro area countries),Italian lira,2001-07-11,1936.27,,
ESTAT:ERT_H_EUR_D(1.0),08/01/26 11:00:00,Daily,Average,National currency (former currencies of the euro area countries),Italian lira,2001-07-12,1936.27,,
ESTAT:ERT_H_EUR_D(1.0),08/01/26 11:00:00,Daily,Average,National currency (former currencies of the euro area countries),Italian lira,2001-07-13,1936.27,,
ESTAT:ERT_H_EUR_D(1.0),08/01/26 11:00:00,Daily,Average,National currency (former currencies of the euro area countries),Italian lira,2001-07-16,1936.27,,
ESTAT:ERT_H_EUR_D(1.0),08/01/26 11:00:00,Daily,Average,National currency (former currencies of the euro area countries),Italian lira,2001-07-17,1936.27,,
ESTAT:ERT_H_EUR_D(1.0),08/01/26 11:00:00,Daily,Average,National currency (former currencies of the euro area countries),Italian lira,2001-07-18,1936.27,,
ESTAT:ERT_H_EUR_D(1.0),08/01/26 11:00:00,Daily,Average,National currency (former currencies of the euro area countries),Italian lira,2001-07-19,1936.27,,
ESTAT:ERT_H_EUR_D(1.0),08/01/26 11:00:00,Daily,Average,National currency (former currencies of the euro area countries),Italian lira,2001-07-20,1936.27,,
ESTAT:ERT_H_EUR_D(1.0),08/01/26 11:00:00,Daily,Average,National currency (former currencies of the euro area countries),Italian lira,2001-07-23,1936.27,,
ESTAT:ERT_H_EUR_D(1.0),08/01/26 11:00:00,Daily,Average,National currency (former currencies of the euro area countries),Italian lira,2001-07-24,1936.27,,
ESTAT:ERT_H_EUR_D(1.0),08/01/26 11:00:00,Daily,Average,National currency (former currencies of the euro area countries),Italian lira,2001-07-25,1936.27,,
ESTAT:ERT_H_EUR_D(1.0),08/01/26 11:00:00,Daily,Average,National currency (former currencies of the euro area countries),Italian lira,2001-07-26,1936.27,,
ESTAT:ERT_H_EUR_D(1.0),08/01/26 11:00:00,Daily,Average,National currency (former currencies of the euro area countries),Italian lira,2001-07-27,1936.27,,
ESTAT:ERT_H_EUR_D(1.0),08/01/26 11:00:00,Daily,Average,National currency (former currencies of the euro area countries),Italian lira,2001-07-30,1936.27,,
ESTAT:ERT_H_EUR_D(1.0),08/01/26 11:00:00,Daily,Average,National currency (former currencies of the euro area countries),Italian lira,2001-07-31,1936.27,,
ESTAT:ERT_H_EUR_D(1.0),08/01/26 11:00:00,Daily,Average,National currency (former currencies of the euro area countries),Italian lira,2001-08-01,1936.27,,
ESTAT:ERT_H_EUR_D(1.0),08/01/26 11:00:00,Daily,Average,National currency (former currencies of the euro area countries),Italian lira,2001-08-02,1936.27,,
ESTAT:ERT_H_EUR_D(1.0),08/01/26 11:00:00,Daily,Average,National currency (former currencies of the euro area countries),Italian lira,2001-08-03,1936.27,,
ESTAT:ERT_H_EUR_D(1.0),08/01/26 11:00:00,Daily,Average,National currency (former currencies of the euro area countries),Italian lira,2001-08-06,1936.27,,
ESTAT:ERT_H_EUR_D(1.0),08/01/26 11:00:00,Daily,Average,National currency (former currencies of the euro area countries),Italian lira,2001-08-07,1936.27,,
ESTAT:ERT_H_EUR_D(1.0),08/01/26 11:00:00,Daily,Average,National currency (former currencies of the euro area countries),Italian lira,2001-08-08,1936.27,,
ESTAT:ERT_H_EUR_D(1.0),08/01/26 11:00:00,Daily,Average,National currency (former currencies of the euro area countries),Italian lira,2001-08-09,1936.27,,
ESTAT:ERT_H_EUR_D(1.0),08/01/26 11:00:00,Daily,Average,National currency (former currencies of the euro area countries),Italian lira,2001-08-10,1936.27,,
ESTAT:ERT_H_EUR_D(1.0),08/01/26 11:00:00,Daily,Average,National currency (former currencies of the euro area countries),Italian lira,2001-08-13,1936.27,,
ESTAT:ERT_H_EUR_D(1.0),08/01/26 11:00:00,Daily,Average,National currency (former currencies of the euro area countries),Italian lira,2001-08-14,1936.27,,
ESTAT:ERT_H_EUR_D(1.0),08/01/26 11:00:00,Daily,Average,National currency (former currencies of the euro area countries),Italian lira,2001-08-15,1936.27,,
ESTAT:ERT_H_EUR_D(1.0),08/01/26 11:00:00,Daily,Average,National currency (former currencies of the euro area countries),Italian lira,2001-08-16,1936.27,,
ESTAT:ERT_H_EUR_D(1.0),08/01/26 11:00:00,Daily,Average,National currency (former currencies of the euro area countries),Italian lira,2001-08-17,1936.27,,
ESTAT:ERT_H_EUR_D(1.0),08/01/26 11:00:00,Daily,Average,National currency (former currencies of the euro area countries),Italian lira,2001-08-20,1936.27,,
ESTAT:ERT_H_EUR_D(1.0),08/01/26 11:00:00,Daily,Average,National currency (former currencies of the euro area countries),Italian lira,2001-08-21,1936.27,,
ESTAT:ERT_H_EUR_D(1.0),08/01/26 11:00:00,Daily,Average,National currency (former currencies of the euro area countries),Italian lira,2001-08-22,1936.27,,
ESTAT:ERT_H_EUR_D(1.0),08/01/26 11:00:00,Daily,Average,National currency (former currencies of the euro area countries),Italian lira,2001-08-23,1936.27,,
ESTAT:ERT_H_EUR_D(1.0),08/01/26 11:00:00,Daily,Average,National currency (former currencies of the euro area countries),Italian lira,2001-08-24,1936.27,,
ESTAT:ERT_H_EUR_D(1.0),08/01/26 11:00:00,Daily,Average,National currency (former currencies of the euro area countries),Italian lira,2001-08-27,1936.27,,
ESTAT:ERT_H_EUR_D(1.0),08/01/26 11:00:00,Daily,Average,National currency (former currencies of the euro area countries),Italian lira,2001-08-28,1936.27,,
ESTAT:ERT_H_EUR_D(1.0),08/01/26 11:00:00,Daily,Average,National currency (former currencies of the euro area countries),Italian lira,2001-08-29,1936.27,,
ESTAT:ERT_H_EUR_D(1.0),08/01/26 11:00:00,Daily,Average,National currency (former currencies of the euro area countries),Italian lira,2001-08-30,1936.27,,
ESTAT:ERT_H_EUR_D(1.0),08/01/26 11:00:00,Daily,Average,National currency (former currencies of the euro area countries),Italian lira,2001-08-31,1936.27,,
ESTAT:ERT_H_EUR_D(1.0),08/01/26 11:00:00,Daily,Average,National currency (former currencies of the euro area countries),Italian lira,2001-09-03,1936.27,,
ESTAT:ERT_H_EUR_D(1.0),08/01/26 11:00:00,Daily,Average,National currency (former currencies of the euro area countries),Italian lira,2001-09-04,1936.27,,
ESTAT:ERT_H_EUR_D(1.0),08/01/26 11:00:00,Daily,Average,National currency (former currencies of the euro area countries),Italian lira,2001-09-05,1936.27,,
ESTAT:ERT_H_EUR_D(1.0),08/01/26 11:00:00,Daily,Average,National currency (former currencies of the euro area countries),Italian lira,2001-09-06,1936.27,,
ESTAT:ERT_H_EUR_D(1.0),08/01/26 11:00:00,Daily,Average,National currency (former currencies of the euro area countries),Italian lira,2001-09-07,1936.27,,
ESTAT:ERT_H_EUR_D(1.0),08/01/26 11:00:00,Daily,Average,National currency (former currencies of the euro area countries),Italian lira,2001-09-10,1936.27,,
ESTAT:ERT_H_EUR_D(1.0),08/01/26 11:00:00,Daily,Average,National currency (former currencies of the euro area countries),Italian lira,2001-09-11,1936.27,,
ESTAT:ERT_H_EUR_D(1.0),08/01/26 11:00:00,Daily,Average,National currency (former currencies of the euro area countries),Italian lira,2001-09-12,1936.27,,
ESTAT:ERT_H_EUR_D(1.0),08/01/26 11:00:00,Daily,Average,National currency (former currencies of the euro area countries),Italian lira,2001-09-13,1936.27,,
ESTAT:ERT_H_EUR_D(1.0),08/01/26 11:00:00,Daily,Average,National currency (former currencies of the euro area countries),Italian lira,2001-09-14,1936.27,,
ESTAT:ERT_H_EUR_D(1.0),08/01/26 11:00:00,Daily,Average,National currency (former currencies of the euro area countries),Italian lira,2001-09-17,1936.27,,
ESTAT:ERT_H_EUR_D(1.0),08/01/26 11:00:00,Daily,Average,National currency (former currencies of the euro area countries),Italian lira,2001-09-18,1936.27,,
ESTAT:ERT_H_EUR_D(1.0),08/01/26 11:00:00,Daily,Average,National currency (former currencies of the euro area countries),Italian lira,2001-09-19,1936.27,,
ESTAT:ERT_H_EUR_D(1.0),08/01/26 11:00:00,Daily,Average,National currency (former currencies of the euro area countries),Italian lira,2001-09-20,1936.27,,
ESTAT:ERT_H_EUR_D(1.0),08/01/26 11:00:00,Daily,Average,National currency (former currencies of the euro area countries),Italian lira,2001-09-21,1936.27,,
ESTAT:ERT_H_EUR_D(1.0),08/01/26 11:00:00,Daily,Average,National currency (former currencies of the euro area countries),Italian lira,2001-09-24,1936.27,,
ESTAT:ERT_H_EUR_D(1.0),08/01/26 11:00:00,Daily,Average,National currency (former currencies of the euro area countries),Italian lira,2001-09-25,1936.27,,
ESTAT:ERT_H_EUR_D(1.0),08/01/26 11:00:00,Daily,Average,National currency (former currencies of the euro area countries),Italian lira,2001-09-26,1936.27,,
ESTAT:ERT_H_EUR_D(1.0),08/01/26 11:00:00,Daily,Average,National currency (former currencies of the euro area countries),Italian lira,2001-09-27,1936.27,,
ESTAT:ERT_H_EUR_D(1.0),08/01/26 11:00:00,Daily,Average,National currency (former currencies of the euro area countries),Italian lira,2001-09-28,1936.27,,
ESTAT:ERT_H_EUR_D(1.0),08/01/26 11:00:00,Daily,Average,National currency (former currencies of the euro area countries),Italian lira,2001-10-01,1936.27,,
ESTAT:ERT_H_EUR_D(1.0),08/01/26 11:00:00,Daily,Average,National currency (former currencies of the euro area countries),Italian lira,2001-10-02,1936.27,,
ESTAT:ERT_H_EUR_D(1.0),08/01/26 11:00:00,Daily,Average,National currency (former currencies of the euro area countries),Italian lira,2001-10-03,1936.27,,
ESTAT:ERT_H_EUR_D(1.0),08/01/26 11:00:00,Daily,Average,National currency (former currencies of the euro area countries),Italian lira,2001-10-04,1936.27,,
ESTAT:ERT_H_EUR_D(1.0),08/01/26 11:00:00,Daily,Average,National currency (former currencies of the euro area countries),Italian lira,2001-10-05,1936.27,,
ESTAT:ERT_H_EUR_D(1.0),08/01/26 11:00:00,Daily,Average,National currency (former currencies of the euro area countries),Italian lira,2001-10-08,1936.27,,
ESTAT:ERT_H_EUR_D(1.0),08/01/26 11:00:00,Daily,Average,National currency (former currencies of the euro area countries),Italian lira,2001-10-09,1936.27,,
ESTAT:ERT_H_EUR_D(1.0),08/01/26 11:00:00,Daily,Average,National currency (former currencies of the euro area countries),Italian lira,2001-10-10,1936.27,,
ESTAT:ERT_H_EUR_D(1.0),08/01/26 11:00:00,Daily,Average,National currency (former currencies of the euro area countries),Italian lira,2001-10-11,1936.27,,
ESTAT:ERT_H_EUR_D(1.0),08/01/26 11:00:00,Daily,Average,National currency (former currencies of the euro area countries),Italian lira,2001-10-12,1936.27,,
ESTAT:ERT_H_EUR_D(1.0),08/01/26 11:00:00,Daily,Average,National currency (former currencies of the euro area countries),Italian lira,2001-10-15,1936.27,,
ESTAT:ERT_H_EUR_D(1.0),08/01/26 11:00:00,Daily,Average,National currency (former currencies of the euro area countries),Italian lira,2001-10-16,1936.27,,
ESTAT:ERT_H_EUR_D(1.0),08/01/26 11:00:00,Daily,Average,National currency (former currencies of the euro area countries),Italian lira,2001-10-17,1936.27,,
ESTAT:ERT_H_EUR_D(1.0),08/01/26 11:00:00,Daily,Average,National currency (former currencies of the euro area countries),Italian lira,2001-10-18,1936.27,,
ESTAT:ERT_H_EUR_D(1.0),08/01/26 11:00:00,Daily,Average,National currency (former currencies of the euro area countries),Italian lira,2001-10-19,1936.27,,
ESTAT:ERT_H_EUR_D(1.0),08/01/26 11:00:00,Daily,Average,National currency (former currencies of the euro area countries),Italian lira,2001-10-22,1936.27,,
ESTAT:ERT_H_EUR_D(1.0),08/01/26 11:00:00,Daily,Average,National currency (former currencies of the euro area countries),Italian lira,2001-10-23,1936.27,,
ESTAT:ERT_H_EUR_D(1.0),08/01/26 11:00:00,Daily,Average,National currency (former currencies of the euro area countries),Italian lira,2001-10-24,1936.27,,
ESTAT:ERT_H_EUR_D(1.0),08/01/26 11:00:00,Daily,Average,National currency (former currencies of the euro area countries),Italian lira,2001-10-25,1936.27,,
ESTAT:ERT_H_EUR_D(1.0),08/01/26 11:00:00,Daily,Average,National currency (former currencies of the euro area countries),Italian lira,2001-10-26,1936.27,,
ESTAT:ERT_H_EUR_D(1.0),08/01/26 11:00:00,Daily,Average,National currency (former currencies of the euro area countries),Italian lira,2001-10-29,1936.27,,
ESTAT:ERT_H_EUR_D(1.0),08/01/26 11:00:00,Daily,Average,National currency (former currencies of the euro area countries),Italian lira,2001-10-30,1936.27,,
ESTAT:ERT_H_EUR_D(1.0),08/01/26 11:00:00,Daily,Average,National currency (former currencies of the euro area countries),Italian lira,2001-10-31,1936.27,,
ESTAT:ERT_H_EUR_D(1.0),08/01/26 11:00:00,Daily,Average,National currency (former currencies of the euro area countries),Italian lira,2001-11-01,1936.27,,
ESTAT:ERT_H_EUR_D(1.0),08/01/26 11:00:00,Daily,Average,National currency (former currencies of the euro area countries),Italian lira,2001-11-02,1936.27,,
ESTAT:ERT_H_EUR_D(1.0),08/01/26 11:00:00,Daily,Average,National currency (former currencies of the euro area countries),Italian lira,2001-11-05,1936.27,,
ESTAT:ERT_H_EUR_D(1.0),08/01/26 11:00:00,Daily,Average,National currency (former currencies of the euro area countries),Italian lira,2001-11-06,1936.27,,
ESTAT:ERT_H_EUR_D(1.0),08/01/26 11:00:00,Daily,Average,National currency (former currencies of the euro area countries),Italian lira,2001-11-07,1936.27,,
ESTAT:ERT_H_EUR_D(1.0),08/01/26 11:00:00,Daily,Average,National currency (former currencies of the euro area countries),Italian lira,2001-11-08,1936.27,,
ESTAT:ERT_H_EUR_D(1.0),08/01/26 11:00:00,Daily,Average,National currency (former currencies of the euro area countries),Italian lira,2001-11-09,1936.27,,
ESTAT:ERT_H_EUR_D(1.0),08/01/26 11:00:00,Daily,Average,National currency (former currencies of the euro area countries),Italian lira,2001-11-12,1936.27,,
ESTAT:ERT_H_EUR_D(1.0),08/01/26 11:00:00,Daily,Average,National currency (former currencies of the euro area countries),Italian lira,2001-11-13,1936.27,,
ESTAT:ERT_H_EUR_D(1.0),08/01/26 11:00:00,Daily,Average,National currency (former currencies of the euro area countries),Italian lira,2001-11-14,1936.27,,
ESTAT:ERT_H_EUR_D(1.0),08/01/26 11:00:00,Daily,Average,National currency (former currencies of the euro area countries),Italian lira,2001-11-15,1936.27,,
ESTAT:ERT_H_EUR_D(1.0),08/01/26 11:00:00,Daily,Average,National currency (former currencies of the euro area countries),Italian lira,2001-11-16,1936.27,,
ESTAT:ERT_H_EUR_D(1.0),08/01/26 11:00:00,Daily,Average,National currency (former currencies of the euro area countries),Italian lira,2001-11-19,1936.27,,
ESTAT:ERT_H_EUR_D(1.0),08/01/26 11:00:00,Daily,Average,National currency (former currencies of the euro area countries),Italian lira,2001-11-20,1936.27,,
ESTAT:ERT_H_EUR_D(1.0),08/01/26 11:00:00,Daily,Average,National currency (former currencies of the euro area countries),Italian lira,2001-11-21,1936.27,,
ESTAT:ERT_H_EUR_D(1.0),08/01/26 11:00:00,Daily,Average,National currency (former currencies of the euro area countries),Italian lira,2001-11-22,1936.27,,
ESTAT:ERT_H_EUR_D(1.0),08/01/26 11:00:00,Daily,Average,National currency (former currencies of the euro area countries),Italian lira,2001-11-23,1936.27,,
ESTAT:ERT_H_EUR_D(1.0),08/01/26 11:00:00,Daily,Average,National currency (former currencies of the euro area countries),Italian lira,2001-11-26,1936.27,,
ESTAT:ERT_H_EUR_D(1.0),08/01/26 11:00:00,Daily,Average,National currency (former currencies of the euro area countries),Italian lira,2001-11-27,1936.27,,
ESTAT:ERT_H_EUR_D(1.0),08/01/26 11:00:00,Daily,Average,National currency (former currencies of the euro area countries),Italian lira,2001-11-28,1936.27,,
ESTAT:ERT_H_EUR_D(1.0),08/01/26 11:00:00,Daily,Average,National currency (former currencies of the euro area countries),Italian lira,2001-11-29,1936.27,,
ESTAT:ERT_H_EUR_D(1.0),08/01/26 11:00:00,Daily,Average,National currency (former currencies of the euro area countries),Italian lira,2001-11-30,1936.27,,
ESTAT:ERT_H_EUR_D(1.0),08/01/26 11:00:00,Daily,Average,National currency (former currencies of the euro area countries),Italian lira,2001-12-03,1936.27,,
ESTAT:ERT_H_EUR_D(1.0),08/01/26 11:00:00,Daily,Average,National currency (former currencies of the euro area countries),Italian lira,2001-12-04,1936.27,,
ESTAT:ERT_H_EUR_D(1.0),08/01/26 11:00:00,Daily,Average,National currency (former currencies of the euro area countries),Italian lira,2001-12-05,1936.27,,
ESTAT:ERT_H_EUR_D(1.0),08/01/26 11:00:00,Daily,Average,National currency (former currencies of the euro area countries),Italian lira,2001-12-06,1936.27,,
ESTAT:ERT_H_EUR_D(1.0),08/01/26 11:00:00,Daily,Average,National currency (former currencies of the euro area countries),Italian lira,2001-12-07,1936.27,,
ESTAT:ERT_H_EUR_D(1.0),08/01/26 11:00:00,Daily,Average,National currency (former currencies of the euro area countries),Italian lira,2001-12-10,1936.27,,
ESTAT:ERT_H_EUR_D(1.0),08/01/26 11:00:00,Daily,Average,National currency (former currencies of the euro area countries),Italian lira,2001-12-11,1936.27,,
ESTAT:ERT_H_EUR_D(1.0),08/01/26 11:00:00,Daily,Average,National currency (former currencies of the euro area countries),Italian lira,2001-12-12,1936.27,,
ESTAT:ERT_H_EUR_D(1.0),08/01/26 11:00:00,Daily,Average,National currency (former currencies of the euro area countries),Italian lira,2001-12-13,1936.27,,
ESTAT:ERT_H_EUR_D(1.0),08/01/26 11:00:00,Daily,Average,National currency (former currencies of the euro area countries),Italian lira,2001-12-14,1936.27,,
ESTAT:ERT_H_EUR_D(1.0),08/01/26 11:00:00,Daily,Average,National currency (former currencies of the euro area countries),Italian lira,2001-12-17,1936.27,,
ESTAT:ERT_H_EUR_D(1.0),08/01/26 11:00:00,Daily,Average,National currency (former currencies of the euro area countries),Italian lira,2001-12-18,1936.27,,
ESTAT:ERT_H_EUR_D(1.0),08/01/26 11:00:00,Daily,Average,National currency (former currencies of the euro area countries),Italian lira,2001-12-19,1936.27,,
ESTAT:ERT_H_EUR_D(1.0),08/01/26 11:00:00,Daily,Average,National currency (former currencies of the euro area countries),Italian lira,2001-12-20,1936.27,,
ESTAT:ERT_H_EUR_D(1.0),08/01/26 11:00:00,Daily,Average,National currency (former currencies of the euro area countries),Italian lira,2001-12-21,1936.27,,
ESTAT:ERT_H_EUR_D(1.0),08/01/26 11:00:00,Daily,Average,National currency (former currencies of the euro area countries),Italian lira,2001-12-24,1936.27,,
ESTAT:ERT_H_EUR_D(1.0),08/01/26 11:00:00,Daily,Average,National currency (former currencies of the euro area countries),Italian lira,2001-12-25,1936.27,,
ESTAT:ERT_H_EUR_D(1.0),08/01/26 11:00:00,Daily,Average,National currency (former currencies of the euro area countries),Italian lira,2001-12-26,1936.27,,
ESTAT:ERT_H_EUR_D(1.0),08/01/26 11:00:00,Daily,Average,National currency (former currencies of the euro area countries),Italian lira,2001-12-27,1936.27,,
ESTAT:ERT_H_EUR_D(1.0),08/01/26 11:00:00,Daily,Average,National currency (former currencies of the euro area countries),Italian lira,2001-12-28,1936.27,,
ESTAT:ERT_H_EUR_D(1.0),08/01/26 11:00:00,Daily,Average,National currency (former currencies of the euro area countries),Italian lira,2001-12-31,1936.27,,
ESTAT:ERT_H_EUR_D(1.0),08/01/26 11:00:00,Daily,Average,National currency (former currencies of the euro area countries),Italian lira,2002-01-01,1936.27,,
ESTAT:ERT_H_EUR_D(1.0),08/01/26 11:00:00,Daily,Average,National currency (former currencies of the euro area countries),Italian lira,2002-01-02,1936.27,,
ESTAT:ERT_H_EUR_D(1.0),08/01/26 11:00:00,Daily,Average,National currency (former currencies of the euro area countries),Italian lira,2002-01-03,1936.27,,
ESTAT:ERT_H_EUR_D(1.0),08/01/26 11:00:00,Daily,Average,National currency (former currencies of the euro area countries),Italian lira,2002-01-04,1936.27,,
ESTAT:ERT_H_EUR_D(1.0),08/01/26 11:00:00,Daily,Average,National currency (former currencies of the euro area countries),Italian lira,2002-01-07,1936.27,,
ESTAT:ERT_H_EUR_D(1.0),08/01/26 11:00:00,Daily,Average,National currency (former currencies of the euro area countries),Italian lira,2002-01-08,1936.27,,
ESTAT:ERT_H_EUR_D(1.0),08/01/26 11:00:00,Daily,Average,National currency (former currencies of the euro area countries),Italian lira,2002-01-09,1936.27,,
ESTAT:ERT_H_EUR_D(1.0),08/01/26 11:00:00,Daily,Average,National currency (former currencies of the euro area countries),Italian lira,2002-01-10,1936.27,,
ESTAT:ERT_H_EUR_D(1.0),08/01/26 11:00:00,Daily,Average,National currency (former currencies of the euro area countries),Italian lira,2002-01-11,1936.27,,
ESTAT:ERT_H_EUR_D(1.0),08/01/26 11:00:00,Daily,Average,National currency (former currencies of the euro area countries),Italian lira,2002-01-14,1936.27,,
ESTAT:ERT_H_EUR_D(1.0),08/01/26 11:00:00,Daily,Average,National currency (former currencies of the euro area countries),Italian lira,2002-01-15,1936.27,,
ESTAT:ERT_H_EUR_D(1.0),08/01/26 11:00:00,Daily,Average,National currency (former currencies of the euro area countries),Italian lira,2002-01-16,1936.27,,
ESTAT:ERT_H_EUR_D(1.0),08/01/26 11:00:00,Daily,Average,National currency (former currencies of the euro area countries),Italian lira,2002-01-17,1936.27,,
ESTAT:ERT_H_EUR_D(1.0),08/01/26 11:00:00,Daily,Average,National currency (former currencies of the euro area countries),Italian lira,2002-01-18,1936.27,,
ESTAT:ERT_H_EUR_D(1.0),08/01/26 11:00:00,Daily,Average,National currency (former currencies of the euro area countries),Italian lira,2002-01-21,1936.27,,
ESTAT:ERT_H_EUR_D(1.0),08/01/26 11:00:00,Daily,Average,National currency (former currencies of the euro area countries),Italian lira,2002-01-22,1936.27,,
ESTAT:ERT_H_EUR_D(1.0),08/01/26 11:00:00,Daily,Average,National currency (former currencies of the euro area countries),Italian lira,2002-01-23,1936.27,,
ESTAT:ERT_H_EUR_D(1.0),08/01/26 11:00:00,Daily,Average,National currency (former currencies of the euro area countries),Italian lira,2002-01-24,1936.27,,
ESTAT:ERT_H_EUR_D(1.0),08/01/26 11:00:00,Daily,Average,National currency (former currencies of the euro area countries),Italian lira,2002-01-25,1936.27,,
ESTAT:ERT_H_EUR_D(1.0),08/01/26 11:00:00,Daily,Average,National currency (former currencies of the euro area countries),Italian lira,2002-01-28,1936.27,,
ESTAT:ERT_H_EUR_D(1.0),08/01/26 11:00:00,Daily,Average,National currency (former currencies of the euro area countries),Italian lira,2002-01-29,1936.27,,
ESTAT:ERT_H_EUR_D(1.0),08/01/26 11:00:00,Daily,Average,National currency (former currencies of the euro area countries),Italian lira,2002-01-30,1936.27,,
ESTAT:ERT_H_EUR_D(1.0),08/01/26 11:00:00,Daily,Average,National currency (former currencies of the euro area countries),Italian lira,2002-01-31,1936.27,,
ESTAT:ERT_H_EUR_D(1.0),08/01/26 11:00:00,Daily,Average,National currency (former currencies of the euro area countries),Italian lira,2002-02-01,1936.27,,
ESTAT:ERT_H_EUR_D(1.0),08/01/26 11:00:00,Daily,Average,National currency (former currencies of the euro area countries),Italian lira,2002-02-04,1936.27,,
ESTAT:ERT_H_EUR_D(1.0),08/01/26 11:00:00,Daily,Average,National currency (former currencies of the euro area countries),Italian lira,2002-02-05,1936.27,,
ESTAT:ERT_H_EUR_D(1.0),08/01/26 11:00:00,Daily,Average,National currency (former currencies of the euro area countries),Italian lira,2002-02-06,1936.27,,
ESTAT:ERT_H_EUR_D(1.0),08/01/26 11:00:00,Daily,Average,National currency (former currencies of the euro area countries),Italian lira,2002-02-07,1936.27,,
ESTAT:ERT_H_EUR_D(1.0),08/01/26 11:00:00,Daily,Average,National currency (former currencies of the euro area countries),Italian lira,2002-02-08,1936.27,,
ESTAT:ERT_H_EUR_D(1.0),08/01/26 11:00:00,Daily,Average,National currency (former currencies of the euro area countries),Italian lira,2002-02-11,1936.27,,
ESTAT:ERT_H_EUR_D(1.0),08/01/26 11:00:00,Daily,Average,National currency (former currencies of the euro area countries),Italian lira,2002-02-12,1936.27,,
ESTAT:ERT_H_EUR_D(1.0),08/01/26 11:00:00,Daily,Average,National currency (former currencies of the euro area countries),Italian lira,2002-02-13,1936.27,,
ESTAT:ERT_H_EUR_D(1.0),08/01/26 11:00:00,Daily,Average,National currency (former currencies of the euro area countries),Italian lira,2002-02-14,1936.27,,
ESTAT:ERT_H_EUR_D(1.0),08/01/26 11:00:00,Daily,Average,National currency (former currencies of the euro area countries),Italian lira,2002-02-15,1936.27,,
ESTAT:ERT_H_EUR_D(1.0),08/01/26 11:00:00,Daily,Average,National currency (former currencies of the euro area countries),Italian lira,2002-02-18,1936.27,,
ESTAT:ERT_H_EUR_D(1.0),08/01/26 11:00:00,Daily,Average,National currency (former currencies of the euro area countries),Italian lira,2002-02-19,1936.27,,
ESTAT:ERT_H_EUR_D(1.0),08/01/26 11:00:00,Daily,Average,National currency (former currencies of the euro area countries),Italian lira,2002-02-20,1936.27,,
ESTAT:ERT_H_EUR_D(1.0),08/01/26 11:00:00,Daily,Average,National currency (former currencies of the euro area countries),Italian lira,2002-02-21,1936.27,,
ESTAT:ERT_H_EUR_D(1.0),08/01/26 11:00:00,Daily,Average,National currency (former currencies of the euro area countries),Italian lira,2002-02-22,1936.27,,
ESTAT:ERT_H_EUR_D(1.0),08/01/26 11:00:00,Daily,Average,National currency (former currencies of the euro area countries),Italian lira,2002-02-25,1936.27,,
ESTAT:ERT_H_EUR_D(1.0),08/01/26 11:00:00,Daily,Average,National currency (former currencies of the euro area countries),Italian lira,2002-02-26,1936.27,,
ESTAT:ERT_H_EUR_D(1.0),08/01/26 11:00:00,Daily,Average,National currency (former currencies of the euro area countries),Italian lira,2002-02-27,1936.27,,
ESTAT:ERT_H_EUR_D(1.0),08/01/26 11:00:00,Daily,Average,National currency (former currencies of the euro area countries),Italian lira,2002-02-28,1936.27,,
ESTAT:ERT_H_EUR_D(1.0),08/01/26 11:00:00,Daily,Average,National currency (former currencies of the euro area countries),Italian lira,2002-03-01,1936.27,,
ESTAT:ERT_H_EUR_D(1.0),08/01/26 11:00:00,Daily,Average,National currency (former currencies of the euro area countries),Italian lira,2002-03-04,1936.27,,
ESTAT:ERT_H_EUR_D(1.0),08/01/26 11:00:00,Daily,Average,National currency (former currencies of the euro area countries),Italian lira,2002-03-05,1936.27,,
ESTAT:ERT_H_EUR_D(1.0),08/01/26 11:00:00,Daily,Average,National currency (former currencies of the euro area countries),Italian lira,2002-03-06,1936.27,,
ESTAT:ERT_H_EUR_D(1.0),08/01/26 11:00:00,Daily,Average,National currency (former currencies of the euro area countries),Italian lira,2002-03-07,1936.27,,
ESTAT:ERT_H_EUR_D(1.0),08/01/26 11:00:00,Daily,Average,National currency (former currencies of the euro area countries),Italian lira,2002-03-08,1936.27,,
ESTAT:ERT_H_EUR_D(1.0),08/01/26 11:00:00,Daily,Average,National currency (former currencies of the euro area countries),Italian lira,2002-03-11,1936.27,,
ESTAT:ERT_H_EUR_D(1.0),08/01/26 11:00:00,Daily,Average,National currency (former currencies of the euro area countries),Italian lira,2002-03-12,1936.27,,
ESTAT:ERT_H_EUR_D(1.0),08/01/26 11:00:00,Daily,Average,National currency (former currencies of the euro area countries),Italian lira,2002-03-13,1936.27,,
ESTAT:ERT_H_EUR_D(1.0),08/01/26 11:00:00,Daily,Average,National currency (former currencies of the euro area countries),Italian lira,2002-03-14,1936.27,,
ESTAT:ERT_H_EUR_D(1.0),08/01/26 11:00:00,Daily,Average,National currency (former currencies of the euro area countries),Italian lira,2002-03-15,1936.27,,
ESTAT:ERT_H_EUR_D(1.0),08/01/26 11:00:00,Daily,Average,National currency (former currencies of the euro area countries),Italian lira,2002-03-18,1936.27,,
ESTAT:ERT_H_EUR_D(1.0),08/01/26 11:00:00,Daily,Average,National currency (former currencies of the euro area countries),Italian lira,2002-03-19,1936.27,,
ESTAT:ERT_H_EUR_D(1.0),08/01/26 11:00:00,Daily,Average,National currency (former currencies of the euro area countries),Italian lira,2002-03-20,1936.27,,
ESTAT:ERT_H_EUR_D(1.0),08/01/26 11:00:00,Daily,Average,National currency (former currencies of the euro area countries),Italian lira,2002-03-21,1936.27,,
ESTAT:ERT_H_EUR_D(1.0),08/01/26 11:00:00,Daily,Average,National currency (former currencies of the euro area countries),Italian lira,2002-03-22,1936.27,,
ESTAT:ERT_H_EUR_D(1.0),08/01/26 11:00:00,Daily,Average,National currency (former currencies of the euro area countries),Italian lira,2002-03-25,1936.27,,
ESTAT:ERT_H_EUR_D(1.0),08/01/26 11:00:00,Daily,Average,National currency (former currencies of the euro area countries),Italian lira,2002-03-26,1936.27,,
ESTAT:ERT_H_EUR_D(1.0),08/01/26 11:00:00,Daily,Average,National currency (former currencies of the euro area countries),Italian lira,2002-03-27,1936.27,,
ESTAT:ERT_H_EUR_D(1.0),08/01/26 11:00:00,Daily,Average,National currency (former currencies of the euro area countries),Italian lira,2002-03-28,1936.27,,
ESTAT:ERT_H_EUR_D(1.0),08/01/26 11:00:00,Daily,Average,National currency (former currencies of the euro area countries),Italian lira,2002-03-29,1936.27,,
ESTAT:ERT_H_EUR_D(1.0),08/01/26 11:00:00,Daily,Average,National currency (former currencies of the euro area countries),Italian lira,2002-04-01,1936.27,,
ESTAT:ERT_H_EUR_D(1.0),08/01/26 11:00:00,Daily,Average,National currency (former currencies of the euro area countries),Italian lira,2002-04-02,1936.27,,
ESTAT:ERT_H_EUR_D(1.0),08/01/26 11:00:00,Daily,Average,National currency (former currencies of the euro area countries),Italian lira,2002-04-03,1936.27,,
ESTAT:ERT_H_EUR_D(1.0),08/01/26 11:00:00,Daily,Average,National currency (former currencies of the euro area countries),Italian lira,2002-04-04,1936.27,,
ESTAT:ERT_H_EUR_D(1.0),08/01/26 11:00:00,Daily,Average,National currency (former currencies of the euro area countries),Italian lira,2002-04-05,1936.27,,
ESTAT:ERT_H_EUR_D(1.0),08/01/26 11:00:00,Daily,Average,National currency (former currencies of the euro area countries),Italian lira,2002-04-08,1936.27,,
ESTAT:ERT_H_EUR_D(1.0),08/01/26 11:00:00,Daily,Average,National currency (former currencies of the euro area countries),Italian lira,2002-04-09,1936.27,,
ESTAT:ERT_H_EUR_D(1.0),08/01/26 11:00:00,Daily,Average,National currency (former currencies of the euro area countries),Italian lira,2002-04-10,1936.27,,
ESTAT:ERT_H_EUR_D(1.0),08/01/26 11:00:00,Daily,Average,National currency (former currencies of the euro area countries),Italian lira,2002-04-11,1936.27,,
ESTAT:ERT_H_EUR_D(1.0),08/01/26 11:00:00,Daily,Average,National currency (former currencies of the euro area countries),Italian lira,2002-04-12,1936.27,,
ESTAT:ERT_H_EUR_D(1.0),08/01/26 11:00:00,Daily,Average,National currency (former currencies of the euro area countries),Italian lira,2002-04-15,1936.27,,
ESTAT:ERT_H_EUR_D(1.0),08/01/26 11:00:00,Daily,Average,National currency (former currencies of the euro area countries),Italian lira,2002-04-16,1936.27,,
ESTAT:ERT_H_EUR_D(1.0),08/01/26 11:00:00,Daily,Average,National currency (former currencies of the euro area countries),Italian lira,2002-04-17,1936.27,,
ESTAT:ERT_H_EUR_D(1.0),08/01/26 11:00:00,Daily,Average,National currency (former currencies of the euro area countries),Italian lira,2002-04-18,1936.27,,
ESTAT:ERT_H_EUR_D(1.0),08/01/26 11:00:00,Daily,Average,National currency (former currencies of the euro area countries),Italian lira,2002-04-19,1936.27,,
ESTAT:ERT_H_EUR_D(1.0),08/01/26 11:00:00,Daily,Average,National currency (former currencies of the euro area countries),Italian lira,2002-04-22,1936.27,,
ESTAT:ERT_H_EUR_D(1.0),08/01/26 11:00:00,Daily,Average,National currency (former currencies of the euro area countries),Italian lira,2002-04-23,1936.27,,
ESTAT:ERT_H_EUR_D(1.0),08/01/26 11:00:00,Daily,Average,National currency (former currencies of the euro area countries),Italian lira,2002-04-24,1936.27,,
ESTAT:ERT_H_EUR_D(1.0),08/01/26 11:00:00,Daily,Average,National currency (former currencies of the euro area countries),Italian lira,2002-04-25,1936.27,,
ESTAT:ERT_H_EUR_D(1.0),08/01/26 11:00:00,Daily,Average,National currency (former currencies of the euro area countries),Italian lira,2002-04-26,1936.27,,
ESTAT:ERT_H_EUR_D(1.0),08/01/26 11:00:00,Daily,Average,National currency (former currencies of the euro area countries),Italian lira,2002-04-29,1936.27,,
ESTAT:ERT_H_EUR_D(1.0),08/01/26 11:00:00,Daily,Average,National currency (former currencies of the euro area countries),Italian lira,2002-04-30,1936.27,,
ESTAT:ERT_H_EUR_D(1.0),08/01/26 11:00:00,Daily,Average,National currency (former currencies of the euro area countries),Italian lira,2002-05-01,1936.27,,
ESTAT:ERT_H_EUR_D(1.0),08/01/26 11:00:00,Daily,Average,National currency (former currencies of the euro area countries),Italian lira,2002-05-02,1936.27,,
ESTAT:ERT_H_EUR_D(1.0),08/01/26 11:00:00,Daily,Average,National currency (former currencies of the euro area countries),Italian lira,2002-05-03,1936.27,,
ESTAT:ERT_H_EUR_D(1.0),08/01/26 11:00:00,Daily,Average,National currency (former currencies of the euro area countries),Italian lira,2002-05-06,1936.27,,
ESTAT:ERT_H_EUR_D(1.0),08/01/26 11:00:00,Daily,Average,National currency (former currencies of the euro area countries),Italian lira,2002-05-07,1936.27,,
ESTAT:ERT_H_EUR_D(1.0),08/01/26 11:00:00,Daily,Average,National currency (former currencies of the euro area countries),Italian lira,2002-05-08,1936.27,,
ESTAT:ERT_H_EUR_D(1.0),08/01/26 11:00:00,Daily,Average,National currency (former currencies of the euro area countries),Italian lira,2002-05-09,1936.27,,
ESTAT:ERT_H_EUR_D(1.0),08/01/26 11:00:00,Daily,Average,National currency (former currencies of the euro area countries),Italian lira,2002-05-10,1936.27,,
ESTAT:ERT_H_EUR_D(1.0),08/01/26 11:00:00,Daily,Average,National currency (former currencies of the euro area countries),Italian lira,2002-05-13,1936.27,,
ESTAT:ERT_H_EUR_D(1.0),08/01/26 11:00:00,Daily,Average,National currency (former currencies of the euro area countries),Italian lira,2002-05-14,1936.27,,
ESTAT:ERT_H_EUR_D(1.0),08/01/26 11:00:00,Daily,Average,National currency (former currencies of the euro area countries),Italian lira,2002-05-15,1936.27,,
ESTAT:ERT_H_EUR_D(1.0),08/01/26 11:00:00,Daily,Average,National currency (former currencies of the euro area countries),Italian lira,2002-05-16,1936.27,,
ESTAT:ERT_H_EUR_D(1.0),08/01/26 11:00:00,Daily,Average,National currency (former currencies of the euro area countries),Italian lira,2002-05-17,1936.27,,
ESTAT:ERT_H_EUR_D(1.0),08/01/26 11:00:00,Daily,Average,National currency (former currencies of the euro area countries),Italian lira,2002-05-20,1936.27,,
ESTAT:ERT_H_EUR_D(1.0),08/01/26 11:00:00,Daily,Average,National currency (former currencies of the euro area countries),Italian lira,2002-05-21,1936.27,,
ESTAT:ERT_H_EUR_D(1.0),08/01/26 11:00:00,Daily,Average,National currency (former currencies of the euro area countries),Italian lira,2002-05-22,1936.27,,
ESTAT:ERT_H_EUR_D(1.0),08/01/26 11:00:00,Daily,Average,National currency (former currencies of the euro area countries),Italian lira,2002-05-23,1936.27,,
ESTAT:ERT_H_EUR_D(1.0),08/01/26 11:00:00,Daily,Average,National currency (former currencies of the euro area countries),Italian lira,2002-05-24,1936.27,,
ESTAT:ERT_H_EUR_D(1.0),08/01/26 11:00:00,Daily,Average,National currency (former currencies of the euro area countries),Italian lira,2002-05-27,1936.27,,
ESTAT:ERT_H_EUR_D(1.0),08/01/26 11:00:00,Daily,Average,National currency (former currencies of the euro area countries),Italian lira,2002-05-28,1936.27,,
ESTAT:ERT_H_EUR_D(1.0),08/01/26 11:00:00,Daily,Average,National currency (former currencies of the euro area countries),Italian lira,2002-05-29,1936.27,,
ESTAT:ERT_H_EUR_D(1.0),08/01/26 11:00:00,Daily,Average,National currency (former currencies of the euro area countries),Italian lira,2002-05-30,1936.27,,
ESTAT:ERT_H_EUR_D(1.0),08/01/26 11:00:00,Daily,Average,National currency (former currencies of the euro area countries),Italian lira,2002-05-31,1936.27,,
ESTAT:ERT_H_EUR_D(1.0),08/01/26 11:00:00,Daily,Average,National currency (former currencies of the euro area countries),Italian lira,2002-06-03,1936.27,,
ESTAT:ERT_H_EUR_D(1.0),08/01/26 11:00:00,Daily,Average,National currency (former currencies of the euro area countries),Italian lira,2002-06-04,1936.27,,
ESTAT:ERT_H_EUR_D(1.0),08/01/26 11:00:00,Daily,Average,National currency (former currencies of the euro area countries),Italian lira,2002-06-05,1936.27,,
ESTAT:ERT_H_EUR_D(1.0),08/01/26 11:00:00,Daily,Average,National currency (former currencies of the euro area countries),Italian lira,2002-06-06,1936.27,,
ESTAT:ERT_H_EUR_D(1.0),08/01/26 11:00:00,Daily,Average,National currency (former currencies of the euro area countries),Italian lira,2002-06-07,1936.27,,
ESTAT:ERT_H_EUR_D(1.0),08/01/26 11:00:00,Daily,Average,National currency (former currencies of the euro area countries),Italian lira,2002-06-10,1936.27,,
ESTAT:ERT_H_EUR_D(1.0),08/01/26 11:00:00,Daily,Average,National currency (former currencies of the euro area countries),Italian lira,2002-06-11,1936.27,,
ESTAT:ERT_H_EUR_D(1.0),08/01/26 11:00:00,Daily,Average,National currency (former currencies of the euro area countries),Italian lira,2002-06-12,1936.27,,
ESTAT:ERT_H_EUR_D(1.0),08/01/26 11:00:00,Daily,Average,National currency (former currencies of the euro area countries),Italian lira,2002-06-13,1936.27,,
ESTAT:ERT_H_EUR_D(1.0),08/01/26 11:00:00,Daily,Average,National currency (former currencies of the euro area countries),Italian lira,2002-06-14,1936.27,,
ESTAT:ERT_H_EUR_D(1.0),08/01/26 11:00:00,Daily,Average,National currency (former currencies of the euro area countries),Italian lira,2002-06-17,1936.27,,
ESTAT:ERT_H_EUR_D(1.0),08/01/26 11:00:00,Daily,Average,National currency (former currencies of the euro area countries),Italian lira,2002-06-18,1936.27,,
ESTAT:ERT_H_EUR_D(1.0),08/01/26 11:00:00,Daily,Average,National currency (former currencies of the euro area countries),Italian lira,2002-06-19,1936.27,,
ESTAT:ERT_H_EUR_D(1.0),08/01/26 11:00:00,Daily,Average,National currency (former currencies of the euro area countries),Italian lira,2002-06-20,1936.27,,
ESTAT:ERT_H_EUR_D(1.0),08/01/26 11:00:00,Daily,Average,National currency (former currencies of the euro area countries),Italian lira,2002-06-21,1936.27,,
ESTAT:ERT_H_EUR_D(1.0),08/01/26 11:00:00,Daily,Average,National currency (former currencies of the euro area countries),Italian lira,2002-06-24,1936.27,,
ESTAT:ERT_H_EUR_D(1.0),08/01/26 11:00:00,Daily,Average,National currency (former currencies of the euro area countries),Italian lira,2002-06-25,1936.27,,
ESTAT:ERT_H_EUR_D(1.0),08/01/26 11:00:00,Daily,Average,National currency (former currencies of the euro area countries),Italian lira,2002-06-26,1936.27,,
ESTAT:ERT_H_EUR_D(1.0),08/01/26 11:00:00,Daily,Average,National currency (former currencies of the euro area countries),Italian lira,2002-06-27,1936.27,,
ESTAT:ERT_H_EUR_D(1.0),08/01/26 11:00:00,Daily,Average,National currency (former currencies of the euro area countries),Italian lira,2002-06-28,1936.27,,
ESTAT:ERT_H_EUR_D(1.0),08/01/26 11:00:00,Daily,Average,National currency (former currencies of the euro area countries),Italian lira,2002-07-01,1936.27,,
ESTAT:ERT_H_EUR_D(1.0),08/01/26 11:00:00,Daily,Average,National currency (former currencies of the euro area countries),Italian lira,2002-07-02,1936.27,,
ESTAT:ERT_H_EUR_D(1.0),08/01/26 11:00:00,Daily,Average,National currency (former currencies of the euro area countries),Italian lira,2002-07-03,1936.27,,
ESTAT:ERT_H_EUR_D(1.0),08/01/26 11:00:00,Daily,Average,National currency (former currencies of the euro area countries),Italian lira,2002-07-04,1936.27,,
ESTAT:ERT_H_EUR_D(1.0),08/01/26 11:00:00,Daily,Average,National currency (former currencies of the euro area countries),Italian lira,2002-07-05,1936.27,,
ESTAT:ERT_H_EUR_D(1.0),08/01/26 11:00:00,Daily,Average,National currency (former currencies of the euro area countries),Italian lira,2002-07-08,1936.27,,
ESTAT:ERT_H_EUR_D(1.0),08/01/26 11:00:00,Daily,Average,National currency (former currencies of the euro area countries),Italian lira,2002-07-09,1936.27,,
ESTAT:ERT_H_EUR_D(1.0),08/01/26 11:00:00,Daily,Average,National currency (former currencies of the euro area countries),Italian lira,2002-07-10,1936.27,,
ESTAT:ERT_H_EUR_D(1.0),08/01/26 11:00:00,Daily,Average,National currency (former currencies of the euro area countries),Italian lira,2002-07-11,1936.27,,
ESTAT:ERT_H_EUR_D(1.0),08/01/26 11:00:00,Daily,Average,National currency (former currencies of the euro area countries),Italian lira,2002-07-12,1936.27,,
ESTAT:ERT_H_EUR_D(1.0),08/01/26 11:00:00,Daily,Average,National currency (former currencies of the euro area countries),Italian lira,2002-07-15,1936.27,,
ESTAT:ERT_H_EUR_D(1.0),08/01/26 11:00:00,Daily,Average,National currency (former currencies of the euro area countries),Italian lira,2002-07-16,1936.27,,
ESTAT:ERT_H_EUR_D(1.0),08/01/26 11:00:00,Daily,Average,National currency (former currencies of the euro area countries),Italian lira,2002-07-17,1936.27,,
ESTAT:ERT_H_EUR_D(1.0),08/01/26 11:00:00,Daily,Average,National currency (former currencies of the euro area countries),Italian lira,2002-07-18,1936.27,,
ESTAT:ERT_H_EUR_D(1.0),08/01/26 11:00:00,Daily,Average,National currency (former currencies of the euro area countries),Italian lira,2002-07-19,1936.27,,
ESTAT:ERT_H_EUR_D(1.0),08/01/26 11:00:00,Daily,Average,National currency (former currencies of the euro area countries),Italian lira,2002-07-22,1936.27,,
ESTAT:ERT_H_EUR_D(1.0),08/01/26 11:00:00,Daily,Average,National currency (former currencies of the euro area countries),Italian lira,2002-07-23,1936.27,,
ESTAT:ERT_H_EUR_D(1.0),08/01/26 11:00:00,Daily,Average,National currency (former currencies of the euro area countries),Italian lira,2002-07-24,1936.27,,
ESTAT:ERT_H_EUR_D(1.0),08/01/26 11:00:00,Daily,Average,National currency (former currencies of the euro area countries),Italian lira,2002-07-25,1936.27,,
ESTAT:ERT_H_EUR_D(1.0),08/01/26 11:00:00,Daily,Average,National currency (former currencies of the euro area countries),Italian lira,2002-07-26,1936.27,,
ESTAT:ERT_H_EUR_D(1.0),08/01/26 11:00:00,Daily,Average,National currency (former currencies of the euro area countries),Italian lira,2002-07-29,1936.27,,
ESTAT:ERT_H_EUR_D(1.0),08/01/26 11:00:00,Daily,Average,National currency (former currencies of the euro area countries),Italian lira,2002-07-30,1936.27,,
ESTAT:ERT_H_EUR_D(1.0),08/01/26 11:00:00,Daily,Average,National currency (former currencies of the euro area countries),Italian lira,2002-07-31,1936.27,,
ESTAT:ERT_H_EUR_D(1.0),08/01/26 11:00:00,Daily,Average,National currency (former currencies of the euro area countries),Italian lira,2002-08-01,1936.27,,
ESTAT:ERT_H_EUR_D(1.0),08/01/26 11:00:00,Daily,Average,National currency (former currencies of the euro area countries),Italian lira,2002-08-02,1936.27,,
ESTAT:ERT_H_EUR_D(1.0),08/01/26 11:00:00,Daily,Average,National currency (former currencies of the euro area countries),Italian lira,2002-08-05,1936.27,,
ESTAT:ERT_H_EUR_D(1.0),08/01/26 11:00:00,Daily,Average,National currency (former currencies of the euro area countries),Italian lira,2002-08-06,1936.27,,
ESTAT:ERT_H_EUR_D(1.0),08/01/26 11:00:00,Daily,Average,National currency (former currencies of the euro area countries),Italian lira,2002-08-07,1936.27,,
ESTAT:ERT_H_EUR_D(1.0),08/01/26 11:00:00,Daily,Average,National currency (former currencies of the euro area countries),Italian lira,2002-08-08,1936.27,,
ESTAT:ERT_H_EUR_D(1.0),08/01/26 11:00:00,Daily,Average,National currency (former currencies of the euro area countries),Italian lira,2002-08-09,1936.27,,
ESTAT:ERT_H_EUR_D(1.0),08/01/26 11:00:00,Daily,Average,National currency (former currencies of the euro area countries),Italian lira,2002-08-12,1936.27,,
ESTAT:ERT_H_EUR_D(1.0),08/01/26 11:00:00,Daily,Average,National currency (former currencies of the euro area countries),Italian lira,2002-08-13,1936.27,,
ESTAT:ERT_H_EUR_D(1.0),08/01/26 11:00:00,Daily,Average,National currency (former currencies of the euro area countries),Italian lira,2002-08-14,1936.27,,
ESTAT:ERT_H_EUR_D(1.0),08/01/26 11:00:00,Daily,Average,National currency (former currencies of the euro area countries),Italian lira,2002-08-15,1936.27,,
ESTAT:ERT_H_EUR_D(1.0),08/01/26 11:00:00,Daily,Average,National currency (former currencies of the euro area countries),Italian lira,2002-08-16,1936.27,,
ESTAT:ERT_H_EUR_D(1.0),08/01/26 11:00:00,Daily,Average,National currency (former currencies of the euro area countries),Italian lira,2002-08-19,1936.27,,
ESTAT:ERT_H_EUR_D(1.0),08/01/26 11:00:00,Daily,Average,National currency (former currencies of the euro area countries),Italian lira,2002-08-20,1936.27,,
ESTAT:ERT_H_EUR_D(1.0),08/01/26 11:00:00,Daily,Average,National currency (former currencies of the euro area countries),Italian lira,2002-08-21,1936.27,,
ESTAT:ERT_H_EUR_D(1.0),08/01/26 11:00:00,Daily,Average,National currency (former currencies of the euro area countries),Italian lira,2002-08-22,1936.27,,
ESTAT:ERT_H_EUR_D(1.0),08/01/26 11:00:00,Daily,Average,National currency (former currencies of the euro area countries),Italian lira,2002-08-23,1936.27,,
ESTAT:ERT_H_EUR_D(1.0),08/01/26 11:00:00,Daily,Average,National currency (former currencies of the euro area countries),Italian lira,2002-08-26,1936.27,,
ESTAT:ERT_H_EUR_D(1.0),08/01/26 11:00:00,Daily,Average,National currency (former currencies of the euro area countries),Italian lira,2002-08-27,1936.27,,
ESTAT:ERT_H_EUR_D(1.0),08/01/26 11:00:00,Daily,Average,National currency (former currencies of the euro area countries),Italian lira,2002-08-28,1936.27,,
ESTAT:ERT_H_EUR_D(1.0),08/01/26 11:00:00,Daily,Average,National currency (former currencies of the euro area countries),Italian lira,2002-08-29,1936.27,,
ESTAT:ERT_H_EUR_D(1.0),08/01/26 11:00:00,Daily,Average,National currency (former currencies of the euro area countries),Italian lira,2002-08-30,1936.27,,
ESTAT:ERT_H_EUR_D(1.0),08/01/26 11:00:00,Daily,Average,National currency (former currencies of the euro area countries),Italian lira,2002-09-02,1936.27,,
ESTAT:ERT_H_EUR_D(1.0),08/01/26 11:00:00,Daily,Average,National currency (former currencies of the euro area countries),Italian lira,2002-09-03,1936.27,,
ESTAT:ERT_H_EUR_D(1.0),08/01/26 11:00:00,Daily,Average,National currency (former currencies of the euro area countries),Italian lira,2002-09-04,1936.27,,
ESTAT:ERT_H_EUR_D(1.0),08/01/26 11:00:00,Daily,Average,National currency (former currencies of the euro area countries),Italian lira,2002-09-05,1936.27,,
ESTAT:ERT_H_EUR_D(1.0),08/01/26 11:00:00,Daily,Average,National currency (former currencies of the euro area countries),Italian lira,2002-09-06,1936.27,,
ESTAT:ERT_H_EUR_D(1.0),08/01/26 11:00:00,Daily,Average,National currency (former currencies of the euro area countries),Italian lira,2002-09-09,1936.27,,
ESTAT:ERT_H_EUR_D(1.0),08/01/26 11:00:00,Daily,Average,National currency (former currencies of the euro area countries),Italian lira,2002-09-10,1936.27,,
ESTAT:ERT_H_EUR_D(1.0),08/01/26 11:00:00,Daily,Average,National currency (former currencies of the euro area countries),Italian lira,2002-09-11,1936.27,,
ESTAT:ERT_H_EUR_D(1.0),08/01/26 11:00:00,Daily,Average,National currency (former currencies of the euro area countries),Italian lira,2002-09-12,1936.27,,
ESTAT:ERT_H_EUR_D(1.0),08/01/26 11:00:00,Daily,Average,National currency (former currencies of the euro area countries),Italian lira,2002-09-13,1936.27,,
ESTAT:ERT_H_EUR_D(1.0),08/01/26 11:00:00,Daily,Average,National currency (former currencies of the euro area countries),Italian lira,2002-09-16,1936.27,,
ESTAT:ERT_H_EUR_D(1.0),08/01/26 11:00:00,Daily,Average,National currency (former currencies of the euro area countries),Italian lira,2002-09-17,1936.27,,
ESTAT:ERT_H_EUR_D(1.0),08/01/26 11:00:00,Daily,Average,National currency (former currencies of the euro area countries),Italian lira,2002-09-18,1936.27,,
ESTAT:ERT_H_EUR_D(1.0),08/01/26 11:00:00,Daily,Average,National currency (former currencies of the euro area countries),Italian lira,2002-09-19,1936.27,,
ESTAT:ERT_H_EUR_D(1.0),08/01/26 11:00:00,Daily,Average,National currency (former currencies of the euro area countries),Italian lira,2002-09-20,1936.27,,
ESTAT:ERT_H_EUR_D(1.0),08/01/26 11:00:00,Daily,Average,National currency (former currencies of the euro area countries),Italian lira,2002-09-23,1936.27,,
ESTAT:ERT_H_EUR_D(1.0),08/01/26 11:00:00,Daily,Average,National currency (former currencies of the euro area countries),Italian lira,2002-09-24,1936.27,,
ESTAT:ERT_H_EUR_D(1.0),08/01/26 11:00:00,Daily,Average,National currency (former currencies of the euro area countries),Italian lira,2002-09-25,1936.27,,
ESTAT:ERT_H_EUR_D(1.0),08/01/26 11:00:00,Daily,Average,National currency (former currencies of the euro area countries),Italian lira,2002-09-26,1936.27,,
ESTAT:ERT_H_EUR_D(1.0),08/01/26 11:00:00,Daily,Average,National currency (former currencies of the euro area countries),Italian lira,2002-09-27,1936.27,,
ESTAT:ERT_H_EUR_D(1.0),08/01/26 11:00:00,Daily,Average,National currency (former currencies of the euro area countries),Italian lira,2002-09-30,1936.27,,
ESTAT:ERT_H_EUR_D(1.0),08/01/26 11:00:00,Daily,Average,National currency (former currencies of the euro area countries),Italian lira,2002-10-01,1936.27,,
ESTAT:ERT_H_EUR_D(1.0),08/01/26 11:00:00,Daily,Average,National currency (former currencies of the euro area countries),Italian lira,2002-10-02,1936.27,,
ESTAT:ERT_H_EUR_D(1.0),08/01/26 11:00:00,Daily,Average,National currency (former currencies of the euro area countries),Italian lira,2002-10-03,1936.27,,
ESTAT:ERT_H_EUR_D(1.0),08/01/26 11:00:00,Daily,Average,National currency (former currencies of the euro area countries),Italian lira,2002-10-04,1936.27,,
ESTAT:ERT_H_EUR_D(1.0),08/01/26 11:00:00,Daily,Average,National currency (former currencies of the euro area countries),Italian lira,2002-10-07,1936.27,,
ESTAT:ERT_H_EUR_D(1.0),08/01/26 11:00:00,Daily,Average,National currency (former currencies of the euro area countries),Italian lira,2002-10-08,1936.27,,
ESTAT:ERT_H_EUR_D(1.0),08/01/26 11:00:00,Daily,Average,National currency (former currencies of the euro area countries),Italian lira,2002-10-09,1936.27,,
ESTAT:ERT_H_EUR_D(1.0),08/01/26 11:00:00,Daily,Average,National currency (former currencies of the euro area countries),Italian lira,2002-10-10,1936.27,,
ESTAT:ERT_H_EUR_D(1.0),08/01/26 11:00:00,Daily,Average,National currency (former currencies of the euro area countries),Italian lira,2002-10-11,1936.27,,
ESTAT:ERT_H_EUR_D(1.0),08/01/26 11:00:00,Daily,Average,National currency (former currencies of the euro area countries),Italian lira,2002-10-14,1936.27,,
ESTAT:ERT_H_EUR_D(1.0),08/01/26 11:00:00,Daily,Average,National currency (former currencies of the euro area countries),Italian lira,2002-10-15,1936.27,,
ESTAT:ERT_H_EUR_D(1.0),08/01/26 11:00:00,Daily,Average,National currency (former currencies of the euro area countries),Italian lira,2002-10-16,1936.27,,
ESTAT:ERT_H_EUR_D(1.0),08/01/26 11:00:00,Daily,Average,National currency (former currencies of the euro area countries),Italian lira,2002-10-17,1936.27,,
ESTAT:ERT_H_EUR_D(1.0),08/01/26 11:00:00,Daily,Average,National currency (former currencies of the euro area countries),Italian lira,2002-10-18,1936.27,,
ESTAT:ERT_H_EUR_D(1.0),08/01/26 11:00:00,Daily,Average,National currency (former currencies of the euro area countries),Italian lira,2002-10-21,1936.27,,
ESTAT:ERT_H_EUR_D(1.0),08/01/26 11:00:00,Daily,Average,National currency (former currencies of the euro area countries),Italian lira,2002-10-22,1936.27,,
ESTAT:ERT_H_EUR_D(1.0),08/01/26 11:00:00,Daily,Average,National currency (former currencies of the euro area countries),Italian lira,2002-10-23,1936.27,,
ESTAT:ERT_H_EUR_D(1.0),08/01/26 11:00:00,Daily,Average,National currency (former currencies of the euro area countries),Italian lira,2002-10-24,1936.27,,
ESTAT:ERT_H_EUR_D(1.0),08/01/26 11:00:00,Daily,Average,National currency (former currencies of the euro area countries),Italian lira,2002-10-25,1936.27,,
ESTAT:ERT_H_EUR_D(1.0),08/01/26 11:00:00,Daily,Average,National currency (former currencies of the euro area countries),Italian lira,2002-10-28,1936.27,,
ESTAT:ERT_H_EUR_D(1.0),08/01/26 11:00:00,Daily,Average,National currency (former currencies of the euro area countries),Italian lira,2002-10-29,1936.27,,
ESTAT:ERT_H_EUR_D(1.0),08/01/26 11:00:00,Daily,Average,National currency (former currencies of the euro area countries),Italian lira,2002-10-30,1936.27,,
ESTAT:ERT_H_EUR_D(1.0),08/01/26 11:00:00,Daily,Average,National currency (former currencies of the euro area countries),Italian lira,2002-10-31,1936.27,,
ESTAT:ERT_H_EUR_D(1.0),08/01/26 11:00:00,Daily,Average,National currency (former currencies of the euro area countries),Italian lira,2002-11-01,1936.27,,
ESTAT:ERT_H_EUR_D(1.0),08/01/26 11:00:00,Daily,Average,National currency (former currencies of the euro area countries),Italian lira,2002-11-04,1936.27,,
ESTAT:ERT_H_EUR_D(1.0),08/01/26 11:00:00,Daily,Average,National currency (former currencies of the euro area countries),Italian lira,2002-11-05,1936.27,,
ESTAT:ERT_H_EUR_D(1.0),08/01/26 11:00:00,Daily,Average,National currency (former currencies of the euro area countries),Italian lira,2002-11-06,1936.27,,
ESTAT:ERT_H_EUR_D(1.0),08/01/26 11:00:00,Daily,Average,National currency (former currencies of the euro area countries),Italian lira,2002-11-07,1936.27,,
ESTAT:ERT_H_EUR_D(1.0),08/01/26 11:00:00,Daily,Average,National currency (former currencies of the euro area countries),Italian lira,2002-11-08,1936.27,,
ESTAT:ERT_H_EUR_D(1.0),08/01/26 11:00:00,Daily,Average,National currency (former currencies of the euro area countries),Italian lira,2002-11-11,1936.27,,
ESTAT:ERT_H_EUR_D(1.0),08/01/26 11:00:00,Daily,Average,National currency (former currencies of the euro area countries),Italian lira,2002-11-12,1936.27,,
ESTAT:ERT_H_EUR_D(1.0),08/01/26 11:00:00,Daily,Average,National currency (former currencies of the euro area countries),Italian lira,2002-11-13,1936.27,,
ESTAT:ERT_H_EUR_D(1.0),08/01/26 11:00:00,Daily,Average,National currency (former currencies of the euro area countries),Italian lira,2002-11-14,1936.27,,
ESTAT:ERT_H_EUR_D(1.0),08/01/26 11:00:00,Daily,Average,National currency (former currencies of the euro area countries),Italian lira,2002-11-15,1936.27,,
ESTAT:ERT_H_EUR_D(1.0),08/01/26 11:00:00,Daily,Average,National currency (former currencies of the euro area countries),Italian lira,2002-11-18,1936.27,,
ESTAT:ERT_H_EUR_D(1.0),08/01/26 11:00:00,Daily,Average,National currency (former currencies of the euro area countries),Italian lira,2002-11-19,1936.27,,
ESTAT:ERT_H_EUR_D(1.0),08/01/26 11:00:00,Daily,Average,National currency (former currencies of the euro area countries),Italian lira,2002-11-20,1936.27,,
ESTAT:ERT_H_EUR_D(1.0),08/01/26 11:00:00,Daily,Average,National currency (former currencies of the euro area countries),Italian lira,2002-11-21,1936.27,,
ESTAT:ERT_H_EUR_D(1.0),08/01/26 11:00:00,Daily,Average,National currency (former currencies of the euro area countries),Italian lira,2002-11-22,1936.27,,
ESTAT:ERT_H_EUR_D(1.0),08/01/26 11:00:00,Daily,Average,National currency (former currencies of the euro area countries),Italian lira,2002-11-25,1936.27,,
ESTAT:ERT_H_EUR_D(1.0),08/01/26 11:00:00,Daily,Average,National currency (former currencies of the euro area countries),Italian lira,2002-11-26,1936.27,,
ESTAT:ERT_H_EUR_D(1.0),08/01/26 11:00:00,Daily,Average,National currency (former currencies of the euro area countries),Italian lira,2002-11-27,1936.27,,
ESTAT:ERT_H_EUR_D(1.0),08/01/26 11:00:00,Daily,Average,National currency (former currencies of the euro area countries),Italian lira,2002-11-28,1936.27,,
ESTAT:ERT_H_EUR_D(1.0),08/01/26 11:00:00,Daily,Average,National currency (former currencies of the euro area countries),Italian lira,2002-11-29,1936.27,,
ESTAT:ERT_H_EUR_D(1.0),08/01/26 11:00:00,Daily,Average,National currency (former currencies of the euro area countries),Italian lira,2002-12-02,1936.27,,
ESTAT:ERT_H_EUR_D(1.0),08/01/26 11:00:00,Daily,Average,National currency (former currencies of the euro area countries),Italian lira,2002-12-03,1936.27,,
ESTAT:ERT_H_EUR_D(1.0),08/01/26 11:00:00,Daily,Average,National currency (former currencies of the euro area countries),Italian lira,2002-12-04,1936.27,,
ESTAT:ERT_H_EUR_D(1.0),08/01/26 11:00:00,Daily,Average,National currency (former currencies of the euro area countries),Italian lira,2002-12-05,1936.27,,
ESTAT:ERT_H_EUR_D(1.0),08/01/26 11:00:00,Daily,Average,National currency (former currencies of the euro area countries),Italian lira,2002-12-06,1936.27,,
ESTAT:ERT_H_EUR_D(1.0),08/01/26 11:00:00,Daily,Average,National currency (former currencies of the euro area countries),Italian lira,2002-12-09,1936.27,,
ESTAT:ERT_H_EUR_D(1.0),08/01/26 11:00:00,Daily,Average,National currency (former currencies of the euro area countries),Italian lira,2002-12-10,1936.27,,
ESTAT:ERT_H_EUR_D(1.0),08/01/26 11:00:00,Daily,Average,National currency (former currencies of the euro area countries),Italian lira,2002-12-11,1936.27,,
ESTAT:ERT_H_EUR_D(1.0),08/01/26 11:00:00,Daily,Average,National currency (former currencies of the euro area countries),Italian lira,2002-12-12,1936.27,,
ESTAT:ERT_H_EUR_D(1.0),08/01/26 11:00:00,Daily,Average,National currency (former currencies of the euro area countries),Italian lira,2002-12-13,1936.27,,
ESTAT:ERT_H_EUR_D(1.0),08/01/26 11:00:00,Daily,Average,National currency (former currencies of the euro area countries),Italian lira,2002-12-16,1936.27,,
ESTAT:ERT_H_EUR_D(1.0),08/01/26 11:00:00,Daily,Average,National currency (former currencies of the euro area countries),Italian lira,2002-12-17,1936.27,,
ESTAT:ERT_H_EUR_D(1.0),08/01/26 11:00:00,Daily,Average,National currency (former currencies of the euro area countries),Italian lira,2002-12-18,1936.27,,
ESTAT:ERT_H_EUR_D(1.0),08/01/26 11:00:00,Daily,Average,National currency (former currencies of the euro area countries),Italian lira,2002-12-19,1936.27,,
ESTAT:ERT_H_EUR_D(1.0),08/01/26 11:00:00,Daily,Average,National currency (former currencies of the euro area countries),Italian lira,2002-12-20,1936.27,,
ESTAT:ERT_H_EUR_D(1.0),08/01/26 11:00:00,Daily,Average,National currency (former currencies of the euro area countries),Italian lira,2002-12-23,1936.27,,
ESTAT:ERT_H_EUR_D(1.0),08/01/26 11:00:00,Daily,Average,National currency (former currencies of the euro area countries),Italian lira,2002-12-24,1936.27,,
ESTAT:ERT_H_EUR_D(1.0),08/01/26 11:00:00,Daily,Average,National currency (former currencies of the euro area countries),Italian lira,2002-12-25,1936.27,,
ESTAT:ERT_H_EUR_D(1.0),08/01/26 11:00:00,Daily,Average,National currency (former currencies of the euro area countries),Italian lira,2002-12-26,1936.27,,
ESTAT:ERT_H_EUR_D(1.0),08/01/26 11:00:00,Daily,Average,National currency (former currencies of the euro area countries),Italian lira,2002-12-27,1936.27,,
ESTAT:ERT_H_EUR_D(1.0),08/01/26 11:00:00,Daily,Average,National currency (former currencies of the euro area countries),Italian lira,2002-12-30,1936.27,,
ESTAT:ERT_H_EUR_D(1.0),08/01/26 11:00:00,Daily,Average,National currency (former currencies of the euro area countries),Italian lira,2002-12-31,1936.27,,
ESTAT:ERT_H_EUR_D(1.0),08/01/26 11:00:00,Daily,Average,National currency (former currencies of the euro area countries),Italian lira,2003-01-01,1936.27,,
ESTAT:ERT_H_EUR_D(1.0),08/01/26 11:00:00,Daily,Average,National currency (former currencies of the euro area countries),Italian lira,2003-01-02,1936.27,,
ESTAT:ERT_H_EUR_D(1.0),08/01/26 11:00:00,Daily,Average,National currency (former currencies of the euro area countries),Italian lira,2003-01-03,1936.27,,
ESTAT:ERT_H_EUR_D(1.0),08/01/26 11:00:00,Daily,Average,National currency (former currencies of the euro area countries),Italian lira,2003-01-06,1936.27,,
ESTAT:ERT_H_EUR_D(1.0),08/01/26 11:00:00,Daily,Average,National currency (former currencies of the euro area countries),Italian lira,2003-01-07,1936.27,,
ESTAT:ERT_H_EUR_D(1.0),08/01/26 11:00:00,Daily,Average,National currency (former currencies of the euro area countries),Italian lira,2003-01-08,1936.27,,
ESTAT:ERT_H_EUR_D(1.0),08/01/26 11:00:00,Daily,Average,National currency (former currencies of the euro area countries),Italian lira,2003-01-09,1936.27,,
ESTAT:ERT_H_EUR_D(1.0),08/01/26 11:00:00,Daily,Average,National currency (former currencies of the euro area countries),Italian lira,2003-01-10,1936.27,,
ESTAT:ERT_H_EUR_D(1.0),08/01/26 11:00:00,Daily,Average,National currency (former currencies of the euro area countries),Italian lira,2003-01-13,1936.27,,
ESTAT:ERT_H_EUR_D(1.0),08/01/26 11:00:00,Daily,Average,National currency (former currencies of the euro area countries),Italian lira,2003-01-14,1936.27,,
ESTAT:ERT_H_EUR_D(1.0),08/01/26 11:00:00,Daily,Average,National currency (former currencies of the euro area countries),Italian lira,2003-01-15,1936.27,,
ESTAT:ERT_H_EUR_D(1.0),08/01/26 11:00:00,Daily,Average,National currency (former currencies of the euro area countries),Italian lira,2003-01-16,1936.27,,
ESTAT:ERT_H_EUR_D(1.0),08/01/26 11:00:00,Daily,Average,National currency (former currencies of the euro area countries),Italian lira,2003-01-17,1936.27,,
ESTAT:ERT_H_EUR_D(1.0),08/01/26 11:00:00,Daily,Average,National currency (former currencies of the euro area countries),Italian lira,2003-01-20,1936.27,,
ESTAT:ERT_H_EUR_D(1.0),08/01/26 11:00:00,Daily,Average,National currency (former currencies of the euro area countries),Italian lira,2003-01-21,1936.27,,
ESTAT:ERT_H_EUR_D(1.0),08/01/26 11:00:00,Daily,Average,National currency (former currencies of the euro area countries),Italian lira,2003-01-22,1936.27,,
ESTAT:ERT_H_EUR_D(1.0),08/01/26 11:00:00,Daily,Average,National currency (former currencies of the euro area countries),Italian lira,2003-01-23,1936.27,,
ESTAT:ERT_H_EUR_D(1.0),08/01/26 11:00:00,Daily,Average,National currency (former currencies of the euro area countries),Italian lira,2003-01-24,1936.27,,
ESTAT:ERT_H_EUR_D(1.0),08/01/26 11:00:00,Daily,Average,National currency (former currencies of the euro area countries),Italian lira,2003-01-27,1936.27,,
ESTAT:ERT_H_EUR_D(1.0),08/01/26 11:00:00,Daily,Average,National currency (former currencies of the euro area countries),Italian lira,2003-01-28,1936.27,,
ESTAT:ERT_H_EUR_D(1.0),08/01/26 11:00:00,Daily,Average,National currency (former currencies of the euro area countries),Italian lira,2003-01-29,1936.27,,
ESTAT:ERT_H_EUR_D(1.0),08/01/26 11:00:00,Daily,Average,National currency (former currencies of the euro area countries),Italian lira,2003-01-30,1936.27,,
ESTAT:ERT_H_EUR_D(1.0),08/01/26 11:00:00,Daily,Average,National currency (former currencies of the euro area countries),Italian lira,2003-01-31,1936.27,,
ESTAT:ERT_H_EUR_D(1.0),08/01/26 11:00:00,Daily,Average,National currency (former currencies of the euro area countries),Italian lira,2003-02-03,1936.27,,
ESTAT:ERT_H_EUR_D(1.0),08/01/26 11:00:00,Daily,Average,National currency (former currencies of the euro area countries),Italian lira,2003-02-04,1936.27,,
ESTAT:ERT_H_EUR_D(1.0),08/01/26 11:00:00,Daily,Average,National currency (former currencies of the euro area countries),Italian lira,2003-02-05,1936.27,,
ESTAT:ERT_H_EUR_D(1.0),08/01/26 11:00:00,Daily,Average,National currency (former currencies of the euro area countries),Italian lira,2003-02-06,1936.27,,
ESTAT:ERT_H_EUR_D(1.0),08/01/26 11:00:00,Daily,Average,National currency (former currencies of the euro area countries),Italian lira,2003-02-07,1936.27,,
ESTAT:ERT_H_EUR_D(1.0),08/01/26 11:00:00,Daily,Average,National currency (former currencies of the euro area countries),Italian lira,2003-02-10,1936.27,,
ESTAT:ERT_H_EUR_D(1.0),08/01/26 11:00:00,Daily,Average,National currency (former currencies of the euro area countries),Italian lira,2003-02-11,1936.27,,
ESTAT:ERT_H_EUR_D(1.0),08/01/26 11:00:00,Daily,Average,National currency (former currencies of the euro area countries),Italian lira,2003-02-12,1936.27,,
ESTAT:ERT_H_EUR_D(1.0),08/01/26 11:00:00,Daily,Average,National currency (former currencies of the euro area countries),Italian lira,2003-02-13,1936.27,,
ESTAT:ERT_H_EUR_D(1.0),08/01/26 11:00:00,Daily,Average,National currency (former currencies of the euro area countries),Italian lira,2003-02-14,1936.27,,
ESTAT:ERT_H_EUR_D(1.0),08/01/26 11:00:00,Daily,Average,National currency (former currencies of the euro area countries),Italian lira,2003-02-17,1936.27,,
ESTAT:ERT_H_EUR_D(1.0),08/01/26 11:00:00,Daily,Average,National currency (former currencies of the euro area countries),Italian lira,2003-02-18,1936.27,,
ESTAT:ERT_H_EUR_D(1.0),08/01/26 11:00:00,Daily,Average,National currency (former currencies of the euro area countries),Italian lira,2003-02-19,1936.27,,
ESTAT:ERT_H_EUR_D(1.0),08/01/26 11:00:00,Daily,Average,National currency (former currencies of the euro area countries),Italian lira,2003-02-20,1936.27,,
ESTAT:ERT_H_EUR_D(1.0),08/01/26 11:00:00,Daily,Average,National currency (former currencies of the euro area countries),Italian lira,2003-02-21,1936.27,,
ESTAT:ERT_H_EUR_D(1.0),08/01/26 11:00:00,Daily,Average,National currency (former currencies of the euro area countries),Italian lira,2003-02-24,1936.27,,
ESTAT:ERT_H_EUR_D(1.0),08/01/26 11:00:00,Daily,Average,National currency (former currencies of the euro area countries),Italian lira,2003-02-25,1936.27,,
ESTAT:ERT_H_EUR_D(1.0),08/01/26 11:00:00,Daily,Average,National currency (former currencies of the euro area countries),Italian lira,2003-02-26,1936.27,,
ESTAT:ERT_H_EUR_D(1.0),08/01/26 11:00:00,Daily,Average,National currency (former currencies of the euro area countries),Italian lira,2003-02-27,1936.27,,
ESTAT:ERT_H_EUR_D(1.0),08/01/26 11:00:00,Daily,Average,National currency (former currencies of the euro area countries),Italian lira,2003-02-28,1936.27,,
ESTAT:ERT_H_EUR_D(1.0),08/01/26 11:00:00,Daily,Average,National currency (former currencies of the euro area countries),Italian lira,2003-03-03,1936.27,,
ESTAT:ERT_H_EUR_D(1.0),08/01/26 11:00:00,Daily,Average,National currency (former currencies of the euro area countries),Italian lira,2003-03-04,1936.27,,
ESTAT:ERT_H_EUR_D(1.0),08/01/26 11:00:00,Daily,Average,National currency (former currencies of the euro area countries),Italian lira,2003-03-05,1936.27,,
ESTAT:ERT_H_EUR_D(1.0),08/01/26 11:00:00,Daily,Average,National currency (former currencies of the euro area countries),Italian lira,2003-03-06,1936.27,,
ESTAT:ERT_H_EUR_D(1.0),08/01/26 11:00:00,Daily,Average,National currency (former currencies of the euro area countries),Italian lira,2003-03-07,1936.27,,
ESTAT:ERT_H_EUR_D(1.0),08/01/26 11:00:00,Daily,Average,National currency (former currencies of the euro area countries),Italian lira,2003-03-10,1936.27,,
ESTAT:ERT_H_EUR_D(1.0),08/01/26 11:00:00,Daily,Average,National currency (former currencies of the euro area countries),Italian lira,2003-03-11,1936.27,,
ESTAT:ERT_H_EUR_D(1.0),08/01/26 11:00:00,Daily,Average,National currency (former currencies of the euro area countries),Italian lira,2003-03-12,1936.27,,
ESTAT:ERT_H_EUR_D(1.0),08/01/26 11:00:00,Daily,Average,National currency (former currencies of the euro area countries),Italian lira,2003-03-13,1936.27,,
ESTAT:ERT_H_EUR_D(1.0),08/01/26 11:00:00,Daily,Average,National currency (former currencies of the euro area countries),Italian lira,2003-03-14,1936.27,,
ESTAT:ERT_H_EUR_D(1.0),08/01/26 11:00:00,Daily,Average,National currency (former currencies of the euro area countries),Italian lira,2003-03-17,1936.27,,
ESTAT:ERT_H_EUR_D(1.0),08/01/26 11:00:00,Daily,Average,National currency (former currencies of the euro area countries),Italian lira,2003-03-18,1936.27,,
ESTAT:ERT_H_EUR_D(1.0),08/01/26 11:00:00,Daily,Average,National currency (former currencies of the euro area countries),Italian lira,2003-03-19,1936.27,,
ESTAT:ERT_H_EUR_D(1.0),08/01/26 11:00:00,Daily,Average,National currency (former currencies of the euro area countries),Italian lira,2003-03-20,1936.27,,
ESTAT:ERT_H_EUR_D(1.0),08/01/26 11:00:00,Daily,Average,National currency (former currencies of the euro area countries),Italian lira,2003-03-21,1936.27,,
ESTAT:ERT_H_EUR_D(1.0),08/01/26 11:00:00,Daily,Average,National currency (former currencies of the euro area countries),Italian lira,2003-03-24,1936.27,,
ESTAT:ERT_H_EUR_D(1.0),08/01/26 11:00:00,Daily,Average,National currency (former currencies of the euro area countries),Italian lira,2003-03-25,1936.27,,
ESTAT:ERT_H_EUR_D(1.0),08/01/26 11:00:00,Daily,Average,National currency (former currencies of the euro area countries),Italian lira,2003-03-26,1936.27,,
ESTAT:ERT_H_EUR_D(1.0),08/01/26 11:00:00,Daily,Average,National currency (former currencies of the euro area countries),Italian lira,2003-03-27,1936.27,,
ESTAT:ERT_H_EUR_D(1.0),08/01/26 11:00:00,Daily,Average,National currency (former currencies of the euro area countries),Italian lira,2003-03-28,1936.27,,
ESTAT:ERT_H_EUR_D(1.0),08/01/26 11:00:00,Daily,Average,National currency (former currencies of the euro area countries),Italian lira,2003-03-31,1936.27,,
ESTAT:ERT_H_EUR_D(1.0),08/01/26 11:00:00,Daily,Average,National currency (former currencies of the euro area countries),Italian lira,2003-04-01,1936.27,,
ESTAT:ERT_H_EUR_D(1.0),08/01/26 11:00:00,Daily,Average,National currency (former currencies of the euro area countries),Italian lira,2003-04-02,1936.27,,
ESTAT:ERT_H_EUR_D(1.0),08/01/26 11:00:00,Daily,Average,National currency (former currencies of the euro area countries),Italian lira,2003-04-03,1936.27,,
ESTAT:ERT_H_EUR_D(1.0),08/01/26 11:00:00,Daily,Average,National currency (former currencies of the euro area countries),Italian lira,2003-04-04,1936.27,,
ESTAT:ERT_H_EUR_D(1.0),08/01/26 11:00:00,Daily,Average,National currency (former currencies of the euro area countries),Italian lira,2003-04-07,1936.27,,
ESTAT:ERT_H_EUR_D(1.0),08/01/26 11:00:00,Daily,Average,National currency (former currencies of the euro area countries),Italian lira,2003-04-08,1936.27,,
ESTAT:ERT_H_EUR_D(1.0),08/01/26 11:00:00,Daily,Average,National currency (former currencies of the euro area countries),Italian lira,2003-04-09,1936.27,,
ESTAT:ERT_H_EUR_D(1.0),08/01/26 11:00:00,Daily,Average,National currency (former currencies of the euro area countries),Italian lira,2003-04-10,1936.27,,
ESTAT:ERT_H_EUR_D(1.0),08/01/26 11:00:00,Daily,Average,National currency (former currencies of the euro area countries),Italian lira,2003-04-11,1936.27,,
ESTAT:ERT_H_EUR_D(1.0),08/01/26 11:00:00,Daily,Average,National currency (former currencies of the euro area countries),Italian lira,2003-04-14,1936.27,,
ESTAT:ERT_H_EUR_D(1.0),08/01/26 11:00:00,Daily,Average,National currency (former currencies of the euro area countries),Italian lira,2003-04-15,1936.27,,
ESTAT:ERT_H_EUR_D(1.0),08/01/26 11:00:00,Daily,Average,National currency (former currencies of the euro area countries),Italian lira,2003-04-16,1936.27,,
ESTAT:ERT_H_EUR_D(1.0),08/01/26 11:00:00,Daily,Average,National currency (former currencies of the euro area countries),Italian lira,2003-04-17,1936.27,,
ESTAT:ERT_H_EUR_D(1.0),08/01/26 11:00:00,Daily,Average,National currency (former currencies of the euro area countries),Italian lira,2003-04-18,1936.27,,
ESTAT:ERT_H_EUR_D(1.0),08/01/26 11:00:00,Daily,Average,National currency (former currencies of the euro area countries),Italian lira,2003-04-21,1936.27,,
ESTAT:ERT_H_EUR_D(1.0),08/01/26 11:00:00,Daily,Average,National currency (former currencies of the euro area countries),Italian lira,2003-04-22,1936.27,,
ESTAT:ERT_H_EUR_D(1.0),08/01/26 11:00:00,Daily,Average,National currency (former currencies of the euro area countries),Italian lira,2003-04-23,1936.27,,
ESTAT:ERT_H_EUR_D(1.0),08/01/26 11:00:00,Daily,Average,National currency (former currencies of the euro area countries),Italian lira,2003-04-24,1936.27,,
ESTAT:ERT_H_EUR_D(1.0),08/01/26 11:00:00,Daily,Average,National currency (former currencies of the euro area countries),Italian lira,2003-04-25,1936.27,,
ESTAT:ERT_H_EUR_D(1.0),08/01/26 11:00:00,Daily,Average,National currency (former currencies of the euro area countries),Italian lira,2003-04-28,1936.27,,
ESTAT:ERT_H_EUR_D(1.0),08/01/26 11:00:00,Daily,Average,National currency (former currencies of the euro area countries),Italian lira,2003-04-29,1936.27,,
ESTAT:ERT_H_EUR_D(1.0),08/01/26 11:00:00,Daily,Average,National currency (former currencies of the euro area countries),Italian lira,2003-04-30,1936.27,,
ESTAT:ERT_H_EUR_D(1.0),08/01/26 11:00:00,Daily,Average,National currency (former currencies of the euro area countries),Italian lira,2003-05-01,1936.27,,
ESTAT:ERT_H_EUR_D(1.0),08/01/26 11:00:00,Daily,Average,National currency (former currencies of the euro area countries),Italian lira,2003-05-02,1936.27,,
ESTAT:ERT_H_EUR_D(1.0),08/01/26 11:00:00,Daily,Average,National currency (former currencies of the euro area countries),Italian lira,2003-05-05,1936.27,,
ESTAT:ERT_H_EUR_D(1.0),08/01/26 11:00:00,Daily,Average,National currency (former currencies of the euro area countries),Italian lira,2003-05-06,1936.27,,
ESTAT:ERT_H_EUR_D(1.0),08/01/26 11:00:00,Daily,Average,National currency (former currencies of the euro area countries),Italian lira,2003-05-07,1936.27,,
ESTAT:ERT_H_EUR_D(1.0),08/01/26 11:00:00,Daily,Average,National currency (former currencies of the euro area countries),Italian lira,2003-05-08,1936.27,,
ESTAT:ERT_H_EUR_D(1.0),08/01/26 11:00:00,Daily,Average,National currency (former currencies of the euro area countries),Italian lira,2003-05-09,1936.27,,
ESTAT:ERT_H_EUR_D(1.0),08/01/26 11:00:00,Daily,Average,National currency (former currencies of the euro area countries),Italian lira,2003-05-12,1936.27,,
ESTAT:ERT_H_EUR_D(1.0),08/01/26 11:00:00,Daily,Average,National currency (former currencies of the euro area countries),Italian lira,2003-05-13,1936.27,,
ESTAT:ERT_H_EUR_D(1.0),08/01/26 11:00:00,Daily,Average,National currency (former currencies of the euro area countries),Italian lira,2003-05-14,1936.27,,
ESTAT:ERT_H_EUR_D(1.0),08/01/26 11:00:00,Daily,Average,National currency (former currencies of the euro area countries),Italian lira,2003-05-15,1936.27,,
ESTAT:ERT_H_EUR_D(1.0),08/01/26 11:00:00,Daily,Average,National currency (former currencies of the euro area countries),Italian lira,2003-05-16,1936.27,,
ESTAT:ERT_H_EUR_D(1.0),08/01/26 11:00:00,Daily,Average,National currency (former currencies of the euro area countries),Italian lira,2003-05-19,1936.27,,
ESTAT:ERT_H_EUR_D(1.0),08/01/26 11:00:00,Daily,Average,National currency (former currencies of the euro area countries),Italian lira,2003-05-20,1936.27,,
ESTAT:ERT_H_EUR_D(1.0),08/01/26 11:00:00,Daily,Average,National currency (former currencies of the euro area countries),Italian lira,2003-05-21,1936.27,,
ESTAT:ERT_H_EUR_D(1.0),08/01/26 11:00:00,Daily,Average,National currency (former currencies of the euro area countries),Italian lira,2003-05-22,1936.27,,
ESTAT:ERT_H_EUR_D(1.0),08/01/26 11:00:00,Daily,Average,National currency (former currencies of the euro area countries),Italian lira,2003-05-23,1936.27,,
ESTAT:ERT_H_EUR_D(1.0),08/01/26 11:00:00,Daily,Average,National currency (former currencies of the euro area countries),Italian lira,2003-05-26,1936.27,,
ESTAT:ERT_H_EUR_D(1.0),08/01/26 11:00:00,Daily,Average,National currency (former currencies of the euro area countries),Italian lira,2003-05-27,1936.27,,
ESTAT:ERT_H_EUR_D(1.0),08/01/26 11:00:00,Daily,Average,National currency (former currencies of the euro area countries),Italian lira,2003-05-28,1936.27,,
ESTAT:ERT_H_EUR_D(1.0),08/01/26 11:00:00,Daily,Average,National currency (former currencies of the euro area countries),Italian lira,2003-05-29,1936.27,,
ESTAT:ERT_H_EUR_D(1.0),08/01/26 11:00:00,Daily,Average,National currency (former currencies of the euro area countries),Italian lira,2003-05-30,1936.27,,
ESTAT:ERT_H_EUR_D(1.0),08/01/26 11:00:00,Daily,Average,National currency (former currencies of the euro area countries),Italian lira,2003-06-02,1936.27,,
ESTAT:ERT_H_EUR_D(1.0),08/01/26 11:00:00,Daily,Average,National currency (former currencies of the euro area countries),Italian lira,2003-06-03,1936.27,,
ESTAT:ERT_H_EUR_D(1.0),08/01/26 11:00:00,Daily,Average,National currency (former currencies of the euro area countries),Italian lira,2003-06-04,1936.27,,
ESTAT:ERT_H_EUR_D(1.0),08/01/26 11:00:00,Daily,Average,National currency (former currencies of the euro area countries),Italian lira,2003-06-05,1936.27,,
ESTAT:ERT_H_EUR_D(1.0),08/01/26 11:00:00,Daily,Average,National currency (former currencies of the euro area countries),Italian lira,2003-06-06,1936.27,,
ESTAT:ERT_H_EUR_D(1.0),08/01/26 11:00:00,Daily,Average,National currency (former currencies of the euro area countries),Italian lira,2003-06-09,1936.27,,
ESTAT:ERT_H_EUR_D(1.0),08/01/26 11:00:00,Daily,Average,National currency (former currencies of the euro area countries),Italian lira,2003-06-10,1936.27,,
ESTAT:ERT_H_EUR_D(1.0),08/01/26 11:00:00,Daily,Average,National currency (former currencies of the euro area countries),Italian lira,2003-06-11,1936.27,,
ESTAT:ERT_H_EUR_D(1.0),08/01/26 11:00:00,Daily,Average,National currency (former currencies of the euro area countries),Italian lira,2003-06-12,1936.27,,
ESTAT:ERT_H_EUR_D(1.0),08/01/26 11:00:00,Daily,Average,National currency (former currencies of the euro area countries),Italian lira,2003-06-13,1936.27,,
ESTAT:ERT_H_EUR_D(1.0),08/01/26 11:00:00,Daily,Average,National currency (former currencies of the euro area countries),Italian lira,2003-06-16,1936.27,,
ESTAT:ERT_H_EUR_D(1.0),08/01/26 11:00:00,Daily,Average,National currency (former currencies of the euro area countries),Italian lira,2003-06-17,1936.27,,
ESTAT:ERT_H_EUR_D(1.0),08/01/26 11:00:00,Daily,Average,National currency (former currencies of the euro area countries),Italian lira,2003-06-18,1936.27,,
ESTAT:ERT_H_EUR_D(1.0),08/01/26 11:00:00,Daily,Average,National currency (former currencies of the euro area countries),Italian lira,2003-06-19,1936.27,,
ESTAT:ERT_H_EUR_D(1.0),08/01/26 11:00:00,Daily,Average,National currency (former currencies of the euro area countries),Italian lira,2003-06-20,1936.27,,
ESTAT:ERT_H_EUR_D(1.0),08/01/26 11:00:00,Daily,Average,National currency (former currencies of the euro area countries),Italian lira,2003-06-23,1936.27,,
ESTAT:ERT_H_EUR_D(1.0),08/01/26 11:00:00,Daily,Average,National currency (former currencies of the euro area countries),Italian lira,2003-06-24,1936.27,,
ESTAT:ERT_H_EUR_D(1.0),08/01/26 11:00:00,Daily,Average,National currency (former currencies of the euro area countries),Italian lira,2003-06-25,1936.27,,
ESTAT:ERT_H_EUR_D(1.0),08/01/26 11:00:00,Daily,Average,National currency (former currencies of the euro area countries),Italian lira,2003-06-26,1936.27,,
ESTAT:ERT_H_EUR_D(1.0),08/01/26 11:00:00,Daily,Average,National currency (former currencies of the euro area countries),Italian lira,2003-06-27,1936.27,,
ESTAT:ERT_H_EUR_D(1.0),08/01/26 11:00:00,Daily,Average,National currency (former currencies of the euro area countries),Italian lira,2003-06-30,1936.27,,
ESTAT:ERT_H_EUR_D(1.0),08/01/26 11:00:00,Daily,Average,National currency (former currencies of the euro area countries),Italian lira,2003-07-01,1936.27,,
ESTAT:ERT_H_EUR_D(1.0),08/01/26 11:00:00,Daily,Average,National currency (former currencies of the euro area countries),Italian lira,2003-07-02,1936.27,,
ESTAT:ERT_H_EUR_D(1.0),08/01/26 11:00:00,Daily,Average,National currency (former currencies of the euro area countries),Italian lira,2003-07-03,1936.27,,
ESTAT:ERT_H_EUR_D(1.0),08/01/26 11:00:00,Daily,Average,National currency (former currencies of the euro area countries),Italian lira,2003-07-04,1936.27,,
ESTAT:ERT_H_EUR_D(1.0),08/01/26 11:00:00,Daily,Average,National currency (former currencies of the euro area countries),Italian lira,2003-07-07,1936.27,,
ESTAT:ERT_H_EUR_D(1.0),08/01/26 11:00:00,Daily,Average,National currency (former currencies of the euro area countries),Italian lira,2003-07-08,1936.27,,
