DATAFLOW,LAST UPDATE,freq,statinfo,unit,currency,TIME_PERIOD,OBS_VALUE,OBS_FLAG,CONF_STATUS
ESTAT:ERT_H_EUR_D(1.0),08/01/26 11:00:00,Daily,Average,National currency (former currencies of the euro area countries),Italian lira,1978-03-20,1072.60,,
ESTAT:ERT_H_EUR_D(1.0),08/01/26 11:00:00,Daily,Average,National currency (former currencies of the euro area countries),Italian lira,1978-03-21,1069.12,,
ESTAT:ERT_H_EUR_D(1.0),08/01/26 11:00:00,Daily,Average,National currency (former currencies of the euro area countries),Italian lira,1978-03-22,1069.44,,
ESTAT:ERT_H_EUR_D(1.0),08/01/26 11:00:00,Daily,Average,National currency (former currencies of the euro area countries),Italian lira,1978-03-23,1071.43,,
ESTAT:ERT_H_EUR_D(1.0),08/01/26 11:00:00,Daily,Average,National currency (former currencies of the euro area countries),Italian lira,1978-03-24,1068.73,,
ESTAT:ERT_H_EUR_D(1.0),08/01/26 11:00:00,Daily,Average,National currency (former currencies of the euro area countries),Italian lira,1978-03-28,1072.19,,
ESTAT:ERT_H_EUR_D(1.0),08/01/26 11:00:00,Daily,Average,National currency (former currencies of the euro area countries),Italian lira,1978-03-29,1072.99,,
ESTAT:ERT_H_EUR_D(1.0),08/01/26 11:00:00,Daily,Average,National currency (former currencies of the euro area countries),Italian lira,1978-03-30,1071.47,,
ESTAT:ERT_H_EUR_D(1.0),08/01/26 11:00:00,Daily,Average,National currency (former currencies of the euro area countries),Italian lira,1978-03-31,1073.10,,
ESTAT:ERT_H_EUR_D(1.0),08/01/26 11:00:00,Daily,Average,National currency (former currencies of the euro area countries),Italian lira,1978-04-03,1079.74,,
ESTAT:ERT_H_EUR_D(1.0),08/01/26 11:00:00,Daily,Average,National currency (former currencies of the euro area countries),Italian lira,1978-04-04,1075.78,,
ESTAT:ERT_H_EUR_D(1.0),08/01/26 11:00:00,Daily,Average,National currency (former currencies of the euro area countries),Italian lira,1978-04-05,1071.47,,
ESTAT:ERT_H_EUR_D(1.0),08/01/26 11:00:00,Daily,Average,National currency (former currencies of the euro area countries),Italian lira,1978-04-06,1075.51,,
ESTAT:ERT_H_EUR_D(1.0),08/01/26 11:00:00,Daily,Average,National currency (former currencies of the euro area countries),Italian lira,1978-04-07,1075.19,,
ESTAT:ERT_H_EUR_D(1.0),08/01/26 11:00:00,Daily,Average,National currency (former currencies of the euro area countries),Italian lira,1978-04-10,1077.33,,
ESTAT:ERT_H_EUR_D(1.0),08/01/26 11:00:00,Daily,Average,National currency (former currencies of the euro area countries),Italian lira,1978-04-11,1077.95,,
ESTAT:ERT_H_EUR_D(1.0),08/01/26 11:00:00,Daily,Average,National currency (former currencies of the euro area countries),Italian lira,1978-04-12,1078.08,,
ESTAT:ERT_H_EUR_D(1.0),08/01/26 11:00:00,Daily,Average,National currency (former currencies of the euro area countries),Italian lira,1978-04-13,1076.30,,
ESTAT:ERT_H_EUR_D(1.0),08/01/26 11:00:00,Daily,Average,National currency (former currencies of the euro area countries),Italian lira,1978-04-14,1073.95,,
ESTAT:ERT_H_EUR_D(1.0),08/01/26 11:00:00,Daily,Average,National currency (former currencies of the euro area countries),Italian lira,1978-04-17,1071.91,,
ESTAT:ERT_H_EUR_D(1.0),08/01/26 11:00:00,Daily,Average,National currency (former currencies of the euro area countries),Italian lira,1978-04-18,1071.87,,
ESTAT:ERT_H_EUR_D(1.0),08/01/26 11:00:00,Daily,Average,National currency (former currencies of the euro area countries),Italian lira,1978-04-19,1074.30,,
ESTAT:ERT_H_EUR_D(1.0),08/01/26 11:00:00,Daily,Average,National currency (former currencies of the euro area countries),Italian lira,1978-04-20,1072.29,,
ESTAT:ERT_H_EUR_D(1.0),08/01/26 11:00:00,Daily,Average,National currency (former currencies of the euro area countries),Italian lira,1978-04-21,1069.80,,
ESTAT:ERT_H_EUR_D(1.0),08/01/26 11:00:00,Daily,Average,National currency (former currencies of the euro area countries),Italian lira,1978-04-24,1068.82,,
ESTAT:ERT_H_EUR_D(1.0),08/01/26 11:00:00,Daily,Average,National currency (former currencies of the euro area countries),Italian lira,1978-04-26,1070.48,,
ESTAT:ERT_H_EUR_D(1.0),08/01/26 11:00:00,Daily,Average,National currency (former currencies of the euro area countries),Italian lira,1978-04-27,1072.02,,
ESTAT:ERT_H_EUR_D(1.0),08/01/26 11:00:00,Daily,Average,National currency (former currencies of the euro area countries),Italian lira,1978-04-28,1072.96,,
ESTAT:ERT_H_EUR_D(1.0),08/01/26 11:00:00,Daily,Average,National currency (former currencies of the euro area countries),Italian lira,1978-05-02,1070.51,,
ESTAT:ERT_H_EUR_D(1.0),08/01/26 11:00:00,Daily,Average,National currency (former currencies of the euro area countries),Italian lira,1978-05-03,1070.06,,
ESTAT:ERT_H_EUR_D(1.0),08/01/26 11:00:00,Daily,Average,National currency (former currencies of the euro area countries),Italian lira,1978-05-05,1071.46,,
ESTAT:ERT_H_EUR_D(1.0),08/01/26 11:00:00,Daily,Average,National currency (former currencies of the euro area countries),Italian lira,1978-05-08,1068.33,,
ESTAT:ERT_H_EUR_D(1.0),08/01/26 11:00:00,Daily,Average,National currency (former currencies of the euro area countries),Italian lira,1978-05-09,1065.32,,
ESTAT:ERT_H_EUR_D(1.0),08/01/26 11:00:00,Daily,Average,National currency (former currencies of the euro area countries),Italian lira,1978-05-10,1066.41,,
ESTAT:ERT_H_EUR_D(1.0),08/01/26 11:00:00,Daily,Average,National currency (former currencies of the euro area countries),Italian lira,1978-05-11,1066.80,,
ESTAT:ERT_H_EUR_D(1.0),08/01/26 11:00:00,Daily,Average,National currency (former currencies of the euro area countries),Italian lira,1978-05-12,1062.32,,
ESTAT:ERT_H_EUR_D(1.0),08/01/26 11:00:00,Daily,Average,National currency (former currencies of the euro area countries),Italian lira,1978-05-16,1058.60,,
ESTAT:ERT_H_EUR_D(1.0),08/01/26 11:00:00,Daily,Average,National currency (former currencies of the euro area countries),Italian lira,1978-05-17,1057.11,,
ESTAT:ERT_H_EUR_D(1.0),08/01/26 11:00:00,Daily,Average,National currency (former currencies of the euro area countries),Italian lira,1978-05-18,1058.37,,
ESTAT:ERT_H_EUR_D(1.0),08/01/26 11:00:00,Daily,Average,National currency (former currencies of the euro area countries),Italian lira,1978-05-19,1060.31,,
ESTAT:ERT_H_EUR_D(1.0),08/01/26 11:00:00,Daily,Average,National currency (former currencies of the euro area countries),Italian lira,1978-05-22,1055.72,,
ESTAT:ERT_H_EUR_D(1.0),08/01/26 11:00:00,Daily,Average,National currency (former currencies of the euro area countries),Italian lira,1978-05-23,1058.57,,
ESTAT:ERT_H_EUR_D(1.0),08/01/26 11:00:00,Daily,Average,National currency (former currencies of the euro area countries),Italian lira,1978-05-24,1056.89,,
ESTAT:ERT_H_EUR_D(1.0),08/01/26 11:00:00,Daily,Average,National currency (former currencies of the euro area countries),Italian lira,1978-05-25,1057.03,,
ESTAT:ERT_H_EUR_D(1.0),08/01/26 11:00:00,Daily,Average,National currency (former currencies of the euro area countries),Italian lira,1978-05-26,1058.57,,
ESTAT:ERT_H_EUR_D(1.0),08/01/26 11:00:00,Daily,Average,National currency (former currencies of the euro area countries),Italian lira,1978-05-29,1060.57,,
ESTAT:ERT_H_EUR_D(1.0),08/01/26 11:00:00,Daily,Average,National currency (former currencies of the euro area countries),Italian lira,1978-05-30,1060.46,,
ESTAT:ERT_H_EUR_D(1.0),08/01/26 11:00:00,Daily,Average,National currency (former currencies of the euro area countries),Italian lira,1978-05-31,1061.85,,
ESTAT:ERT_H_EUR_D(1.0),08/01/26 11:00:00,Daily,Average,National currency (former currencies of the euro area countries),Italian lira,1978-06-01,1065.00,,
ESTAT:ERT_H_EUR_D(1.0),08/01/26 11:00:00,Daily,Average,National currency (former currencies of the euro area countries),Italian lira,1978-06-02,1064.00,,
ESTAT:ERT_H_EUR_D(1.0),08/01/26 11:00:00,Daily,Average,National currency (former currencies of the euro area countries),Italian lira,1978-06-05,1062.55,,
ESTAT:ERT_H_EUR_D(1.0),08/01/26 11:00:00,Daily,Average,National currency (former currencies of the euro area countries),Italian lira,1978-06-06,1060.42,,
ESTAT:ERT_H_EUR_D(1.0),08/01/26 11:00:00,Daily,Average,National currency (former currencies of the euro area countries),Italian lira,1978-06-07,1059.76,,
ESTAT:ERT_H_EUR_D(1.0),08/01/26 11:00:00,Daily,Average,National currency (former currencies of the euro area countries),Italian lira,1978-06-08,1061.03,,
ESTAT:ERT_H_EUR_D(1.0),08/01/26 11:00:00,Daily,Average,National currency (former currencies of the euro area countries),Italian lira,1978-06-09,1059.27,,
ESTAT:ERT_H_EUR_D(1.0),08/01/26 11:00:00,Daily,Average,National currency (former currencies of the euro area countries),Italian lira,1978-06-12,1061.10,,
ESTAT:ERT_H_EUR_D(1.0),08/01/26 11:00:00,Daily,Average,National currency (former currencies of the euro area countries),Italian lira,1978-06-13,1061.91,,
ESTAT:ERT_H_EUR_D(1.0),08/01/26 11:00:00,Daily,Average,National currency (former currencies of the euro area countries),Italian lira,1978-06-14,1060.10,,
ESTAT:ERT_H_EUR_D(1.0),08/01/26 11:00:00,Daily,Average,National currency (former currencies of the euro area countries),Italian lira,1978-06-15,1058.12,,
ESTAT:ERT_H_EUR_D(1.0),08/01/26 11:00:00,Daily,Average,National currency (former currencies of the euro area countries),Italian lira,1978-06-16,1057.26,,
ESTAT:ERT_H_EUR_D(1.0),08/01/26 11:00:00,Daily,Average,National currency (former currencies of the euro area countries),Italian lira,1978-06-19,1059.11,,
ESTAT:ERT_H_EUR_D(1.0),08/01/26 11:00:00,Daily,Average,National currency (former currencies of the euro area countries),Italian lira,1978-06-20,1059.43,,
ESTAT:ERT_H_EUR_D(1.0),08/01/26 11:00:00,Daily,Average,National currency (former currencies of the euro area countries),Italian lira,1978-06-21,1059.30,,
ESTAT:ERT_H_EUR_D(1.0),08/01/26 11:00:00,Daily,Average,National currency (former currencies of the euro area countries),Italian lira,1978-06-22,1059.39,,
ESTAT:ERT_H_EUR_D(1.0),08/01/26 11:00:00,Daily,Average,National currency (former currencies of the euro area countries),Italian lira,1978-06-23,1059.83,,
ESTAT:ERT_H_EUR_D(1.0),08/01/26 11:00:00,Daily,Average,National currency (former currencies of the euro area countries),Italian lira,1978-06-26,1060.77,,
ESTAT:ERT_H_EUR_D(1.0),08/01/26 11:00:00,Daily,Average,National currency (former currencies of the euro area countries),Italian lira,1978-06-27,1060.59,,
ESTAT:ERT_H_EUR_D(1.0),08/01/26 11:00:00,Daily,Average,National currency (former currencies of the euro area countries),Italian lira,1978-06-28,1062.47,,
ESTAT:ERT_H_EUR_D(1.0),08/01/26 11:00:00,Daily,Average,National currency (former currencies of the euro area countries),Italian lira,1978-06-29,1061.78,,
ESTAT:ERT_H_EUR_D(1.0),08/01/26 11:00:00,Daily,Average,National currency (former currencies of the euro area countries),Italian lira,1978-06-30,1062.79,,
ESTAT:ERT_H_EUR_D(1.0),08/01/26 11:00:00,Daily,Average,National currency (former currencies of the euro area countries),Italian lira,1978-07-03,1061.48,,
ESTAT:ERT_H_EUR_D(1.0),08/01/26 11:00:00,Daily,Average,National currency (former currencies of the euro area countries),Italian lira,1978-07-04,1062.18,,
ESTAT:ERT_H_EUR_D(1.0),08/01/26 11:00:00,Daily,Average,National currency (former currencies of the euro area countries),Italian lira,1978-07-05,1062.88,,
ESTAT:ERT_H_EUR_D(1.0),08/01/26 11:00:00,Daily,Average,National currency (former currencies of the euro area countries),Italian lira,1978-07-06,1062.85,,
ESTAT:ERT_H_EUR_D(1.0),08/01/26 11:00:00,Daily,Average,National currency (former currencies of the euro area countries),Italian lira,1978-07-07,1062.44,,
ESTAT:ERT_H_EUR_D(1.0),08/01/26 11:00:00,Daily,Average,National currency (former currencies of the euro area countries),Italian lira,1978-07-10,1068.74,,
ESTAT:ERT_H_EUR_D(1.0),08/01/26 11:00:00,Daily,Average,National currency (former currencies of the euro area countries),Italian lira,1978-07-11,1068.77,,
ESTAT:ERT_H_EUR_D(1.0),08/01/26 11:00:00,Daily,Average,National currency (former currencies of the euro area countries),Italian lira,1978-07-12,1065.22,,
ESTAT:ERT_H_EUR_D(1.0),08/01/26 11:00:00,Daily,Average,National currency (former currencies of the euro area countries),Italian lira,1978-07-13,1068.35,,
ESTAT:ERT_H_EUR_D(1.0),08/01/26 11:00:00,Daily,Average,National currency (former currencies of the euro area countries),Italian lira,1978-07-14,1065.58,,
ESTAT:ERT_H_EUR_D(1.0),08/01/26 11:00:00,Daily,Average,National currency (former currencies of the euro area countries),Italian lira,1978-07-17,1064.43,,
ESTAT:ERT_H_EUR_D(1.0),08/01/26 11:00:00,Daily,Average,National currency (former currencies of the euro area countries),Italian lira,1978-07-18,1062.28,,
ESTAT:ERT_H_EUR_D(1.0),08/01/26 11:00:00,Daily,Average,National currency (former currencies of the euro area countries),Italian lira,1978-07-19,1061.61,,
ESTAT:ERT_H_EUR_D(1.0),08/01/26 11:00:00,Daily,Average,National currency (former currencies of the euro area countries),Italian lira,1978-07-20,1062.57,,
ESTAT:ERT_H_EUR_D(1.0),08/01/26 11:00:00,Daily,Average,National currency (former currencies of the euro area countries),Italian lira,1978-07-21,1065.25,,
ESTAT:ERT_H_EUR_D(1.0),08/01/26 11:00:00,Daily,Average,National currency (former currencies of the euro area countries),Italian lira,1978-07-24,1070.33,,
ESTAT:ERT_H_EUR_D(1.0),08/01/26 11:00:00,Daily,Average,National currency (former currencies of the euro area countries),Italian lira,1978-07-25,1068.58,,
ESTAT:ERT_H_EUR_D(1.0),08/01/26 11:00:00,Daily,Average,National currency (former currencies of the euro area countries),Italian lira,1978-07-26,1067.08,,
ESTAT:ERT_H_EUR_D(1.0),08/01/26 11:00:00,Daily,Average,National currency (former currencies of the euro area countries),Italian lira,1978-07-27,1065.28,,
ESTAT:ERT_H_EUR_D(1.0),08/01/26 11:00:00,Daily,Average,National currency (former currencies of the euro area countries),Italian lira,1978-07-28,1066.74,,
ESTAT:ERT_H_EUR_D(1.0),08/01/26 11:00:00,Daily,Average,National currency (former currencies of the euro area countries),Italian lira,1978-07-31,1069.89,,
ESTAT:ERT_H_EUR_D(1.0),08/01/26 11:00:00,Daily,Average,National currency (former currencies of the euro area countries),Italian lira,1978-08-01,1071.58,,
ESTAT:ERT_H_EUR_D(1.0),08/01/26 11:00:00,Daily,Average,National currency (former currencies of the euro area countries),Italian lira,1978-08-02,1068.18,,
ESTAT:ERT_H_EUR_D(1.0),08/01/26 11:00:00,Daily,Average,National currency (former currencies of the euro area countries),Italian lira,1978-08-03,1071.09,,
ESTAT:ERT_H_EUR_D(1.0),08/01/26 11:00:00,Daily,Average,National currency (former currencies of the euro area countries),Italian lira,1978-08-04,1072.21,,
ESTAT:ERT_H_EUR_D(1.0),08/01/26 11:00:00,Daily,Average,National currency (former currencies of the euro area countries),Italian lira,1978-08-07,1074.45,,
ESTAT:ERT_H_EUR_D(1.0),08/01/26 11:00:00,Daily,Average,National currency (former currencies of the euro area countries),Italian lira,1978-08-08,1078.65,,
ESTAT:ERT_H_EUR_D(1.0),08/01/26 11:00:00,Daily,Average,National currency (former currencies of the euro area countries),Italian lira,1978-08-09,1082.00,,
ESTAT:ERT_H_EUR_D(1.0),08/01/26 11:00:00,Daily,Average,National currency (former currencies of the euro area countries),Italian lira,1978-08-10,1080.39,,
ESTAT:ERT_H_EUR_D(1.0),08/01/26 11:00:00,Daily,Average,National currency (former currencies of the euro area countries),Italian lira,1978-08-11,1083.39,,
ESTAT:ERT_H_EUR_D(1.0),08/01/26 11:00:00,Daily,Average,National currency (former currencies of the euro area countries),Italian lira,1978-08-16,1085.00,,
ESTAT:ERT_H_EUR_D(1.0),08/01/26 11:00:00,Daily,Average,National currency (former currencies of the euro area countries),Italian lira,1978-08-17,1079.42,,
ESTAT:ERT_H_EUR_D(1.0),08/01/26 11:00:00,Daily,Average,National currency (former currencies of the euro area countries),Italian lira,1978-08-18,1082.53,,
ESTAT:ERT_H_EUR_D(1.0),08/01/26 11:00:00,Daily,Average,National currency (former currencies of the euro area countries),Italian lira,1978-08-21,1074.06,,
ESTAT:ERT_H_EUR_D(1.0),08/01/26 11:00:00,Daily,Average,National currency (former currencies of the euro area countries),Italian lira,1978-08-22,1078.41,,
ESTAT:ERT_H_EUR_D(1.0),08/01/26 11:00:00,Daily,Average,National currency (former currencies of the euro area countries),Italian lira,1978-08-23,1075.25,,
ESTAT:ERT_H_EUR_D(1.0),08/01/26 11:00:00,Daily,Average,National currency (former currencies of the euro area countries),Italian lira,1978-08-24,1077.55,,
ESTAT:ERT_H_EUR_D(1.0),08/01/26 11:00:00,Daily,Average,National currency (former currencies of the euro area countries),Italian lira,1978-08-25,1075.93,,
ESTAT:ERT_H_EUR_D(1.0),08/01/26 11:00:00,Daily,Average,National currency (former currencies of the euro area countries),Italian lira,1978-08-28,1075.88,,
ESTAT:ERT_H_EUR_D(1.0),08/01/26 11:00:00,Daily,Average,National currency (former currencies of the euro area countries),Italian lira,1978-08-29,1074.97,,
ESTAT:ERT_H_EUR_D(1.0),08/01/26 11:00:00,Daily,Average,National currency (former currencies of the euro area countries),Italian lira,1978-08-30,1079.88,,
ESTAT:ERT_H_EUR_D(1.0),08/01/26 11:00:00,Daily,Average,National currency (former currencies of the euro area countries),Italian lira,1978-08-31,1078.68,,
ESTAT:ERT_H_EUR_D(1.0),08/01/26 11:00:00,Daily,Average,National currency (former currencies of the euro area countries),Italian lira,1978-09-01,1078.11,,
ESTAT:ERT_H_EUR_D(1.0),08/01/26 11:00:00,Daily,Average,National currency (former currencies of the euro area countries),Italian lira,1978-09-04,1079.21,,
ESTAT:ERT_H_EUR_D(1.0),08/01/26 11:00:00,Daily,Average,National currency (former currencies of the euro area countries),Italian lira,1978-09-05,1077.90,,
ESTAT:ERT_H_EUR_D(1.0),08/01/26 11:00:00,Daily,Average,National currency (former currencies of the euro area countries),Italian lira,1978-09-06,1076.55,,
ESTAT:ERT_H_EUR_D(1.0),08/01/26 11:00:00,Daily,Average,National currency (former currencies of the euro area countries),Italian lira,1978-09-07,1075.50,,
ESTAT:ERT_H_EUR_D(1.0),08/01/26 11:00:00,Daily,Average,National currency (former currencies of the euro area countries),Italian lira,1978-09-08,1075.77,,
ESTAT:ERT_H_EUR_D(1.0),08/01/26 11:00:00,Daily,Average,National currency (former currencies of the euro area countries),Italian lira,1978-09-11,1073.52,,
ESTAT:ERT_H_EUR_D(1.0),08/01/26 11:00:00,Daily,Average,National currency (former currencies of the euro area countries),Italian lira,1978-09-12,1074.96,,
ESTAT:ERT_H_EUR_D(1.0),08/01/26 11:00:00,Daily,Average,National currency (former currencies of the euro area countries),Italian lira,1978-09-13,1075.31,,
ESTAT:ERT_H_EUR_D(1.0),08/01/26 11:00:00,Daily,Average,National currency (former currencies of the euro area countries),Italian lira,1978-09-14,1077.99,,
ESTAT:ERT_H_EUR_D(1.0),08/01/26 11:00:00,Daily,Average,National currency (former currencies of the euro area countries),Italian lira,1978-09-15,1079.09,,
ESTAT:ERT_H_EUR_D(1.0),08/01/26 11:00:00,Daily,Average,National currency (former currencies of the euro area countries),Italian lira,1978-09-18,1076.00,,
ESTAT:ERT_H_EUR_D(1.0),08/01/26 11:00:00,Daily,Average,National currency (former currencies of the euro area countries),Italian lira,1978-09-19,1078.61,,
ESTAT:ERT_H_EUR_D(1.0),08/01/26 11:00:00,Daily,Average,National currency (former currencies of the euro area countries),Italian lira,1978-09-20,1080.12,,
ESTAT:ERT_H_EUR_D(1.0),08/01/26 11:00:00,Daily,Average,National currency (former currencies of the euro area countries),Italian lira,1978-09-21,1079.94,,
ESTAT:ERT_H_EUR_D(1.0),08/01/26 11:00:00,Daily,Average,National currency (former currencies of the euro area countries),Italian lira,1978-09-22,1078.39,,
ESTAT:ERT_H_EUR_D(1.0),08/01/26 11:00:00,Daily,Average,National currency (former currencies of the euro area countries),Italian lira,1978-09-25,1079.96,,
ESTAT:ERT_H_EUR_D(1.0),08/01/26 11:00:00,Daily,Average,National currency (former currencies of the euro area countries),Italian lira,1978-09-26,1084.25,,
ESTAT:ERT_H_EUR_D(1.0),08/01/26 11:00:00,Daily,Average,National currency (former currencies of the euro area countries),Italian lira,1978-09-27,1081.08,,
ESTAT:ERT_H_EUR_D(1.0),08/01/26 11:00:00,Daily,Average,National currency (former currencies of the euro area countries),Italian lira,1978-09-28,1081.27,,
ESTAT:ERT_H_EUR_D(1.0),08/01/26 11:00:00,Daily,Average,National currency (former currencies of the euro area countries),Italian lira,1978-09-29,1083.29,,
ESTAT:ERT_H_EUR_D(1.0),08/01/26 11:00:00,Daily,Average,National currency (former currencies of the euro area countries),Italian lira,1978-10-02,1084.42,,
ESTAT:ERT_H_EUR_D(1.0),08/01/26 11:00:00,Daily,Average,National currency (former currencies of the euro area countries),Italian lira,1978-10-03,1085.11,,
ESTAT:ERT_H_EUR_D(1.0),08/01/26 11:00:00,Daily,Average,National currency (former currencies of the euro area countries),Italian lira,1978-10-04,1092.88,,
ESTAT:ERT_H_EUR_D(1.0),08/01/26 11:00:00,Daily,Average,National currency (former currencies of the euro area countries),Italian lira,1978-10-05,1093.17,,
ESTAT:ERT_H_EUR_D(1.0),08/01/26 11:00:00,Daily,Average,National currency (former currencies of the euro area countries),Italian lira,1978-10-06,1092.80,,
ESTAT:ERT_H_EUR_D(1.0),08/01/26 11:00:00,Daily,Average,National currency (former currencies of the euro area countries),Italian lira,1978-10-09,1093.60,,
ESTAT:ERT_H_EUR_D(1.0),08/01/26 11:00:00,Daily,Average,National currency (former currencies of the euro area countries),Italian lira,1978-10-10,1093.64,,
ESTAT:ERT_H_EUR_D(1.0),08/01/26 11:00:00,Daily,Average,National currency (former currencies of the euro area countries),Italian lira,1978-10-11,1096.56,,
ESTAT:ERT_H_EUR_D(1.0),08/01/26 11:00:00,Daily,Average,National currency (former currencies of the euro area countries),Italian lira,1978-10-12,1101.12,,
ESTAT:ERT_H_EUR_D(1.0),08/01/26 11:00:00,Daily,Average,National currency (former currencies of the euro area countries),Italian lira,1978-10-13,1101.71,,
ESTAT:ERT_H_EUR_D(1.0),08/01/26 11:00:00,Daily,Average,National currency (former currencies of the euro area countries),Italian lira,1978-10-16,1102.80,,
ESTAT:ERT_H_EUR_D(1.0),08/01/26 11:00:00,Daily,Average,National currency (former currencies of the euro area countries),Italian lira,1978-10-17,1108.87,,
ESTAT:ERT_H_EUR_D(1.0),08/01/26 11:00:00,Daily,Average,National currency (former currencies of the euro area countries),Italian lira,1978-10-18,1111.48,,
ESTAT:ERT_H_EUR_D(1.0),08/01/26 11:00:00,Daily,Average,National currency (former currencies of the euro area countries),Italian lira,1978-10-19,1108.64,,
ESTAT:ERT_H_EUR_D(1.0),08/01/26 11:00:00,Daily,Average,National currency (former currencies of the euro area countries),Italian lira,1978-10-20,1113.75,,
ESTAT:ERT_H_EUR_D(1.0),08/01/26 11:00:00,Daily,Average,National currency (former currencies of the euro area countries),Italian lira,1978-10-23,1118.16,,
ESTAT:ERT_H_EUR_D(1.0),08/01/26 11:00:00,Daily,Average,National currency (former currencies of the euro area countries),Italian lira,1978-10-24,1115.97,,
ESTAT:ERT_H_EUR_D(1.0),08/01/26 11:00:00,Daily,Average,National currency (former currencies of the euro area countries),Italian lira,1978-10-25,1123.51,,
ESTAT:ERT_H_EUR_D(1.0),08/01/26 11:00:00,Daily,Average,National currency (former currencies of the euro area countries),Italian lira,1978-10-26,1128.66,,
ESTAT:ERT_H_EUR_D(1.0),08/01/26 11:00:00,Daily,Average,National currency (former currencies of the euro area countries),Italian lira,1978-10-27,1131.34,,
ESTAT:ERT_H_EUR_D(1.0),08/01/26 11:00:00,Daily,Average,National currency (former currencies of the euro area countries),Italian lira,1978-10-30,1139.62,,
ESTAT:ERT_H_EUR_D(1.0),08/01/26 11:00:00,Daily,Average,National currency (former currencies of the euro area countries),Italian lira,1978-10-31,1140.87,,
ESTAT:ERT_H_EUR_D(1.0),08/01/26 11:00:00,Daily,Average,National currency (former currencies of the euro area countries),Italian lira,1978-11-02,1120.17,,
ESTAT:ERT_H_EUR_D(1.0),08/01/26 11:00:00,Daily,Average,National currency (former currencies of the euro area countries),Italian lira,1978-11-03,1118.52,,
ESTAT:ERT_H_EUR_D(1.0),08/01/26 11:00:00,Daily,Average,National currency (former currencies of the euro area countries),Italian lira,1978-11-06,1118.55,,
ESTAT:ERT_H_EUR_D(1.0),08/01/26 11:00:00,Daily,Average,National currency (former currencies of the euro area countries),Italian lira,1978-11-07,1119.81,,
ESTAT:ERT_H_EUR_D(1.0),08/01/26 11:00:00,Daily,Average,National currency (former currencies of the euro area countries),Italian lira,1978-11-08,1122.53,,
ESTAT:ERT_H_EUR_D(1.0),08/01/26 11:00:00,Daily,Average,National currency (former currencies of the euro area countries),Italian lira,1978-11-09,1120.54,,
ESTAT:ERT_H_EUR_D(1.0),08/01/26 11:00:00,Daily,Average,National currency (former currencies of the euro area countries),Italian lira,1978-11-10,1120.41,,
ESTAT:ERT_H_EUR_D(1.0),08/01/26 11:00:00,Daily,Average,National currency (former currencies of the euro area countries),Italian lira,1978-11-13,1118.13,,
ESTAT:ERT_H_EUR_D(1.0),08/01/26 11:00:00,Daily,Average,National currency (former currencies of the euro area countries),Italian lira,1978-11-14,1120.16,,
ESTAT:ERT_H_EUR_D(1.0),08/01/26 11:00:00,Daily,Average,National currency (former currencies of the euro area countries),Italian lira,1978-11-15,1118.45,,
ESTAT:ERT_H_EUR_D(1.0),08/01/26 11:00:00,Daily,Average,National currency (former currencies of the euro area countries),Italian lira,1978-11-16,1118.43,,
ESTAT:ERT_H_EUR_D(1.0),08/01/26 11:00:00,Daily,Average,National currency (former currencies of the euro area countries),Italian lira,1978-11-17,1114.27,,
ESTAT:ERT_H_EUR_D(1.0),08/01/26 11:00:00,Daily,Average,National currency (former currencies of the euro area countries),Italian lira,1978-11-20,1109.53,,
ESTAT:ERT_H_EUR_D(1.0),08/01/26 11:00:00,Daily,Average,National currency (former currencies of the euro area countries),Italian lira,1978-11-21,1111.70,,
ESTAT:ERT_H_EUR_D(1.0),08/01/26 11:00:00,Daily,Average,National currency (former currencies of the euro area countries),Italian lira,1978-11-22,1112.54,,
ESTAT:ERT_H_EUR_D(1.0),08/01/26 11:00:00,Daily,Average,National currency (former currencies of the euro area countries),Italian lira,1978-11-23,1114.08,,
ESTAT:ERT_H_EUR_D(1.0),08/01/26 11:00:00,Daily,Average,National currency (former currencies of the euro area countries),Italian lira,1978-11-24,1112.28,,
ESTAT:ERT_H_EUR_D(1.0),08/01/26 11:00:00,Daily,Average,National currency (former currencies of the euro area countries),Italian lira,1978-11-27,1111.78,,
ESTAT:ERT_H_EUR_D(1.0),08/01/26 11:00:00,Daily,Average,National currency (former currencies of the euro area countries),Italian lira,1978-11-28,1111.99,,
ESTAT:ERT_H_EUR_D(1.0),08/01/26 11:00:00,Daily,Average,National currency (former currencies of the euro area countries),Italian lira,1978-11-29,1112.58,,
ESTAT:ERT_H_EUR_D(1.0),08/01/26 11:00:00,Daily,Average,National currency (former currencies of the euro area countries),Italian lira,1978-11-30,1112.55,,
ESTAT:ERT_H_EUR_D(1.0),08/01/26 11:00:00,Daily,Average,National currency (former currencies of the euro area countries),Italian lira,1978-12-01,1109.39,,
ESTAT:ERT_H_EUR_D(1.0),08/01/26 11:00:00,Daily,Average,National currency (former currencies of the euro area countries),Italian lira,1978-12-04,1113.13,,
ESTAT:ERT_H_EUR_D(1.0),08/01/26 11:00:00,Daily,Average,National currency (former currencies of the euro area countries),Italian lira,1978-12-05,1114.72,,
ESTAT:ERT_H_EUR_D(1.0),08/01/26 11:00:00,Daily,Average,National currency (former currencies of the euro area countries),Italian lira,1978-12-06,1116.03,,
ESTAT:ERT_H_EUR_D(1.0),08/01/26 11:00:00,Daily,Average,National currency (former currencies of the euro area countries),Italian lira,1978-12-07,1115.93,,
ESTAT:ERT_H_EUR_D(1.0),08/01/26 11:00:00,Daily,Average,National currency (former currencies of the euro area countries),Italian lira,1978-12-11,1117.45,,
ESTAT:ERT_H_EUR_D(1.0),08/01/26 11:00:00,Daily,Average,National currency (former currencies of the euro area countries),Italian lira,1978-12-12,1118.68,,
ESTAT:ERT_H_EUR_D(1.0),08/01/26 11:00:00,Daily,Average,National currency (former currencies of the euro area countries),Italian lira,1978-12-13,1119.77,,
ESTAT:ERT_H_EUR_D(1.0),08/01/26 11:00:00,Daily,Average,National currency (former currencies of the euro area countries),Italian lira,1978-12-14,1121.47,,
ESTAT:ERT_H_EUR_D(1.0),08/01/26 11:00:00,Daily,Average,National currency (former currencies of the euro area countries),Italian lira,1978-12-15,1123.65,,
ESTAT:ERT_H_EUR_D(1.0),08/01/26 11:00:00,Daily,Average,National currency (former currencies of the euro area countries),Italian lira,1978-12-18,1129.62,,
ESTAT:ERT_H_EUR_D(1.0),08/01/26 11:00:00,Daily,Average,National currency (former currencies of the euro area countries),Italian lira,1978-12-19,1132.96,,
ESTAT:ERT_H_EUR_D(1.0),08/01/26 11:00:00,Daily,Average,National currency (former currencies of the euro area countries),Italian lira,1978-12-20,1134.22,,
ESTAT:ERT_H_EUR_D(1.0),08/01/26 11:00:00,Daily,Average,National currency (former currencies of the euro area countries),Italian lira,1978-12-21,1134.39,,
ESTAT:ERT_H_EUR_D(1.0),08/01/26 11:00:00,Daily,Average,National currency (former currencies of the euro area countries),Italian lira,1978-12-22,1136.77,,
ESTAT:ERT_H_EUR_D(1.0),08/01/26 11:00:00,Daily,Average,National currency (former currencies of the euro area countries),Italian lira,1978-12-27,1141.23,,
ESTAT:ERT_H_EUR_D(1.0),08/01/26 11:00:00,Daily,Average,National currency (former currencies of the euro area countries),Italian lira,1978-12-28,1142.14,,
ESTAT:ERT_H_EUR_D(1.0),08/01/26 11:00:00,Daily,Average,National currency (former currencies of the euro area countries),Italian lira,1978-12-29,1140.06,,
ESTAT:ERT_H_EUR_D(1.0),08/01/26 11:00:00,Daily,Average,National currency (former currencies of the euro area countries),Italian lira,1979-01-03,1134.44,,
ESTAT:ERT_H_EUR_D(1.0),08/01/26 11:00:00,Daily,Average,National currency (former currencies of the euro area countries),Italian lira,1979-01-04,1136.18,,
ESTAT:ERT_H_EUR_D(1.0),08/01/26 11:00:00,Daily,Average,National currency (former currencies of the euro area countries),Italian lira,1979-01-05,1135.31,,
ESTAT:ERT_H_EUR_D(1.0),08/01/26 11:00:00,Daily,Average,National currency (former currencies of the euro area countries),Italian lira,1979-01-08,1137.14,,
ESTAT:ERT_H_EUR_D(1.0),08/01/26 11:00:00,Daily,Average,National currency (former currencies of the euro area countries),Italian lira,1979-01-09,1137.06,,
ESTAT:ERT_H_EUR_D(1.0),08/01/26 11:00:00,Daily,Average,National currency (former currencies of the euro area countries),Italian lira,1979-01-10,1136.75,,
ESTAT:ERT_H_EUR_D(1.0),08/01/26 11:00:00,Daily,Average,National currency (former currencies of the euro area countries),Italian lira,1979-01-11,1135.28,,
ESTAT:ERT_H_EUR_D(1.0),08/01/26 11:00:00,Daily,Average,National currency (former currencies of the euro area countries),Italian lira,1979-01-12,1134.97,,
ESTAT:ERT_H_EUR_D(1.0),08/01/26 11:00:00,Daily,Average,National currency (former currencies of the euro area countries),Italian lira,1979-01-15,1134.34,,
ESTAT:ERT_H_EUR_D(1.0),08/01/26 11:00:00,Daily,Average,National currency (former currencies of the euro area countries),Italian lira,1979-01-16,1135.89,,
ESTAT:ERT_H_EUR_D(1.0),08/01/26 11:00:00,Daily,Average,National currency (former currencies of the euro area countries),Italian lira,1979-01-17,1138.04,,
ESTAT:ERT_H_EUR_D(1.0),08/01/26 11:00:00,Daily,Average,National currency (former currencies of the euro area countries),Italian lira,1979-01-18,1137.41,,
ESTAT:ERT_H_EUR_D(1.0),08/01/26 11:00:00,Daily,Average,National currency (former currencies of the euro area countries),Italian lira,1979-01-19,1137.13,,
ESTAT:ERT_H_EUR_D(1.0),08/01/26 11:00:00,Daily,Average,National currency (former currencies of the euro area countries),Italian lira,1979-01-22,1136.13,,
ESTAT:ERT_H_EUR_D(1.0),08/01/26 11:00:00,Daily,Average,National currency (former currencies of the euro area countries),Italian lira,1979-01-23,1134.69,,
ESTAT:ERT_H_EUR_D(1.0),08/01/26 11:00:00,Daily,Average,National currency (former currencies of the euro area countries),Italian lira,1979-01-24,1134.42,,
ESTAT:ERT_H_EUR_D(1.0),08/01/26 11:00:00,Daily,Average,National currency (former currencies of the euro area countries),Italian lira,1979-01-25,1132.91,,
ESTAT:ERT_H_EUR_D(1.0),08/01/26 11:00:00,Daily,Average,National currency (former currencies of the euro area countries),Italian lira,1979-01-26,1134.62,,
ESTAT:ERT_H_EUR_D(1.0),08/01/26 11:00:00,Daily,Average,National currency (former currencies of the euro area countries),Italian lira,1979-01-29,1134.51,,
ESTAT:ERT_H_EUR_D(1.0),08/01/26 11:00:00,Daily,Average,National currency (former currencies of the euro area countries),Italian lira,1979-01-30,1135.74,,
ESTAT:ERT_H_EUR_D(1.0),08/01/26 11:00:00,Daily,Average,National currency (former currencies of the euro area countries),Italian lira,1979-01-31,1135.22,,
ESTAT:ERT_H_EUR_D(1.0),08/01/26 11:00:00,Daily,Average,National currency (former currencies of the euro area countries),Italian lira,1979-02-01,1132.46,,
ESTAT:ERT_H_EUR_D(1.0),08/01/26 11:00:00,Daily,Average,National currency (former currencies of the euro area countries),Italian lira,1979-02-02,1130.85,,
ESTAT:ERT_H_EUR_D(1.0),08/01/26 11:00:00,Daily,Average,National currency (former currencies of the euro area countries),Italian lira,1979-02-05,1132.78,,
ESTAT:ERT_H_EUR_D(1.0),08/01/26 11:00:00,Daily,Average,National currency (former currencies of the euro area countries),Italian lira,1979-02-06,1132.53,,
ESTAT:ERT_H_EUR_D(1.0),08/01/26 11:00:00,Daily,Average,National currency (former currencies of the euro area countries),Italian lira,1979-02-07,1135.07,,
ESTAT:ERT_H_EUR_D(1.0),08/01/26 11:00:00,Daily,Average,National currency (former currencies of the euro area countries),Italian lira,1979-02-08,1134.86,,
ESTAT:ERT_H_EUR_D(1.0),08/01/26 11:00:00,Daily,Average,National currency (former currencies of the euro area countries),Italian lira,1979-02-09,1135.19,,
ESTAT:ERT_H_EUR_D(1.0),08/01/26 11:00:00,Daily,Average,National currency (former currencies of the euro area countries),Italian lira,1979-02-12,1134.70,,
ESTAT:ERT_H_EUR_D(1.0),08/01/26 11:00:00,Daily,Average,National currency (former currencies of the euro area countries),Italian lira,1979-02-13,1132.22,,
ESTAT:ERT_H_EUR_D(1.0),08/01/26 11:00:00,Daily,Average,National currency (former currencies of the euro area countries),Italian lira,1979-02-14,1135.26,,
ESTAT:ERT_H_EUR_D(1.0),08/01/26 11:00:00,Daily,Average,National currency (former currencies of the euro area countries),Italian lira,1979-02-15,1135.58,,
ESTAT:ERT_H_EUR_D(1.0),08/01/26 11:00:00,Daily,Average,National currency (former currencies of the euro area countries),Italian lira,1979-02-16,1136.87,,
ESTAT:ERT_H_EUR_D(1.0),08/01/26 11:00:00,Daily,Average,National currency (former currencies of the euro area countries),Italian lira,1979-02-19,1136.47,,
ESTAT:ERT_H_EUR_D(1.0),08/01/26 11:00:00,Daily,Average,National currency (former currencies of the euro area countries),Italian lira,1979-02-20,1136.75,,
ESTAT:ERT_H_EUR_D(1.0),08/01/26 11:00:00,Daily,Average,National currency (former currencies of the euro area countries),Italian lira,1979-02-21,1137.80,,
ESTAT:ERT_H_EUR_D(1.0),08/01/26 11:00:00,Daily,Average,National currency (former currencies of the euro area countries),Italian lira,1979-02-22,1139.23,,
ESTAT:ERT_H_EUR_D(1.0),08/01/26 11:00:00,Daily,Average,National currency (former currencies of the euro area countries),Italian lira,1979-02-23,1138.80,,
ESTAT:ERT_H_EUR_D(1.0),08/01/26 11:00:00,Daily,Average,National currency (former currencies of the euro area countries),Italian lira,1979-02-26,1140.49,,
ESTAT:ERT_H_EUR_D(1.0),08/01/26 11:00:00,Daily,Average,National currency (former currencies of the euro area countries),Italian lira,1979-02-27,1140.40,,
ESTAT:ERT_H_EUR_D(1.0),08/01/26 11:00:00,Daily,Average,National currency (former currencies of the euro area countries),Italian lira,1979-02-28,1139.34,,
ESTAT:ERT_H_EUR_D(1.0),08/01/26 11:00:00,Daily,Average,National currency (former currencies of the euro area countries),Italian lira,1979-03-01,1138.21,,
ESTAT:ERT_H_EUR_D(1.0),08/01/26 11:00:00,Daily,Average,National currency (former currencies of the euro area countries),Italian lira,1979-03-02,1137.37,,
ESTAT:ERT_H_EUR_D(1.0),08/01/26 11:00:00,Daily,Average,National currency (former currencies of the euro area countries),Italian lira,1979-03-05,1137.98,,
ESTAT:ERT_H_EUR_D(1.0),08/01/26 11:00:00,Daily,Average,National currency (former currencies of the euro area countries),Italian lira,1979-03-06,1137.64,,
ESTAT:ERT_H_EUR_D(1.0),08/01/26 11:00:00,Daily,Average,National currency (former currencies of the euro area countries),Italian lira,1979-03-07,1137.94,,
ESTAT:ERT_H_EUR_D(1.0),08/01/26 11:00:00,Daily,Average,National currency (former currencies of the euro area countries),Italian lira,1979-03-08,1139.22,,
ESTAT:ERT_H_EUR_D(1.0),08/01/26 11:00:00,Daily,Average,National currency (former currencies of the euro area countries),Italian lira,1979-03-09,1140.19,,
ESTAT:ERT_H_EUR_D(1.0),08/01/26 11:00:00,Daily,Average,National currency (former currencies of the euro area countries),Italian lira,1979-03-12,1142.67,,
ESTAT:ERT_H_EUR_D(1.0),08/01/26 11:00:00,Daily,Average,National currency (former currencies of the euro area countries),Italian lira,1979-03-13,1144.21,,
ESTAT:ERT_H_EUR_D(1.0),08/01/26 11:00:00,Daily,Average,National currency (former currencies of the euro area countries),Italian lira,1979-03-14,1142.25,,
ESTAT:ERT_H_EUR_D(1.0),08/01/26 11:00:00,Daily,Average,National currency (former currencies of the euro area countries),Italian lira,1979-03-15,1139.48,,
ESTAT:ERT_H_EUR_D(1.0),08/01/26 11:00:00,Daily,Average,National currency (former currencies of the euro area countries),Italian lira,1979-03-16,1135.57,,
ESTAT:ERT_H_EUR_D(1.0),08/01/26 11:00:00,Daily,Average,National currency (former currencies of the euro area countries),Italian lira,1979-03-19,1134.19,,
ESTAT:ERT_H_EUR_D(1.0),08/01/26 11:00:00,Daily,Average,National currency (former currencies of the euro area countries),Italian lira,1979-03-20,1134.06,,
ESTAT:ERT_H_EUR_D(1.0),08/01/26 11:00:00,Daily,Average,National currency (former currencies of the euro area countries),Italian lira,1979-03-21,1134.02,,
ESTAT:ERT_H_EUR_D(1.0),08/01/26 11:00:00,Daily,Average,National currency (former currencies of the euro area countries),Italian lira,1979-03-22,1135.02,,
ESTAT:ERT_H_EUR_D(1.0),08/01/26 11:00:00,Daily,Average,National currency (former currencies of the euro area countries),Italian lira,1979-03-23,1134.20,,
ESTAT:ERT_H_EUR_D(1.0),08/01/26 11:00:00,Daily,Average,National currency (former currencies of the euro area countries),Italian lira,1979-03-26,1135.75,,
ESTAT:ERT_H_EUR_D(1.0),08/01/26 11:00:00,Daily,Average,National currency (former currencies of the euro area countries),Italian lira,1979-03-27,1135.08,,
ESTAT:ERT_H_EUR_D(1.0),08/01/26 11:00:00,Daily,Average,National currency (former currencies of the euro area countries),Italian lira,1979-03-28,1134.79,,
ESTAT:ERT_H_EUR_D(1.0),08/01/26 11:00:00,Daily,Average,National currency (former currencies of the euro area countries),Italian lira,1979-03-29,1134.73,,
ESTAT:ERT_H_EUR_D(1.0),08/01/26 11:00:00,Daily,Average,National currency (former currencies of the euro area countries),Italian lira,1979-03-30,1135.45,,
ESTAT:ERT_H_EUR_D(1.0),08/01/26 11:00:00,Daily,Average,National currency (former currencies of the euro area countries),Italian lira,1979-04-02,1132.74,,
ESTAT:ERT_H_EUR_D(1.0),08/01/26 11:00:00,Daily,Average,National currency (former currencies of the euro area countries),Italian lira,1979-04-03,1131.84,,
ESTAT:ERT_H_EUR_D(1.0),08/01/26 11:00:00,Daily,Average,National currency (former currencies of the euro area countries),Italian lira,1979-04-04,1131.96,,
ESTAT:ERT_H_EUR_D(1.0),08/01/26 11:00:00,Daily,Average,National currency (former currencies of the euro area countries),Italian lira,1979-04-05,1130.43,,
ESTAT:ERT_H_EUR_D(1.0),08/01/26 11:00:00,Daily,Average,National currency (former currencies of the euro area countries),Italian lira,1979-04-06,1130.40,,
ESTAT:ERT_H_EUR_D(1.0),08/01/26 11:00:00,Daily,Average,National currency (former currencies of the euro area countries),Italian lira,1979-04-09,1126.90,,
ESTAT:ERT_H_EUR_D(1.0),08/01/26 11:00:00,Daily,Average,National currency (former currencies of the euro area countries),Italian lira,1979-04-10,1127.90,,
ESTAT:ERT_H_EUR_D(1.0),08/01/26 11:00:00,Daily,Average,National currency (former currencies of the euro area countries),Italian lira,1979-04-11,1126.40,,
ESTAT:ERT_H_EUR_D(1.0),08/01/26 11:00:00,Daily,Average,National currency (former currencies of the euro area countries),Italian lira,1979-04-12,1125.77,,
ESTAT:ERT_H_EUR_D(1.0),08/01/26 11:00:00,Daily,Average,National currency (former currencies of the euro area countries),Italian lira,1979-04-17,1124.76,,
ESTAT:ERT_H_EUR_D(1.0),08/01/26 11:00:00,Daily,Average,National currency (former currencies of the euro area countries),Italian lira,1979-04-18,1126.25,,
ESTAT:ERT_H_EUR_D(1.0),08/01/26 11:00:00,Daily,Average,National currency (former currencies of the euro area countries),Italian lira,1979-04-19,1129.54,,
ESTAT:ERT_H_EUR_D(1.0),08/01/26 11:00:00,Daily,Average,National currency (former currencies of the euro area countries),Italian lira,1979-04-20,1127.99,,
ESTAT:ERT_H_EUR_D(1.0),08/01/26 11:00:00,Daily,Average,National currency (former currencies of the euro area countries),Italian lira,1979-04-23,1127.36,,
ESTAT:ERT_H_EUR_D(1.0),08/01/26 11:00:00,Daily,Average,National currency (former currencies of the euro area countries),Italian lira,1979-04-24,1127.83,,
ESTAT:ERT_H_EUR_D(1.0),08/01/26 11:00:00,Daily,Average,National currency (former currencies of the euro area countries),Italian lira,1979-04-25,1125.17,,
ESTAT:ERT_H_EUR_D(1.0),08/01/26 11:00:00,Daily,Average,National currency (former currencies of the euro area countries),Italian lira,1979-04-26,1127.50,,
ESTAT:ERT_H_EUR_D(1.0),08/01/26 11:00:00,Daily,Average,National currency (former currencies of the euro area countries),Italian lira,1979-04-27,1128.49,,
ESTAT:ERT_H_EUR_D(1.0),08/01/26 11:00:00,Daily,Average,National currency (former currencies of the euro area countries),Italian lira,1979-04-30,1127.69,,
ESTAT:ERT_H_EUR_D(1.0),08/01/26 11:00:00,Daily,Average,National currency (former currencies of the euro area countries),Italian lira,1979-05-02,1127.77,,
ESTAT:ERT_H_EUR_D(1.0),08/01/26 11:00:00,Daily,Average,National currency (former currencies of the euro area countries),Italian lira,1979-05-03,1127.72,,
ESTAT:ERT_H_EUR_D(1.0),08/01/26 11:00:00,Daily,Average,National currency (former currencies of the euro area countries),Italian lira,1979-05-04,1127.71,,
ESTAT:ERT_H_EUR_D(1.0),08/01/26 11:00:00,Daily,Average,National currency (former currencies of the euro area countries),Italian lira,1979-05-07,1128.05,,
ESTAT:ERT_H_EUR_D(1.0),08/01/26 11:00:00,Daily,Average,National currency (former currencies of the euro area countries),Italian lira,1979-05-08,1127.79,,
ESTAT:ERT_H_EUR_D(1.0),08/01/26 11:00:00,Daily,Average,National currency (former currencies of the euro area countries),Italian lira,1979-05-09,1126.61,,
ESTAT:ERT_H_EUR_D(1.0),08/01/26 11:00:00,Daily,Average,National currency (former currencies of the euro area countries),Italian lira,1979-05-10,1125.87,,
ESTAT:ERT_H_EUR_D(1.0),08/01/26 11:00:00,Daily,Average,National currency (former currencies of the euro area countries),Italian lira,1979-05-11,1126.07,,
ESTAT:ERT_H_EUR_D(1.0),08/01/26 11:00:00,Daily,Average,National currency (former currencies of the euro area countries),Italian lira,1979-05-14,1126.36,,
ESTAT:ERT_H_EUR_D(1.0),08/01/26 11:00:00,Daily,Average,National currency (former currencies of the euro area countries),Italian lira,1979-05-15,1126.85,,
ESTAT:ERT_H_EUR_D(1.0),08/01/26 11:00:00,Daily,Average,National currency (former currencies of the euro area countries),Italian lira,1979-05-16,1126.58,,
ESTAT:ERT_H_EUR_D(1.0),08/01/26 11:00:00,Daily,Average,National currency (former currencies of the euro area countries),Italian lira,1979-05-17,1125.53,,
ESTAT:ERT_H_EUR_D(1.0),08/01/26 11:00:00,Daily,Average,National currency (former currencies of the euro area countries),Italian lira,1979-05-18,1124.38,,
ESTAT:ERT_H_EUR_D(1.0),08/01/26 11:00:00,Daily,Average,National currency (former currencies of the euro area countries),Italian lira,1979-05-21,1124.29,,
ESTAT:ERT_H_EUR_D(1.0),08/01/26 11:00:00,Daily,Average,National currency (former currencies of the euro area countries),Italian lira,1979-05-22,1124.83,,
ESTAT:ERT_H_EUR_D(1.0),08/01/26 11:00:00,Daily,Average,National currency (former currencies of the euro area countries),Italian lira,1979-05-23,1124.73,,
ESTAT:ERT_H_EUR_D(1.0),08/01/26 11:00:00,Daily,Average,National currency (former currencies of the euro area countries),Italian lira,1979-05-25,1125.77,,
ESTAT:ERT_H_EUR_D(1.0),08/01/26 11:00:00,Daily,Average,National currency (former currencies of the euro area countries),Italian lira,1979-05-28,1125.86,,
ESTAT:ERT_H_EUR_D(1.0),08/01/26 11:00:00,Daily,Average,National currency (former currencies of the euro area countries),Italian lira,1979-05-29,1125.62,,
ESTAT:ERT_H_EUR_D(1.0),08/01/26 11:00:00,Daily,Average,National currency (former currencies of the euro area countries),Italian lira,1979-05-30,1126.01,,
ESTAT:ERT_H_EUR_D(1.0),08/01/26 11:00:00,Daily,Average,National currency (former currencies of the euro area countries),Italian lira,1979-05-31,1127.56,,
ESTAT:ERT_H_EUR_D(1.0),08/01/26 11:00:00,Daily,Average,National currency (former currencies of the euro area countries),Italian lira,1979-06-01,1126.42,,
ESTAT:ERT_H_EUR_D(1.0),08/01/26 11:00:00,Daily,Average,National currency (former currencies of the euro area countries),Italian lira,1979-06-05,1126.75,,
ESTAT:ERT_H_EUR_D(1.0),08/01/26 11:00:00,Daily,Average,National currency (former currencies of the euro area countries),Italian lira,1979-06-06,1125.93,,
ESTAT:ERT_H_EUR_D(1.0),08/01/26 11:00:00,Daily,Average,National currency (former currencies of the euro area countries),Italian lira,1979-06-07,1125.53,,
ESTAT:ERT_H_EUR_D(1.0),08/01/26 11:00:00,Daily,Average,National currency (former currencies of the euro area countries),Italian lira,1979-06-08,1125.58,,
ESTAT:ERT_H_EUR_D(1.0),08/01/26 11:00:00,Daily,Average,National currency (former currencies of the euro area countries),Italian lira,1979-06-11,1125.35,,
ESTAT:ERT_H_EUR_D(1.0),08/01/26 11:00:00,Daily,Average,National currency (former currencies of the euro area countries),Italian lira,1979-06-12,1125.69,,
ESTAT:ERT_H_EUR_D(1.0),08/01/26 11:00:00,Daily,Average,National currency (former currencies of the euro area countries),Italian lira,1979-06-13,1127.45,,
ESTAT:ERT_H_EUR_D(1.0),08/01/26 11:00:00,Daily,Average,National currency (former currencies of the euro area countries),Italian lira,1979-06-14,1127.68,,
ESTAT:ERT_H_EUR_D(1.0),08/01/26 11:00:00,Daily,Average,National currency (former currencies of the euro area countries),Italian lira,1979-06-15,1130.61,,
ESTAT:ERT_H_EUR_D(1.0),08/01/26 11:00:00,Daily,Average,National currency (former currencies of the euro area countries),Italian lira,1979-06-18,1129.65,,
ESTAT:ERT_H_EUR_D(1.0),08/01/26 11:00:00,Daily,Average,National currency (former currencies of the euro area countries),Italian lira,1979-06-19,1132.17,,
ESTAT:ERT_H_EUR_D(1.0),08/01/26 11:00:00,Daily,Average,National currency (former currencies of the euro area countries),Italian lira,1979-06-20,1134.55,,
ESTAT:ERT_H_EUR_D(1.0),08/01/26 11:00:00,Daily,Average,National currency (former currencies of the euro area countries),Italian lira,1979-06-21,1136.55,,
ESTAT:ERT_H_EUR_D(1.0),08/01/26 11:00:00,Daily,Average,National currency (former currencies of the euro area countries),Italian lira,1979-06-22,1135.30,,
ESTAT:ERT_H_EUR_D(1.0),08/01/26 11:00:00,Daily,Average,National currency (former currencies of the euro area countries),Italian lira,1979-06-25,1136.82,,
ESTAT:ERT_H_EUR_D(1.0),08/01/26 11:00:00,Daily,Average,National currency (former currencies of the euro area countries),Italian lira,1979-06-26,1134.30,,
ESTAT:ERT_H_EUR_D(1.0),08/01/26 11:00:00,Daily,Average,National currency (former currencies of the euro area countries),Italian lira,1979-06-27,1136.21,,
ESTAT:ERT_H_EUR_D(1.0),08/01/26 11:00:00,Daily,Average,National currency (former currencies of the euro area countries),Italian lira,1979-06-28,1137.39,,
ESTAT:ERT_H_EUR_D(1.0),08/01/26 11:00:00,Daily,Average,National currency (former currencies of the euro area countries),Italian lira,1979-06-29,1136.26,,
ESTAT:ERT_H_EUR_D(1.0),08/01/26 11:00:00,Daily,Average,National currency (former currencies of the euro area countries),Italian lira,1979-07-02,1136.50,,
ESTAT:ERT_H_EUR_D(1.0),08/01/26 11:00:00,Daily,Average,National currency (former currencies of the euro area countries),Italian lira,1979-07-03,1135.45,,
ESTAT:ERT_H_EUR_D(1.0),08/01/26 11:00:00,Daily,Average,National currency (former currencies of the euro area countries),Italian lira,1979-07-04,1136.33,,
ESTAT:ERT_H_EUR_D(1.0),08/01/26 11:00:00,Daily,Average,National currency (former currencies of the euro area countries),Italian lira,1979-07-05,1135.96,,
ESTAT:ERT_H_EUR_D(1.0),08/01/26 11:00:00,Daily,Average,National currency (former currencies of the euro area countries),Italian lira,1979-07-06,1135.98,,
ESTAT:ERT_H_EUR_D(1.0),08/01/26 11:00:00,Daily,Average,National currency (former currencies of the euro area countries),Italian lira,1979-07-09,1135.29,,
ESTAT:ERT_H_EUR_D(1.0),08/01/26 11:00:00,Daily,Average,National currency (former currencies of the euro area countries),Italian lira,1979-07-10,1136.35,,
ESTAT:ERT_H_EUR_D(1.0),08/01/26 11:00:00,Daily,Average,National currency (former currencies of the euro area countries),Italian lira,1979-07-11,1137.32,,
ESTAT:ERT_H_EUR_D(1.0),08/01/26 11:00:00,Daily,Average,National currency (former currencies of the euro area countries),Italian lira,1979-07-12,1135.79,,
ESTAT:ERT_H_EUR_D(1.0),08/01/26 11:00:00,Daily,Average,National currency (former currencies of the euro area countries),Italian lira,1979-07-13,1136.63,,
ESTAT:ERT_H_EUR_D(1.0),08/01/26 11:00:00,Daily,Average,National currency (former currencies of the euro area countries),Italian lira,1979-07-16,1138.09,,
ESTAT:ERT_H_EUR_D(1.0),08/01/26 11:00:00,Daily,Average,National currency (former currencies of the euro area countries),Italian lira,1979-07-17,1139.10,,
ESTAT:ERT_H_EUR_D(1.0),08/01/26 11:00:00,Daily,Average,National currency (former currencies of the euro area countries),Italian lira,1979-07-18,1139.31,,
ESTAT:ERT_H_EUR_D(1.0),08/01/26 11:00:00,Daily,Average,National currency (former currencies of the euro area countries),Italian lira,1979-07-19,1141.20,,
ESTAT:ERT_H_EUR_D(1.0),08/01/26 11:00:00,Daily,Average,National currency (former currencies of the euro area countries),Italian lira,1979-07-20,1140.27,,
ESTAT:ERT_H_EUR_D(1.0),08/01/26 11:00:00,Daily,Average,National currency (former currencies of the euro area countries),Italian lira,1979-07-23,1141.13,,
ESTAT:ERT_H_EUR_D(1.0),08/01/26 11:00:00,Daily,Average,National currency (former currencies of the euro area countries),Italian lira,1979-07-24,1142.16,,
ESTAT:ERT_H_EUR_D(1.0),08/01/26 11:00:00,Daily,Average,National currency (former currencies of the euro area countries),Italian lira,1979-07-25,1141.64,,
ESTAT:ERT_H_EUR_D(1.0),08/01/26 11:00:00,Daily,Average,National currency (former currencies of the euro area countries),Italian lira,1979-07-26,1140.77,,
ESTAT:ERT_H_EUR_D(1.0),08/01/26 11:00:00,Daily,Average,National currency (former currencies of the euro area countries),Italian lira,1979-07-27,1140.71,,
ESTAT:ERT_H_EUR_D(1.0),08/01/26 11:00:00,Daily,Average,National currency (former currencies of the euro area countries),Italian lira,1979-07-30,1140.32,,
ESTAT:ERT_H_EUR_D(1.0),08/01/26 11:00:00,Daily,Average,National currency (former currencies of the euro area countries),Italian lira,1979-07-31,1136.88,,
ESTAT:ERT_H_EUR_D(1.0),08/01/26 11:00:00,Daily,Average,National currency (former currencies of the euro area countries),Italian lira,1979-08-01,1134.83,,
ESTAT:ERT_H_EUR_D(1.0),08/01/26 11:00:00,Daily,Average,National currency (former currencies of the euro area countries),Italian lira,1979-08-02,1135.93,,
ESTAT:ERT_H_EUR_D(1.0),08/01/26 11:00:00,Daily,Average,National currency (former currencies of the euro area countries),Italian lira,1979-08-03,1136.50,,
ESTAT:ERT_H_EUR_D(1.0),08/01/26 11:00:00,Daily,Average,National currency (former currencies of the euro area countries),Italian lira,1979-08-06,1135.52,,
ESTAT:ERT_H_EUR_D(1.0),08/01/26 11:00:00,Daily,Average,National currency (former currencies of the euro area countries),Italian lira,1979-08-07,1133.75,,
ESTAT:ERT_H_EUR_D(1.0),08/01/26 11:00:00,Daily,Average,National currency (former currencies of the euro area countries),Italian lira,1979-08-08,1132.10,,
ESTAT:ERT_H_EUR_D(1.0),08/01/26 11:00:00,Daily,Average,National currency (former currencies of the euro area countries),Italian lira,1979-08-09,1132.43,,
ESTAT:ERT_H_EUR_D(1.0),08/01/26 11:00:00,Daily,Average,National currency (former currencies of the euro area countries),Italian lira,1979-08-10,1133.62,,
ESTAT:ERT_H_EUR_D(1.0),08/01/26 11:00:00,Daily,Average,National currency (former currencies of the euro area countries),Italian lira,1979-08-13,1133.49,,
ESTAT:ERT_H_EUR_D(1.0),08/01/26 11:00:00,Daily,Average,National currency (former currencies of the euro area countries),Italian lira,1979-08-14,1130.15,,
ESTAT:ERT_H_EUR_D(1.0),08/01/26 11:00:00,Daily,Average,National currency (former currencies of the euro area countries),Italian lira,1979-08-15,1131.77,,
ESTAT:ERT_H_EUR_D(1.0),08/01/26 11:00:00,Daily,Average,National currency (former currencies of the euro area countries),Italian lira,1979-08-16,1131.44,,
ESTAT:ERT_H_EUR_D(1.0),08/01/26 11:00:00,Daily,Average,National currency (former currencies of the euro area countries),Italian lira,1979-08-17,1129.94,,
ESTAT:ERT_H_EUR_D(1.0),08/01/26 11:00:00,Daily,Average,National currency (former currencies of the euro area countries),Italian lira,1979-08-20,1129.15,,
ESTAT:ERT_H_EUR_D(1.0),08/01/26 11:00:00,Daily,Average,National currency (former currencies of the euro area countries),Italian lira,1979-08-21,1129.22,,
ESTAT:ERT_H_EUR_D(1.0),08/01/26 11:00:00,Daily,Average,National currency (former currencies of the euro area countries),Italian lira,1979-08-22,1128.23,,
ESTAT:ERT_H_EUR_D(1.0),08/01/26 11:00:00,Daily,Average,National currency (former currencies of the euro area countries),Italian lira,1979-08-23,1129.72,,
ESTAT:ERT_H_EUR_D(1.0),08/01/26 11:00:00,Daily,Average,National currency (former currencies of the euro area countries),Italian lira,1979-08-24,1129.36,,
ESTAT:ERT_H_EUR_D(1.0),08/01/26 11:00:00,Daily,Average,National currency (former currencies of the euro area countries),Italian lira,1979-08-27,1130.34,,
ESTAT:ERT_H_EUR_D(1.0),08/01/26 11:00:00,Daily,Average,National currency (former currencies of the euro area countries),Italian lira,1979-08-28,1130.62,,
ESTAT:ERT_H_EUR_D(1.0),08/01/26 11:00:00,Daily,Average,National currency (former currencies of the euro area countries),Italian lira,1979-08-29,1131.21,,
ESTAT:ERT_H_EUR_D(1.0),08/01/26 11:00:00,Daily,Average,National currency (former currencies of the euro area countries),Italian lira,1979-08-30,1132.53,,
ESTAT:ERT_H_EUR_D(1.0),08/01/26 11:00:00,Daily,Average,National currency (former currencies of the euro area countries),Italian lira,1979-08-31,1131.40,,
ESTAT:ERT_H_EUR_D(1.0),08/01/26 11:00:00,Daily,Average,National currency (former currencies of the euro area countries),Italian lira,1979-09-03,1132.13,,
ESTAT:ERT_H_EUR_D(1.0),08/01/26 11:00:00,Daily,Average,National currency (former currencies of the euro area countries),Italian lira,1979-09-04,1131.84,,
ESTAT:ERT_H_EUR_D(1.0),08/01/26 11:00:00,Daily,Average,National currency (former currencies of the euro area countries),Italian lira,1979-09-05,1131.46,,
ESTAT:ERT_H_EUR_D(1.0),08/01/26 11:00:00,Daily,Average,National currency (former currencies of the euro area countries),Italian lira,1979-09-06,1132.02,,
ESTAT:ERT_H_EUR_D(1.0),08/01/26 11:00:00,Daily,Average,National currency (former currencies of the euro area countries),Italian lira,1979-09-07,1132.27,,
ESTAT:ERT_H_EUR_D(1.0),08/01/26 11:00:00,Daily,Average,National currency (former currencies of the euro area countries),Italian lira,1979-09-10,1133.23,,
ESTAT:ERT_H_EUR_D(1.0),08/01/26 11:00:00,Daily,Average,National currency (former currencies of the euro area countries),Italian lira,1979-09-11,1133.29,,
ESTAT:ERT_H_EUR_D(1.0),08/01/26 11:00:00,Daily,Average,National currency (former currencies of the euro area countries),Italian lira,1979-09-12,1131.80,,
ESTAT:ERT_H_EUR_D(1.0),08/01/26 11:00:00,Daily,Average,National currency (former currencies of the euro area countries),Italian lira,1979-09-13,1131.28,,
ESTAT:ERT_H_EUR_D(1.0),08/01/26 11:00:00,Daily,Average,National currency (former currencies of the euro area countries),Italian lira,1979-09-14,1129.90,,
ESTAT:ERT_H_EUR_D(1.0),08/01/26 11:00:00,Daily,Average,National currency (former currencies of the euro area countries),Italian lira,1979-09-17,1126.51,,
ESTAT:ERT_H_EUR_D(1.0),08/01/26 11:00:00,Daily,Average,National currency (former currencies of the euro area countries),Italian lira,1979-09-18,1127.85,,
ESTAT:ERT_H_EUR_D(1.0),08/01/26 11:00:00,Daily,Average,National currency (former currencies of the euro area countries),Italian lira,1979-09-19,1127.75,,
ESTAT:ERT_H_EUR_D(1.0),08/01/26 11:00:00,Daily,Average,National currency (former currencies of the euro area countries),Italian lira,1979-09-20,1134.28,,
ESTAT:ERT_H_EUR_D(1.0),08/01/26 11:00:00,Daily,Average,National currency (former currencies of the euro area countries),Italian lira,1979-09-21,1136.01,,
ESTAT:ERT_H_EUR_D(1.0),08/01/26 11:00:00,Daily,Average,National currency (former currencies of the euro area countries),Italian lira,1979-09-24,1139.49,,
ESTAT:ERT_H_EUR_D(1.0),08/01/26 11:00:00,Daily,Average,National currency (former currencies of the euro area countries),Italian lira,1979-09-25,1138.66,,
ESTAT:ERT_H_EUR_D(1.0),08/01/26 11:00:00,Daily,Average,National currency (former currencies of the euro area countries),Italian lira,1979-09-26,1140.27,,
ESTAT:ERT_H_EUR_D(1.0),08/01/26 11:00:00,Daily,Average,National currency (former currencies of the euro area countries),Italian lira,1979-09-27,1146.96,,
ESTAT:ERT_H_EUR_D(1.0),08/01/26 11:00:00,Daily,Average,National currency (former currencies of the euro area countries),Italian lira,1979-09-28,1145.01,,
ESTAT:ERT_H_EUR_D(1.0),08/01/26 11:00:00,Daily,Average,National currency (former currencies of the euro area countries),Italian lira,1979-10-01,1146.43,,
ESTAT:ERT_H_EUR_D(1.0),08/01/26 11:00:00,Daily,Average,National currency (former currencies of the euro area countries),Italian lira,1979-10-02,1147.69,,
ESTAT:ERT_H_EUR_D(1.0),08/01/26 11:00:00,Daily,Average,National currency (former currencies of the euro area countries),Italian lira,1979-10-03,1147.31,,
ESTAT:ERT_H_EUR_D(1.0),08/01/26 11:00:00,Daily,Average,National currency (former currencies of the euro area countries),Italian lira,1979-10-04,1148.27,,
ESTAT:ERT_H_EUR_D(1.0),08/01/26 11:00:00,Daily,Average,National currency (former currencies of the euro area countries),Italian lira,1979-10-05,1154.19,,
ESTAT:ERT_H_EUR_D(1.0),08/01/26 11:00:00,Daily,Average,National currency (former currencies of the euro area countries),Italian lira,1979-10-08,1149.66,,
ESTAT:ERT_H_EUR_D(1.0),08/01/26 11:00:00,Daily,Average,National currency (former currencies of the euro area countries),Italian lira,1979-10-09,1150.81,,
ESTAT:ERT_H_EUR_D(1.0),08/01/26 11:00:00,Daily,Average,National currency (former currencies of the euro area countries),Italian lira,1979-10-10,1152.46,,
ESTAT:ERT_H_EUR_D(1.0),08/01/26 11:00:00,Daily,Average,National currency (former currencies of the euro area countries),Italian lira,1979-10-11,1153.04,,
ESTAT:ERT_H_EUR_D(1.0),08/01/26 11:00:00,Daily,Average,National currency (former currencies of the euro area countries),Italian lira,1979-10-12,1151.89,,
ESTAT:ERT_H_EUR_D(1.0),08/01/26 11:00:00,Daily,Average,National currency (former currencies of the euro area countries),Italian lira,1979-10-15,1152.60,,
ESTAT:ERT_H_EUR_D(1.0),08/01/26 11:00:00,Daily,Average,National currency (former currencies of the euro area countries),Italian lira,1979-10-16,1151.33,,
ESTAT:ERT_H_EUR_D(1.0),08/01/26 11:00:00,Daily,Average,National currency (former currencies of the euro area countries),Italian lira,1979-10-17,1150.54,,
ESTAT:ERT_H_EUR_D(1.0),08/01/26 11:00:00,Daily,Average,National currency (former currencies of the euro area countries),Italian lira,1979-10-18,1149.66,,
ESTAT:ERT_H_EUR_D(1.0),08/01/26 11:00:00,Daily,Average,National currency (former currencies of the euro area countries),Italian lira,1979-10-19,1149.79,,
ESTAT:ERT_H_EUR_D(1.0),08/01/26 11:00:00,Daily,Average,National currency (former currencies of the euro area countries),Italian lira,1979-10-22,1149.35,,
ESTAT:ERT_H_EUR_D(1.0),08/01/26 11:00:00,Daily,Average,National currency (former currencies of the euro area countries),Italian lira,1979-10-23,1147.10,,
ESTAT:ERT_H_EUR_D(1.0),08/01/26 11:00:00,Daily,Average,National currency (former currencies of the euro area countries),Italian lira,1979-10-24,1146.19,,
ESTAT:ERT_H_EUR_D(1.0),08/01/26 11:00:00,Daily,Average,National currency (former currencies of the euro area countries),Italian lira,1979-10-25,1145.50,,
ESTAT:ERT_H_EUR_D(1.0),08/01/26 11:00:00,Daily,Average,National currency (former currencies of the euro area countries),Italian lira,1979-10-26,1145.27,,
ESTAT:ERT_H_EUR_D(1.0),08/01/26 11:00:00,Daily,Average,National currency (former currencies of the euro area countries),Italian lira,1979-10-29,1146.00,,
ESTAT:ERT_H_EUR_D(1.0),08/01/26 11:00:00,Daily,Average,National currency (former currencies of the euro area countries),Italian lira,1979-10-30,1145.02,,
ESTAT:ERT_H_EUR_D(1.0),08/01/26 11:00:00,Daily,Average,National currency (former currencies of the euro area countries),Italian lira,1979-10-31,1145.87,,
ESTAT:ERT_H_EUR_D(1.0),08/01/26 11:00:00,Daily,Average,National currency (former currencies of the euro area countries),Italian lira,1979-11-01,1144.47,,
ESTAT:ERT_H_EUR_D(1.0),08/01/26 11:00:00,Daily,Average,National currency (former currencies of the euro area countries),Italian lira,1979-11-02,1145.06,,
ESTAT:ERT_H_EUR_D(1.0),08/01/26 11:00:00,Daily,Average,National currency (former currencies of the euro area countries),Italian lira,1979-11-05,1145.06,,
ESTAT:ERT_H_EUR_D(1.0),08/01/26 11:00:00,Daily,Average,National currency (former currencies of the euro area countries),Italian lira,1979-11-06,1146.36,,
ESTAT:ERT_H_EUR_D(1.0),08/01/26 11:00:00,Daily,Average,National currency (former currencies of the euro area countries),Italian lira,1979-11-07,1147.72,,
ESTAT:ERT_H_EUR_D(1.0),08/01/26 11:00:00,Daily,Average,National currency (former currencies of the euro area countries),Italian lira,1979-11-08,1148.34,,
ESTAT:ERT_H_EUR_D(1.0),08/01/26 11:00:00,Daily,Average,National currency (former currencies of the euro area countries),Italian lira,1979-11-09,1146.84,,
ESTAT:ERT_H_EUR_D(1.0),08/01/26 11:00:00,Daily,Average,National currency (former currencies of the euro area countries),Italian lira,1979-11-12,1148.01,,
ESTAT:ERT_H_EUR_D(1.0),08/01/26 11:00:00,Daily,Average,National currency (former currencies of the euro area countries),Italian lira,1979-11-13,1150.09,,
ESTAT:ERT_H_EUR_D(1.0),08/01/26 11:00:00,Daily,Average,National currency (former currencies of the euro area countries),Italian lira,1979-11-14,1150.09,,
ESTAT:ERT_H_EUR_D(1.0),08/01/26 11:00:00,Daily,Average,National currency (former currencies of the euro area countries),Italian lira,1979-11-15,1153.89,,
ESTAT:ERT_H_EUR_D(1.0),08/01/26 11:00:00,Daily,Average,National currency (former currencies of the euro area countries),Italian lira,1979-11-16,1155.78,,
ESTAT:ERT_H_EUR_D(1.0),08/01/26 11:00:00,Daily,Average,National currency (former currencies of the euro area countries),Italian lira,1979-11-19,1159.66,,
ESTAT:ERT_H_EUR_D(1.0),08/01/26 11:00:00,Daily,Average,National currency (former currencies of the euro area countries),Italian lira,1979-11-20,1158.58,,
ESTAT:ERT_H_EUR_D(1.0),08/01/26 11:00:00,Daily,Average,National currency (former currencies of the euro area countries),Italian lira,1979-11-21,1160.26,,
ESTAT:ERT_H_EUR_D(1.0),08/01/26 11:00:00,Daily,Average,National currency (former currencies of the euro area countries),Italian lira,1979-11-22,1158.74,,
ESTAT:ERT_H_EUR_D(1.0),08/01/26 11:00:00,Daily,Average,National currency (former currencies of the euro area countries),Italian lira,1979-11-23,1158.58,,
ESTAT:ERT_H_EUR_D(1.0),08/01/26 11:00:00,Daily,Average,National currency (former currencies of the euro area countries),Italian lira,1979-11-26,1160.84,,
ESTAT:ERT_H_EUR_D(1.0),08/01/26 11:00:00,Daily,Average,National currency (former currencies of the euro area countries),Italian lira,1979-11-27,1162.53,,
ESTAT:ERT_H_EUR_D(1.0),08/01/26 11:00:00,Daily,Average,National currency (former currencies of the euro area countries),Italian lira,1979-11-28,1163.21,,
ESTAT:ERT_H_EUR_D(1.0),08/01/26 11:00:00,Daily,Average,National currency (former currencies of the euro area countries),Italian lira,1979-11-29,1164.79,,
ESTAT:ERT_H_EUR_D(1.0),08/01/26 11:00:00,Daily,Average,National currency (former currencies of the euro area countries),Italian lira,1979-11-30,1163.92,,
ESTAT:ERT_H_EUR_D(1.0),08/01/26 11:00:00,Daily,Average,National currency (former currencies of the euro area countries),Italian lira,1979-12-03,1165.65,,
ESTAT:ERT_H_EUR_D(1.0),08/01/26 11:00:00,Daily,Average,National currency (former currencies of the euro area countries),Italian lira,1979-12-04,1162.62,,
ESTAT:ERT_H_EUR_D(1.0),08/01/26 11:00:00,Daily,Average,National currency (former currencies of the euro area countries),Italian lira,1979-12-05,1162.89,,
ESTAT:ERT_H_EUR_D(1.0),08/01/26 11:00:00,Daily,Average,National currency (former currencies of the euro area countries),Italian lira,1979-12-06,1159.29,,
ESTAT:ERT_H_EUR_D(1.0),08/01/26 11:00:00,Daily,Average,National currency (former currencies of the euro area countries),Italian lira,1979-12-07,1156.53,,
ESTAT:ERT_H_EUR_D(1.0),08/01/26 11:00:00,Daily,Average,National currency (former currencies of the euro area countries),Italian lira,1979-12-10,1157.35,,
ESTAT:ERT_H_EUR_D(1.0),08/01/26 11:00:00,Daily,Average,National currency (former currencies of the euro area countries),Italian lira,1979-12-11,1159.19,,
ESTAT:ERT_H_EUR_D(1.0),08/01/26 11:00:00,Daily,Average,National currency (former currencies of the euro area countries),Italian lira,1979-12-12,1158.95,,
ESTAT:ERT_H_EUR_D(1.0),08/01/26 11:00:00,Daily,Average,National currency (former currencies of the euro area countries),Italian lira,1979-12-13,1161.60,,
ESTAT:ERT_H_EUR_D(1.0),08/01/26 11:00:00,Daily,Average,National currency (former currencies of the euro area countries),Italian lira,1979-12-14,1159.33,,
ESTAT:ERT_H_EUR_D(1.0),08/01/26 11:00:00,Daily,Average,National currency (former currencies of the euro area countries),Italian lira,1979-12-17,1162.07,,
ESTAT:ERT_H_EUR_D(1.0),08/01/26 11:00:00,Daily,Average,National currency (former currencies of the euro area countries),Italian lira,1979-12-18,1161.11,,
ESTAT:ERT_H_EUR_D(1.0),08/01/26 11:00:00,Daily,Average,National currency (former currencies of the euro area countries),Italian lira,1979-12-19,1159.01,,
ESTAT:ERT_H_EUR_D(1.0),08/01/26 11:00:00,Daily,Average,National currency (former currencies of the euro area countries),Italian lira,1979-12-20,1158.72,,
ESTAT:ERT_H_EUR_D(1.0),08/01/26 11:00:00,Daily,Average,National currency (former currencies of the euro area countries),Italian lira,1979-12-21,1156.22,,
ESTAT:ERT_H_EUR_D(1.0),08/01/26 11:00:00,Daily,Average,National currency (former currencies of the euro area countries),Italian lira,1979-12-27,1159.90,,
ESTAT:ERT_H_EUR_D(1.0),08/01/26 11:00:00,Daily,Average,National currency (former currencies of the euro area countries),Italian lira,1979-12-28,1160.06,,
ESTAT:ERT_H_EUR_D(1.0),08/01/26 11:00:00,Daily,Average,National currency (former currencies of the euro area countries),Italian lira,1979-12-31,1157.19,,
ESTAT:ERT_H_EUR_D(1.0),08/01/26 11:00:00,Daily,Average,National currency (former currencies of the euro area countries),Italian lira,1980-01-02,1159.31,,
ESTAT:ERT_H_EUR_D(1.0),08/01/26 11:00:00,Daily,Average,National currency (former currencies of the euro area countries),Italian lira,1980-01-03,1161.54,,
ESTAT:ERT_H_EUR_D(1.0),08/01/26 11:00:00,Daily,Average,National currency (former currencies of the euro area countries),Italian lira,1980-01-04,1161.93,,
ESTAT:ERT_H_EUR_D(1.0),08/01/26 11:00:00,Daily,Average,National currency (former currencies of the euro area countries),Italian lira,1980-01-07,1161.48,,
ESTAT:ERT_H_EUR_D(1.0),08/01/26 11:00:00,Daily,Average,National currency (former currencies of the euro area countries),Italian lira,1980-01-08,1161.55,,
ESTAT:ERT_H_EUR_D(1.0),08/01/26 11:00:00,Daily,Average,National currency (former currencies of the euro area countries),Italian lira,1980-01-09,1162.44,,
ESTAT:ERT_H_EUR_D(1.0),08/01/26 11:00:00,Daily,Average,National currency (former currencies of the euro area countries),Italian lira,1980-01-10,1161.68,,
ESTAT:ERT_H_EUR_D(1.0),08/01/26 11:00:00,Daily,Average,National currency (former currencies of the euro area countries),Italian lira,1980-01-11,1162.65,,
ESTAT:ERT_H_EUR_D(1.0),08/01/26 11:00:00,Daily,Average,National currency (former currencies of the euro area countries),Italian lira,1980-01-14,1162.80,,
ESTAT:ERT_H_EUR_D(1.0),08/01/26 11:00:00,Daily,Average,National currency (former currencies of the euro area countries),Italian lira,1980-01-15,1163.85,,
ESTAT:ERT_H_EUR_D(1.0),08/01/26 11:00:00,Daily,Average,National currency (former currencies of the euro area countries),Italian lira,1980-01-16,1161.96,,
ESTAT:ERT_H_EUR_D(1.0),08/01/26 11:00:00,Daily,Average,National currency (former currencies of the euro area countries),Italian lira,1980-01-17,1161.44,,
ESTAT:ERT_H_EUR_D(1.0),08/01/26 11:00:00,Daily,Average,National currency (former currencies of the euro area countries),Italian lira,1980-01-18,1163.17,,
ESTAT:ERT_H_EUR_D(1.0),08/01/26 11:00:00,Daily,Average,National currency (former currencies of the euro area countries),Italian lira,1980-01-21,1162.51,,
ESTAT:ERT_H_EUR_D(1.0),08/01/26 11:00:00,Daily,Average,National currency (former currencies of the euro area countries),Italian lira,1980-01-22,1161.71,,
ESTAT:ERT_H_EUR_D(1.0),08/01/26 11:00:00,Daily,Average,National currency (former currencies of the euro area countries),Italian lira,1980-01-23,1161.67,,
ESTAT:ERT_H_EUR_D(1.0),08/01/26 11:00:00,Daily,Average,National currency (former currencies of the euro area countries),Italian lira,1980-01-24,1161.69,,
ESTAT:ERT_H_EUR_D(1.0),08/01/26 11:00:00,Daily,Average,National currency (former currencies of the euro area countries),Italian lira,1980-01-25,1160.73,,
ESTAT:ERT_H_EUR_D(1.0),08/01/26 11:00:00,Daily,Average,National currency (former currencies of the euro area countries),Italian lira,1980-01-28,1159.77,,
ESTAT:ERT_H_EUR_D(1.0),08/01/26 11:00:00,Daily,Average,National currency (former currencies of the euro area countries),Italian lira,1980-01-29,1158.25,,
ESTAT:ERT_H_EUR_D(1.0),08/01/26 11:00:00,Daily,Average,National currency (former currencies of the euro area countries),Italian lira,1980-01-30,1158.65,,
ESTAT:ERT_H_EUR_D(1.0),08/01/26 11:00:00,Daily,Average,National currency (former currencies of the euro area countries),Italian lira,1980-01-31,1158.06,,
ESTAT:ERT_H_EUR_D(1.0),08/01/26 11:00:00,Daily,Average,National currency (former currencies of the euro area countries),Italian lira,1980-02-01,1157.39,,
ESTAT:ERT_H_EUR_D(1.0),08/01/26 11:00:00,Daily,Average,National currency (former currencies of the euro area countries),Italian lira,1980-02-04,1156.78,,
ESTAT:ERT_H_EUR_D(1.0),08/01/26 11:00:00,Daily,Average,National currency (former currencies of the euro area countries),Italian lira,1980-02-05,1158.40,,
ESTAT:ERT_H_EUR_D(1.0),08/01/26 11:00:00,Daily,Average,National currency (former currencies of the euro area countries),Italian lira,1980-02-06,1161.73,,
ESTAT:ERT_H_EUR_D(1.0),08/01/26 11:00:00,Daily,Average,National currency (former currencies of the euro area countries),Italian lira,1980-02-07,1160.40,,
ESTAT:ERT_H_EUR_D(1.0),08/01/26 11:00:00,Daily,Average,National currency (former currencies of the euro area countries),Italian lira,1980-02-08,1157.47,,
ESTAT:ERT_H_EUR_D(1.0),08/01/26 11:00:00,Daily,Average,National currency (former currencies of the euro area countries),Italian lira,1980-02-11,1159.30,,
ESTAT:ERT_H_EUR_D(1.0),08/01/26 11:00:00,Daily,Average,National currency (former currencies of the euro area countries),Italian lira,1980-02-12,1158.94,,
ESTAT:ERT_H_EUR_D(1.0),08/01/26 11:00:00,Daily,Average,National currency (former currencies of the euro area countries),Italian lira,1980-02-13,1159.28,,
ESTAT:ERT_H_EUR_D(1.0),08/01/26 11:00:00,Daily,Average,National currency (former currencies of the euro area countries),Italian lira,1980-02-14,1159.24,,
ESTAT:ERT_H_EUR_D(1.0),08/01/26 11:00:00,Daily,Average,National currency (former currencies of the euro area countries),Italian lira,1980-02-15,1158.13,,
ESTAT:ERT_H_EUR_D(1.0),08/01/26 11:00:00,Daily,Average,National currency (former currencies of the euro area countries),Italian lira,1980-02-18,1157.61,,
ESTAT:ERT_H_EUR_D(1.0),08/01/26 11:00:00,Daily,Average,National currency (former currencies of the euro area countries),Italian lira,1980-02-19,1156.12,,
ESTAT:ERT_H_EUR_D(1.0),08/01/26 11:00:00,Daily,Average,National currency (former currencies of the euro area countries),Italian lira,1980-02-20,1156.75,,
ESTAT:ERT_H_EUR_D(1.0),08/01/26 11:00:00,Daily,Average,National currency (former currencies of the euro area countries),Italian lira,1980-02-21,1157.78,,
ESTAT:ERT_H_EUR_D(1.0),08/01/26 11:00:00,Daily,Average,National currency (former currencies of the euro area countries),Italian lira,1980-02-22,1154.68,,
ESTAT:ERT_H_EUR_D(1.0),08/01/26 11:00:00,Daily,Average,National currency (former currencies of the euro area countries),Italian lira,1980-02-25,1156.81,,
ESTAT:ERT_H_EUR_D(1.0),08/01/26 11:00:00,Daily,Average,National currency (former currencies of the euro area countries),Italian lira,1980-02-26,1157.29,,
ESTAT:ERT_H_EUR_D(1.0),08/01/26 11:00:00,Daily,Average,National currency (former currencies of the euro area countries),Italian lira,1980-02-27,1156.86,,
ESTAT:ERT_H_EUR_D(1.0),08/01/26 11:00:00,Daily,Average,National currency (former currencies of the euro area countries),Italian lira,1980-02-28,1158.83,,
ESTAT:ERT_H_EUR_D(1.0),08/01/26 11:00:00,Daily,Average,National currency (former currencies of the euro area countries),Italian lira,1980-02-29,1159.18,,
ESTAT:ERT_H_EUR_D(1.0),08/01/26 11:00:00,Daily,Average,National currency (former currencies of the euro area countries),Italian lira,1980-03-03,1159.87,,
ESTAT:ERT_H_EUR_D(1.0),08/01/26 11:00:00,Daily,Average,National currency (former currencies of the euro area countries),Italian lira,1980-03-04,1158.87,,
ESTAT:ERT_H_EUR_D(1.0),08/01/26 11:00:00,Daily,Average,National currency (former currencies of the euro area countries),Italian lira,1980-03-05,1159.57,,
ESTAT:ERT_H_EUR_D(1.0),08/01/26 11:00:00,Daily,Average,National currency (former currencies of the euro area countries),Italian lira,1980-03-06,1159.65,,
ESTAT:ERT_H_EUR_D(1.0),08/01/26 11:00:00,Daily,Average,National currency (former currencies of the euro area countries),Italian lira,1980-03-07,1160.69,,
ESTAT:ERT_H_EUR_D(1.0),08/01/26 11:00:00,Daily,Average,National currency (former currencies of the euro area countries),Italian lira,1980-03-10,1161.38,,
ESTAT:ERT_H_EUR_D(1.0),08/01/26 11:00:00,Daily,Average,National currency (former currencies of the euro area countries),Italian lira,1980-03-11,1163.20,,
ESTAT:ERT_H_EUR_D(1.0),08/01/26 11:00:00,Daily,Average,National currency (former currencies of the euro area countries),Italian lira,1980-03-12,1165.21,,
ESTAT:ERT_H_EUR_D(1.0),08/01/26 11:00:00,Daily,Average,National currency (former currencies of the euro area countries),Italian lira,1980-03-13,1164.09,,
ESTAT:ERT_H_EUR_D(1.0),08/01/26 11:00:00,Daily,Average,National currency (former currencies of the euro area countries),Italian lira,1980-03-14,1164.84,,
ESTAT:ERT_H_EUR_D(1.0),08/01/26 11:00:00,Daily,Average,National currency (former currencies of the euro area countries),Italian lira,1980-03-17,1166.94,,
ESTAT:ERT_H_EUR_D(1.0),08/01/26 11:00:00,Daily,Average,National currency (former currencies of the euro area countries),Italian lira,1980-03-18,1168.95,,
ESTAT:ERT_H_EUR_D(1.0),08/01/26 11:00:00,Daily,Average,National currency (former currencies of the euro area countries),Italian lira,1980-03-19,1171.03,,
ESTAT:ERT_H_EUR_D(1.0),08/01/26 11:00:00,Daily,Average,National currency (former currencies of the euro area countries),Italian lira,1980-03-20,1170.71,,
ESTAT:ERT_H_EUR_D(1.0),08/01/26 11:00:00,Daily,Average,National currency (former currencies of the euro area countries),Italian lira,1980-03-21,1169.88,,
ESTAT:ERT_H_EUR_D(1.0),08/01/26 11:00:00,Daily,Average,National currency (former currencies of the euro area countries),Italian lira,1980-03-24,1171.20,,
ESTAT:ERT_H_EUR_D(1.0),08/01/26 11:00:00,Daily,Average,National currency (former currencies of the euro area countries),Italian lira,1980-03-25,1173.17,,
ESTAT:ERT_H_EUR_D(1.0),08/01/26 11:00:00,Daily,Average,National currency (former currencies of the euro area countries),Italian lira,1980-03-26,1170.34,,
ESTAT:ERT_H_EUR_D(1.0),08/01/26 11:00:00,Daily,Average,National currency (former currencies of the euro area countries),Italian lira,1980-03-27,1169.90,,
ESTAT:ERT_H_EUR_D(1.0),08/01/26 11:00:00,Daily,Average,National currency (former currencies of the euro area countries),Italian lira,1980-03-28,1170.30,,
ESTAT:ERT_H_EUR_D(1.0),08/01/26 11:00:00,Daily,Average,National currency (former currencies of the euro area countries),Italian lira,1980-03-31,1170.65,,
ESTAT:ERT_H_EUR_D(1.0),08/01/26 11:00:00,Daily,Average,National currency (former currencies of the euro area countries),Italian lira,1980-04-01,1168.50,,
ESTAT:ERT_H_EUR_D(1.0),08/01/26 11:00:00,Daily,Average,National currency (former currencies of the euro area countries),Italian lira,1980-04-02,1172.89,,
ESTAT:ERT_H_EUR_D(1.0),08/01/26 11:00:00,Daily,Average,National currency (former currencies of the euro area countries),Italian lira,1980-04-03,1170.84,,
ESTAT:ERT_H_EUR_D(1.0),08/01/26 11:00:00,Daily,Average,National currency (former currencies of the euro area countries),Italian lira,1980-04-08,1170.72,,
ESTAT:ERT_H_EUR_D(1.0),08/01/26 11:00:00,Daily,Average,National currency (former currencies of the euro area countries),Italian lira,1980-04-09,1178.33,,
ESTAT:ERT_H_EUR_D(1.0),08/01/26 11:00:00,Daily,Average,National currency (former currencies of the euro area countries),Italian lira,1980-04-10,1169.24,,
ESTAT:ERT_H_EUR_D(1.0),08/01/26 11:00:00,Daily,Average,National currency (former currencies of the euro area countries),Italian lira,1980-04-11,1172.85,,
ESTAT:ERT_H_EUR_D(1.0),08/01/26 11:00:00,Daily,Average,National currency (former currencies of the euro area countries),Italian lira,1980-04-14,1174.75,,
ESTAT:ERT_H_EUR_D(1.0),08/01/26 11:00:00,Daily,Average,National currency (former currencies of the euro area countries),Italian lira,1980-04-15,1177.47,,
ESTAT:ERT_H_EUR_D(1.0),08/01/26 11:00:00,Daily,Average,National currency (former currencies of the euro area countries),Italian lira,1980-04-16,1176.82,,
ESTAT:ERT_H_EUR_D(1.0),08/01/26 11:00:00,Daily,Average,National currency (former currencies of the euro area countries),Italian lira,1980-04-17,1179.52,,
ESTAT:ERT_H_EUR_D(1.0),08/01/26 11:00:00,Daily,Average,National currency (former currencies of the euro area countries),Italian lira,1980-04-18,1180.15,,
ESTAT:ERT_H_EUR_D(1.0),08/01/26 11:00:00,Daily,Average,National currency (former currencies of the euro area countries),Italian lira,1980-04-21,1180.85,,
ESTAT:ERT_H_EUR_D(1.0),08/01/26 11:00:00,Daily,Average,National currency (former currencies of the euro area countries),Italian lira,1980-04-22,1180.41,,
ESTAT:ERT_H_EUR_D(1.0),08/01/26 11:00:00,Daily,Average,National currency (former currencies of the euro area countries),Italian lira,1980-04-23,1181.32,,
ESTAT:ERT_H_EUR_D(1.0),08/01/26 11:00:00,Daily,Average,National currency (former currencies of the euro area countries),Italian lira,1980-04-24,1179.95,,
ESTAT:ERT_H_EUR_D(1.0),08/01/26 11:00:00,Daily,Average,National currency (former currencies of the euro area countries),Italian lira,1980-04-25,1174.43,,
ESTAT:ERT_H_EUR_D(1.0),08/01/26 11:00:00,Daily,Average,National currency (former currencies of the euro area countries),Italian lira,1980-04-28,1181.88,,
ESTAT:ERT_H_EUR_D(1.0),08/01/26 11:00:00,Daily,Average,National currency (former currencies of the euro area countries),Italian lira,1980-04-29,1178.62,,
ESTAT:ERT_H_EUR_D(1.0),08/01/26 11:00:00,Daily,Average,National currency (former currencies of the euro area countries),Italian lira,1980-04-30,1179.11,,
ESTAT:ERT_H_EUR_D(1.0),08/01/26 11:00:00,Daily,Average,National currency (former currencies of the euro area countries),Italian lira,1980-05-02,1178.95,,
ESTAT:ERT_H_EUR_D(1.0),08/01/26 11:00:00,Daily,Average,National currency (former currencies of the euro area countries),Italian lira,1980-05-05,1181.10,,
ESTAT:ERT_H_EUR_D(1.0),08/01/26 11:00:00,Daily,Average,National currency (former currencies of the euro area countries),Italian lira,1980-05-06,1180.67,,
ESTAT:ERT_H_EUR_D(1.0),08/01/26 11:00:00,Daily,Average,National currency (former currencies of the euro area countries),Italian lira,1980-05-07,1180.61,,
ESTAT:ERT_H_EUR_D(1.0),08/01/26 11:00:00,Daily,Average,National currency (former currencies of the euro area countries),Italian lira,1980-05-08,1180.40,,
ESTAT:ERT_H_EUR_D(1.0),08/01/26 11:00:00,Daily,Average,National currency (former currencies of the euro area countries),Italian lira,1980-05-09,1180.69,,
ESTAT:ERT_H_EUR_D(1.0),08/01/26 11:00:00,Daily,Average,National currency (former currencies of the euro area countries),Italian lira,1980-05-12,1181.57,,
ESTAT:ERT_H_EUR_D(1.0),08/01/26 11:00:00,Daily,Average,National currency (former currencies of the euro area countries),Italian lira,1980-05-13,1181.68,,
ESTAT:ERT_H_EUR_D(1.0),08/01/26 11:00:00,Daily,Average,National currency (former currencies of the euro area countries),Italian lira,1980-05-14,1179.37,,
ESTAT:ERT_H_EUR_D(1.0),08/01/26 11:00:00,Daily,Average,National currency (former currencies of the euro area countries),Italian lira,1980-05-16,1180.72,,
ESTAT:ERT_H_EUR_D(1.0),08/01/26 11:00:00,Daily,Average,National currency (former currencies of the euro area countries),Italian lira,1980-05-19,1181.33,,
ESTAT:ERT_H_EUR_D(1.0),08/01/26 11:00:00,Daily,Average,National currency (former currencies of the euro area countries),Italian lira,1980-05-20,1181.17,,
ESTAT:ERT_H_EUR_D(1.0),08/01/26 11:00:00,Daily,Average,National currency (former currencies of the euro area countries),Italian lira,1980-05-21,1182.98,,
ESTAT:ERT_H_EUR_D(1.0),08/01/26 11:00:00,Daily,Average,National currency (former currencies of the euro area countries),Italian lira,1980-05-22,1182.00,,
ESTAT:ERT_H_EUR_D(1.0),08/01/26 11:00:00,Daily,Average,National currency (former currencies of the euro area countries),Italian lira,1980-05-23,1181.36,,
ESTAT:ERT_H_EUR_D(1.0),08/01/26 11:00:00,Daily,Average,National currency (former currencies of the euro area countries),Italian lira,1980-05-27,1183.68,,
ESTAT:ERT_H_EUR_D(1.0),08/01/26 11:00:00,Daily,Average,National currency (former currencies of the euro area countries),Italian lira,1980-05-28,1181.43,,
ESTAT:ERT_H_EUR_D(1.0),08/01/26 11:00:00,Daily,Average,National currency (former currencies of the euro area countries),Italian lira,1980-05-29,1183.40,,
ESTAT:ERT_H_EUR_D(1.0),08/01/26 11:00:00,Daily,Average,National currency (former currencies of the euro area countries),Italian lira,1980-05-30,1182.68,,
ESTAT:ERT_H_EUR_D(1.0),08/01/26 11:00:00,Daily,Average,National currency (former currencies of the euro area countries),Italian lira,1980-06-02,1183.32,,
ESTAT:ERT_H_EUR_D(1.0),08/01/26 11:00:00,Daily,Average,National currency (former currencies of the euro area countries),Italian lira,1980-06-03,1183.74,,
ESTAT:ERT_H_EUR_D(1.0),08/01/26 11:00:00,Daily,Average,National currency (former currencies of the euro area countries),Italian lira,1980-06-04,1180.07,,
ESTAT:ERT_H_EUR_D(1.0),08/01/26 11:00:00,Daily,Average,National currency (former currencies of the euro area countries),Italian lira,1980-06-05,1181.49,,
ESTAT:ERT_H_EUR_D(1.0),08/01/26 11:00:00,Daily,Average,National currency (former currencies of the euro area countries),Italian lira,1980-06-06,1181.92,,
ESTAT:ERT_H_EUR_D(1.0),08/01/26 11:00:00,Daily,Average,National currency (former currencies of the euro area countries),Italian lira,1980-06-09,1185.58,,
ESTAT:ERT_H_EUR_D(1.0),08/01/26 11:00:00,Daily,Average,National currency (former currencies of the euro area countries),Italian lira,1980-06-10,1185.94,,
ESTAT:ERT_H_EUR_D(1.0),08/01/26 11:00:00,Daily,Average,National currency (former currencies of the euro area countries),Italian lira,1980-06-11,1186.22,,
ESTAT:ERT_H_EUR_D(1.0),08/01/26 11:00:00,Daily,Average,National currency (former currencies of the euro area countries),Italian lira,1980-06-12,1185.86,,
ESTAT:ERT_H_EUR_D(1.0),08/01/26 11:00:00,Daily,Average,National currency (former currencies of the euro area countries),Italian lira,1980-06-13,1187.42,,
ESTAT:ERT_H_EUR_D(1.0),08/01/26 11:00:00,Daily,Average,National currency (former currencies of the euro area countries),Italian lira,1980-06-16,1187.50,,
ESTAT:ERT_H_EUR_D(1.0),08/01/26 11:00:00,Daily,Average,National currency (former currencies of the euro area countries),Italian lira,1980-06-17,1188.03,,
ESTAT:ERT_H_EUR_D(1.0),08/01/26 11:00:00,Daily,Average,National currency (former currencies of the euro area countries),Italian lira,1980-06-18,1188.08,,
ESTAT:ERT_H_EUR_D(1.0),08/01/26 11:00:00,Daily,Average,National currency (former currencies of the euro area countries),Italian lira,1980-06-19,1187.86,,
ESTAT:ERT_H_EUR_D(1.0),08/01/26 11:00:00,Daily,Average,National currency (former currencies of the euro area countries),Italian lira,1980-06-20,1189.12,,
ESTAT:ERT_H_EUR_D(1.0),08/01/26 11:00:00,Daily,Average,National currency (former currencies of the euro area countries),Italian lira,1980-06-23,1189.75,,
ESTAT:ERT_H_EUR_D(1.0),08/01/26 11:00:00,Daily,Average,National currency (former currencies of the euro area countries),Italian lira,1980-06-24,1190.82,,
ESTAT:ERT_H_EUR_D(1.0),08/01/26 11:00:00,Daily,Average,National currency (former currencies of the euro area countries),Italian lira,1980-06-25,1190.79,,
ESTAT:ERT_H_EUR_D(1.0),08/01/26 11:00:00,Daily,Average,National currency (former currencies of the euro area countries),Italian lira,1980-06-26,1192.58,,
ESTAT:ERT_H_EUR_D(1.0),08/01/26 11:00:00,Daily,Average,National currency (former currencies of the euro area countries),Italian lira,1980-06-27,1197.36,,
ESTAT:ERT_H_EUR_D(1.0),08/01/26 11:00:00,Daily,Average,National currency (former currencies of the euro area countries),Italian lira,1980-06-30,1199.42,,
ESTAT:ERT_H_EUR_D(1.0),08/01/26 11:00:00,Daily,Average,National currency (former currencies of the euro area countries),Italian lira,1980-07-01,1201.13,,
ESTAT:ERT_H_EUR_D(1.0),08/01/26 11:00:00,Daily,Average,National currency (former currencies of the euro area countries),Italian lira,1980-07-02,1203.84,,
ESTAT:ERT_H_EUR_D(1.0),08/01/26 11:00:00,Daily,Average,National currency (former currencies of the euro area countries),Italian lira,1980-07-03,1202.33,,
ESTAT:ERT_H_EUR_D(1.0),08/01/26 11:00:00,Daily,Average,National currency (former currencies of the euro area countries),Italian lira,1980-07-04,1201.98,,
ESTAT:ERT_H_EUR_D(1.0),08/01/26 11:00:00,Daily,Average,National currency (former currencies of the euro area countries),Italian lira,1980-07-07,1200.55,,
ESTAT:ERT_H_EUR_D(1.0),08/01/26 11:00:00,Daily,Average,National currency (former currencies of the euro area countries),Italian lira,1980-07-08,1199.60,,
ESTAT:ERT_H_EUR_D(1.0),08/01/26 11:00:00,Daily,Average,National currency (former currencies of the euro area countries),Italian lira,1980-07-09,1199.78,,
ESTAT:ERT_H_EUR_D(1.0),08/01/26 11:00:00,Daily,Average,National currency (former currencies of the euro area countries),Italian lira,1980-07-10,1198.85,,
ESTAT:ERT_H_EUR_D(1.0),08/01/26 11:00:00,Daily,Average,National currency (former currencies of the euro area countries),Italian lira,1980-07-11,1198.74,,
ESTAT:ERT_H_EUR_D(1.0),08/01/26 11:00:00,Daily,Average,National currency (former currencies of the euro area countries),Italian lira,1980-07-14,1198.31,,
ESTAT:ERT_H_EUR_D(1.0),08/01/26 11:00:00,Daily,Average,National currency (former currencies of the euro area countries),Italian lira,1980-07-15,1197.06,,
ESTAT:ERT_H_EUR_D(1.0),08/01/26 11:00:00,Daily,Average,National currency (former currencies of the euro area countries),Italian lira,1980-07-16,1198.75,,
ESTAT:ERT_H_EUR_D(1.0),08/01/26 11:00:00,Daily,Average,National currency (former currencies of the euro area countries),Italian lira,1980-07-17,1197.70,,
ESTAT:ERT_H_EUR_D(1.0),08/01/26 11:00:00,Daily,Average,National currency (former currencies of the euro area countries),Italian lira,1980-07-18,1197.68,,
ESTAT:ERT_H_EUR_D(1.0),08/01/26 11:00:00,Daily,Average,National currency (former currencies of the euro area countries),Italian lira,1980-07-21,1197.84,,
ESTAT:ERT_H_EUR_D(1.0),08/01/26 11:00:00,Daily,Average,National currency (former currencies of the euro area countries),Italian lira,1980-07-22,1197.41,,
ESTAT:ERT_H_EUR_D(1.0),08/01/26 11:00:00,Daily,Average,National currency (former currencies of the euro area countries),Italian lira,1980-07-23,1197.10,,
ESTAT:ERT_H_EUR_D(1.0),08/01/26 11:00:00,Daily,Average,National currency (former currencies of the euro area countries),Italian lira,1980-07-24,1197.18,,
ESTAT:ERT_H_EUR_D(1.0),08/01/26 11:00:00,Daily,Average,National currency (former currencies of the euro area countries),Italian lira,1980-07-25,1196.49,,
ESTAT:ERT_H_EUR_D(1.0),08/01/26 11:00:00,Daily,Average,National currency (former currencies of the euro area countries),Italian lira,1980-07-28,1196.05,,
ESTAT:ERT_H_EUR_D(1.0),08/01/26 11:00:00,Daily,Average,National currency (former currencies of the euro area countries),Italian lira,1980-07-29,1193.39,,
ESTAT:ERT_H_EUR_D(1.0),08/01/26 11:00:00,Daily,Average,National currency (former currencies of the euro area countries),Italian lira,1980-07-30,1191.03,,
ESTAT:ERT_H_EUR_D(1.0),08/01/26 11:00:00,Daily,Average,National currency (former currencies of the euro area countries),Italian lira,1980-07-31,1192.70,,
ESTAT:ERT_H_EUR_D(1.0),08/01/26 11:00:00,Daily,Average,National currency (former currencies of the euro area countries),Italian lira,1980-08-01,1189.64,,
ESTAT:ERT_H_EUR_D(1.0),08/01/26 11:00:00,Daily,Average,National currency (former currencies of the euro area countries),Italian lira,1980-08-04,1191.52,,
ESTAT:ERT_H_EUR_D(1.0),08/01/26 11:00:00,Daily,Average,National currency (former currencies of the euro area countries),Italian lira,1980-08-05,1190.30,,
ESTAT:ERT_H_EUR_D(1.0),08/01/26 11:00:00,Daily,Average,National currency (former currencies of the euro area countries),Italian lira,1980-08-06,1193.03,,
ESTAT:ERT_H_EUR_D(1.0),08/01/26 11:00:00,Daily,Average,National currency (former currencies of the euro area countries),Italian lira,1980-08-07,1192.75,,
ESTAT:ERT_H_EUR_D(1.0),08/01/26 11:00:00,Daily,Average,National currency (former currencies of the euro area countries),Italian lira,1980-08-08,1192.45,,
ESTAT:ERT_H_EUR_D(1.0),08/01/26 11:00:00,Daily,Average,National currency (former currencies of the euro area countries),Italian lira,1980-08-11,1194.40,,
ESTAT:ERT_H_EUR_D(1.0),08/01/26 11:00:00,Daily,Average,National currency (former currencies of the euro area countries),Italian lira,1980-08-12,1194.22,,
ESTAT:ERT_H_EUR_D(1.0),08/01/26 11:00:00,Daily,Average,National currency (former currencies of the euro area countries),Italian lira,1980-08-13,1197.18,,
ESTAT:ERT_H_EUR_D(1.0),08/01/26 11:00:00,Daily,Average,National currency (former currencies of the euro area countries),Italian lira,1980-08-14,1198.02,,
ESTAT:ERT_H_EUR_D(1.0),08/01/26 11:00:00,Daily,Average,National currency (former currencies of the euro area countries),Italian lira,1980-08-15,1197.96,,
ESTAT:ERT_H_EUR_D(1.0),08/01/26 11:00:00,Daily,Average,National currency (former currencies of the euro area countries),Italian lira,1980-08-18,1195.77,,
ESTAT:ERT_H_EUR_D(1.0),08/01/26 11:00:00,Daily,Average,National currency (former currencies of the euro area countries),Italian lira,1980-08-19,1197.26,,
ESTAT:ERT_H_EUR_D(1.0),08/01/26 11:00:00,Daily,Average,National currency (former currencies of the euro area countries),Italian lira,1980-08-20,1198.92,,
ESTAT:ERT_H_EUR_D(1.0),08/01/26 11:00:00,Daily,Average,National currency (former currencies of the euro area countries),Italian lira,1980-08-21,1200.80,,
ESTAT:ERT_H_EUR_D(1.0),08/01/26 11:00:00,Daily,Average,National currency (former currencies of the euro area countries),Italian lira,1980-08-22,1202.30,,
ESTAT:ERT_H_EUR_D(1.0),08/01/26 11:00:00,Daily,Average,National currency (former currencies of the euro area countries),Italian lira,1980-08-25,1202.08,,
ESTAT:ERT_H_EUR_D(1.0),08/01/26 11:00:00,Daily,Average,National currency (former currencies of the euro area countries),Italian lira,1980-08-26,1202.23,,
ESTAT:ERT_H_EUR_D(1.0),08/01/26 11:00:00,Daily,Average,National currency (former currencies of the euro area countries),Italian lira,1980-08-27,1202.89,,
ESTAT:ERT_H_EUR_D(1.0),08/01/26 11:00:00,Daily,Average,National currency (former currencies of the euro area countries),Italian lira,1980-08-28,1203.40,,
ESTAT:ERT_H_EUR_D(1.0),08/01/26 11:00:00,Daily,Average,National currency (former currencies of the euro area countries),Italian lira,1980-08-29,1204.52,,
ESTAT:ERT_H_EUR_D(1.0),08/01/26 11:00:00,Daily,Average,National currency (former currencies of the euro area countries),Italian lira,1980-09-01,1204.26,,
ESTAT:ERT_H_EUR_D(1.0),08/01/26 11:00:00,Daily,Average,National currency (former currencies of the euro area countries),Italian lira,1980-09-02,1205.44,,
ESTAT:ERT_H_EUR_D(1.0),08/01/26 11:00:00,Daily,Average,National currency (former currencies of the euro area countries),Italian lira,1980-09-03,1204.47,,
ESTAT:ERT_H_EUR_D(1.0),08/01/26 11:00:00,Daily,Average,National currency (former currencies of the euro area countries),Italian lira,1980-09-04,1205.20,,
ESTAT:ERT_H_EUR_D(1.0),08/01/26 11:00:00,Daily,Average,National currency (former currencies of the euro area countries),Italian lira,1980-09-05,1203.72,,
ESTAT:ERT_H_EUR_D(1.0),08/01/26 11:00:00,Daily,Average,National currency (former currencies of the euro area countries),Italian lira,1980-09-08,1205.76,,
ESTAT:ERT_H_EUR_D(1.0),08/01/26 11:00:00,Daily,Average,National currency (former currencies of the euro area countries),Italian lira,1980-09-09,1204.44,,
ESTAT:ERT_H_EUR_D(1.0),08/01/26 11:00:00,Daily,Average,National currency (former currencies of the euro area countries),Italian lira,1980-09-10,1203.21,,
ESTAT:ERT_H_EUR_D(1.0),08/01/26 11:00:00,Daily,Average,National currency (former currencies of the euro area countries),Italian lira,1980-09-11,1204.41,,
ESTAT:ERT_H_EUR_D(1.0),08/01/26 11:00:00,Daily,Average,National currency (former currencies of the euro area countries),Italian lira,1980-09-12,1203.76,,
ESTAT:ERT_H_EUR_D(1.0),08/01/26 11:00:00,Daily,Average,National currency (former currencies of the euro area countries),Italian lira,1980-09-15,1202.90,,
ESTAT:ERT_H_EUR_D(1.0),08/01/26 11:00:00,Daily,Average,National currency (former currencies of the euro area countries),Italian lira,1980-09-16,1202.37,,
ESTAT:ERT_H_EUR_D(1.0),08/01/26 11:00:00,Daily,Average,National currency (former currencies of the euro area countries),Italian lira,1980-09-17,1202.92,,
ESTAT:ERT_H_EUR_D(1.0),08/01/26 11:00:00,Daily,Average,National currency (former currencies of the euro area countries),Italian lira,1980-09-18,1201.19,,
ESTAT:ERT_H_EUR_D(1.0),08/01/26 11:00:00,Daily,Average,National currency (former currencies of the euro area countries),Italian lira,1980-09-19,1200.65,,
ESTAT:ERT_H_EUR_D(1.0),08/01/26 11:00:00,Daily,Average,National currency (former currencies of the euro area countries),Italian lira,1980-09-22,1202.10,,
ESTAT:ERT_H_EUR_D(1.0),08/01/26 11:00:00,Daily,Average,National currency (former currencies of the euro area countries),Italian lira,1980-09-23,1204.88,,
ESTAT:ERT_H_EUR_D(1.0),08/01/26 11:00:00,Daily,Average,National currency (former currencies of the euro area countries),Italian lira,1980-09-24,1203.27,,
ESTAT:ERT_H_EUR_D(1.0),08/01/26 11:00:00,Daily,Average,National currency (former currencies of the euro area countries),Italian lira,1980-09-25,1205.86,,
ESTAT:ERT_H_EUR_D(1.0),08/01/26 11:00:00,Daily,Average,National currency (former currencies of the euro area countries),Italian lira,1980-09-26,1206.06,,
ESTAT:ERT_H_EUR_D(1.0),08/01/26 11:00:00,Daily,Average,National currency (former currencies of the euro area countries),Italian lira,1980-09-29,1206.04,,
ESTAT:ERT_H_EUR_D(1.0),08/01/26 11:00:00,Daily,Average,National currency (former currencies of the euro area countries),Italian lira,1980-09-30,1206.40,,
ESTAT:ERT_H_EUR_D(1.0),08/01/26 11:00:00,Daily,Average,National currency (former currencies of the euro area countries),Italian lira,1980-10-01,1207.64,,
ESTAT:ERT_H_EUR_D(1.0),08/01/26 11:00:00,Daily,Average,National currency (former currencies of the euro area countries),Italian lira,1980-10-02,1206.43,,
ESTAT:ERT_H_EUR_D(1.0),08/01/26 11:00:00,Daily,Average,National currency (former currencies of the euro area countries),Italian lira,1980-10-03,1207.07,,
ESTAT:ERT_H_EUR_D(1.0),08/01/26 11:00:00,Daily,Average,National currency (former currencies of the euro area countries),Italian lira,1980-10-06,1206.53,,
ESTAT:ERT_H_EUR_D(1.0),08/01/26 11:00:00,Daily,Average,National currency (former currencies of the euro area countries),Italian lira,1980-10-07,1207.16,,
ESTAT:ERT_H_EUR_D(1.0),08/01/26 11:00:00,Daily,Average,National currency (former currencies of the euro area countries),Italian lira,1980-10-08,1206.60,,
ESTAT:ERT_H_EUR_D(1.0),08/01/26 11:00:00,Daily,Average,National currency (former currencies of the euro area countries),Italian lira,1980-10-09,1206.60,,
ESTAT:ERT_H_EUR_D(1.0),08/01/26 11:00:00,Daily,Average,National currency (former currencies of the euro area countries),Italian lira,1980-10-10,1207.62,,
ESTAT:ERT_H_EUR_D(1.0),08/01/26 11:00:00,Daily,Average,National currency (former currencies of the euro area countries),Italian lira,1980-10-13,1206.37,,
ESTAT:ERT_H_EUR_D(1.0),08/01/26 11:00:00,Daily,Average,National currency (former currencies of the euro area countries),Italian lira,1980-10-14,1205.44,,
ESTAT:ERT_H_EUR_D(1.0),08/01/26 11:00:00,Daily,Average,National currency (former currencies of the euro area countries),Italian lira,1980-10-15,1206.02,,
ESTAT:ERT_H_EUR_D(1.0),08/01/26 11:00:00,Daily,Average,National currency (former currencies of the euro area countries),Italian lira,1980-10-16,1205.47,,
ESTAT:ERT_H_EUR_D(1.0),08/01/26 11:00:00,Daily,Average,National currency (former currencies of the euro area countries),Italian lira,1980-10-17,1209.62,,
ESTAT:ERT_H_EUR_D(1.0),08/01/26 11:00:00,Daily,Average,National currency (former currencies of the euro area countries),Italian lira,1980-10-20,1210.00,,
ESTAT:ERT_H_EUR_D(1.0),08/01/26 11:00:00,Daily,Average,National currency (former currencies of the euro area countries),Italian lira,1980-10-21,1212.78,,
ESTAT:ERT_H_EUR_D(1.0),08/01/26 11:00:00,Daily,Average,National currency (former currencies of the euro area countries),Italian lira,1980-10-22,1211.07,,
ESTAT:ERT_H_EUR_D(1.0),08/01/26 11:00:00,Daily,Average,National currency (former currencies of the euro area countries),Italian lira,1980-10-23,1212.44,,
ESTAT:ERT_H_EUR_D(1.0),08/01/26 11:00:00,Daily,Average,National currency (former currencies of the euro area countries),Italian lira,1980-10-24,1213.74,,
ESTAT:ERT_H_EUR_D(1.0),08/01/26 11:00:00,Daily,Average,National currency (former currencies of the euro area countries),Italian lira,1980-10-27,1213.59,,
ESTAT:ERT_H_EUR_D(1.0),08/01/26 11:00:00,Daily,Average,National currency (former currencies of the euro area countries),Italian lira,1980-10-28,1212.67,,
ESTAT:ERT_H_EUR_D(1.0),08/01/26 11:00:00,Daily,Average,National currency (former currencies of the euro area countries),Italian lira,1980-10-29,1214.94,,
ESTAT:ERT_H_EUR_D(1.0),08/01/26 11:00:00,Daily,Average,National currency (former currencies of the euro area countries),Italian lira,1980-10-30,1214.32,,
ESTAT:ERT_H_EUR_D(1.0),08/01/26 11:00:00,Daily,Average,National currency (former currencies of the euro area countries),Italian lira,1980-10-31,1215.21,,
ESTAT:ERT_H_EUR_D(1.0),08/01/26 11:00:00,Daily,Average,National currency (former currencies of the euro area countries),Italian lira,1980-11-03,1215.18,,
ESTAT:ERT_H_EUR_D(1.0),08/01/26 11:00:00,Daily,Average,National currency (former currencies of the euro area countries),Italian lira,1980-11-04,1213.25,,
ESTAT:ERT_H_EUR_D(1.0),08/01/26 11:00:00,Daily,Average,National currency (former currencies of the euro area countries),Italian lira,1980-11-05,1214.84,,
ESTAT:ERT_H_EUR_D(1.0),08/01/26 11:00:00,Daily,Average,National currency (former currencies of the euro area countries),Italian lira,1980-11-06,1214.08,,
ESTAT:ERT_H_EUR_D(1.0),08/01/26 11:00:00,Daily,Average,National currency (former currencies of the euro area countries),Italian lira,1980-11-07,1214.46,,
ESTAT:ERT_H_EUR_D(1.0),08/01/26 11:00:00,Daily,Average,National currency (former currencies of the euro area countries),Italian lira,1980-11-10,1213.16,,
ESTAT:ERT_H_EUR_D(1.0),08/01/26 11:00:00,Daily,Average,National currency (former currencies of the euro area countries),Italian lira,1980-11-11,1210.18,,
ESTAT:ERT_H_EUR_D(1.0),08/01/26 11:00:00,Daily,Average,National currency (former currencies of the euro area countries),Italian lira,1980-11-12,1213.02,,
ESTAT:ERT_H_EUR_D(1.0),08/01/26 11:00:00,Daily,Average,National currency (former currencies of the euro area countries),Italian lira,1980-11-13,1213.42,,
ESTAT:ERT_H_EUR_D(1.0),08/01/26 11:00:00,Daily,Average,National currency (former currencies of the euro area countries),Italian lira,1980-11-14,1213.97,,
ESTAT:ERT_H_EUR_D(1.0),08/01/26 11:00:00,Daily,Average,National currency (former currencies of the euro area countries),Italian lira,1980-11-17,1215.79,,
ESTAT:ERT_H_EUR_D(1.0),08/01/26 11:00:00,Daily,Average,National currency (former currencies of the euro area countries),Italian lira,1980-11-18,1215.13,,
ESTAT:ERT_H_EUR_D(1.0),08/01/26 11:00:00,Daily,Average,National currency (former currencies of the euro area countries),Italian lira,1980-11-19,1217.08,,
ESTAT:ERT_H_EUR_D(1.0),08/01/26 11:00:00,Daily,Average,National currency (former currencies of the euro area countries),Italian lira,1980-11-20,1213.93,,
ESTAT:ERT_H_EUR_D(1.0),08/01/26 11:00:00,Daily,Average,National currency (former currencies of the euro area countries),Italian lira,1980-11-21,1213.94,,
ESTAT:ERT_H_EUR_D(1.0),08/01/26 11:00:00,Daily,Average,National currency (former currencies of the euro area countries),Italian lira,1980-11-24,1212.82,,
ESTAT:ERT_H_EUR_D(1.0),08/01/26 11:00:00,Daily,Average,National currency (former currencies of the euro area countries),Italian lira,1980-11-25,1214.62,,
ESTAT:ERT_H_EUR_D(1.0),08/01/26 11:00:00,Daily,Average,National currency (former currencies of the euro area countries),Italian lira,1980-11-26,1215.28,,
ESTAT:ERT_H_EUR_D(1.0),08/01/26 11:00:00,Daily,Average,National currency (former currencies of the euro area countries),Italian lira,1980-11-27,1213.97,,
ESTAT:ERT_H_EUR_D(1.0),08/01/26 11:00:00,Daily,Average,National currency (former currencies of the euro area countries),Italian lira,1980-11-28,1213.67,,
ESTAT:ERT_H_EUR_D(1.0),08/01/26 11:00:00,Daily,Average,National currency (former currencies of the euro area countries),Italian lira,1980-12-01,1212.95,,
ESTAT:ERT_H_EUR_D(1.0),08/01/26 11:00:00,Daily,Average,National currency (former currencies of the euro area countries),Italian lira,1980-12-02,1212.69,,
ESTAT:ERT_H_EUR_D(1.0),08/01/26 11:00:00,Daily,Average,National currency (former currencies of the euro area countries),Italian lira,1980-12-03,1212.97,,
ESTAT:ERT_H_EUR_D(1.0),08/01/26 11:00:00,Daily,Average,National currency (former currencies of the euro area countries),Italian lira,1980-12-04,1213.09,,
ESTAT:ERT_H_EUR_D(1.0),08/01/26 11:00:00,Daily,Average,National currency (former currencies of the euro area countries),Italian lira,1980-12-05,1215.04,,
ESTAT:ERT_H_EUR_D(1.0),08/01/26 11:00:00,Daily,Average,National currency (former currencies of the euro area countries),Italian lira,1980-12-08,1212.69,,
ESTAT:ERT_H_EUR_D(1.0),08/01/26 11:00:00,Daily,Average,National currency (former currencies of the euro area countries),Italian lira,1980-12-09,1215.63,,
ESTAT:ERT_H_EUR_D(1.0),08/01/26 11:00:00,Daily,Average,National currency (former currencies of the euro area countries),Italian lira,1980-12-10,1217.36,,
ESTAT:ERT_H_EUR_D(1.0),08/01/26 11:00:00,Daily,Average,National currency (former currencies of the euro area countries),Italian lira,1980-12-11,1216.35,,
ESTAT:ERT_H_EUR_D(1.0),08/01/26 11:00:00,Daily,Average,National currency (former currencies of the euro area countries),Italian lira,1980-12-12,1215.23,,
ESTAT:ERT_H_EUR_D(1.0),08/01/26 11:00:00,Daily,Average,National currency (former currencies of the euro area countries),Italian lira,1980-12-15,1214.03,,
ESTAT:ERT_H_EUR_D(1.0),08/01/26 11:00:00,Daily,Average,National currency (former currencies of the euro area countries),Italian lira,1980-12-16,1214.56,,
ESTAT:ERT_H_EUR_D(1.0),08/01/26 11:00:00,Daily,Average,National currency (former currencies of the euro area countries),Italian lira,1980-12-17,1215.92,,
ESTAT:ERT_H_EUR_D(1.0),08/01/26 11:00:00,Daily,Average,National currency (former currencies of the euro area countries),Italian lira,1980-12-18,1216.28,,
ESTAT:ERT_H_EUR_D(1.0),08/01/26 11:00:00,Daily,Average,National currency (former currencies of the euro area countries),Italian lira,1980-12-19,1217.66,,
ESTAT:ERT_H_EUR_D(1.0),08/01/26 11:00:00,Daily,Average,National currency (former currencies of the euro area countries),Italian lira,1980-12-22,1216.87,,
ESTAT:ERT_H_EUR_D(1.0),08/01/26 11:00:00,Daily,Average,National currency (former currencies of the euro area countries),Italian lira,1980-12-23,1216.13,,
ESTAT:ERT_H_EUR_D(1.0),08/01/26 11:00:00,Daily,Average,National currency (former currencies of the euro area countries),Italian lira,1980-12-29,1214.99,,
ESTAT:ERT_H_EUR_D(1.0),08/01/26 11:00:00,Daily,Average,National currency (former currencies of the euro area countries),Italian lira,1980-12-30,1218.33,,
ESTAT:ERT_H_EUR_D(1.0),08/01/26 11:00:00,Daily,Average,National currency (former currencies of the euro area countries),Italian lira,1980-12-31,1217.30,,
ESTAT:ERT_H_EUR_D(1.0),08/01/26 11:00:00,Daily,Average,National currency (former currencies of the euro area countries),Italian lira,1981-01-02,1217.64,,
ESTAT:ERT_H_EUR_D(1.0),08/01/26 11:00:00,Daily,Average,National currency (former currencies of the euro area countries),Italian lira,1981-01-05,1220.99,,
ESTAT:ERT_H_EUR_D(1.0),08/01/26 11:00:00,Daily,Average,National currency (former currencies of the euro area countries),Italian lira,1981-01-06,1221.80,,
ESTAT:ERT_H_EUR_D(1.0),08/01/26 11:00:00,Daily,Average,National currency (former currencies of the euro area countries),Italian lira,1981-01-07,1220.73,,
ESTAT:ERT_H_EUR_D(1.0),08/01/26 11:00:00,Daily,Average,National currency (former currencies of the euro area countries),Italian lira,1981-01-08,1220.69,,
ESTAT:ERT_H_EUR_D(1.0),08/01/26 11:00:00,Daily,Average,National currency (former currencies of the euro area countries),Italian lira,1981-01-09,1221.68,,
ESTAT:ERT_H_EUR_D(1.0),08/01/26 11:00:00,Daily,Average,National currency (former currencies of the euro area countries),Italian lira,1981-01-12,1221.82,,
ESTAT:ERT_H_EUR_D(1.0),08/01/26 11:00:00,Daily,Average,National currency (former currencies of the euro area countries),Italian lira,1981-01-13,1225.31,,
ESTAT:ERT_H_EUR_D(1.0),08/01/26 11:00:00,Daily,Average,National currency (former currencies of the euro area countries),Italian lira,1981-01-14,1224.34,,
ESTAT:ERT_H_EUR_D(1.0),08/01/26 11:00:00,Daily,Average,National currency (former currencies of the euro area countries),Italian lira,1981-01-15,1226.52,,
ESTAT:ERT_H_EUR_D(1.0),08/01/26 11:00:00,Daily,Average,National currency (former currencies of the euro area countries),Italian lira,1981-01-16,1226.20,,
ESTAT:ERT_H_EUR_D(1.0),08/01/26 11:00:00,Daily,Average,National currency (former currencies of the euro area countries),Italian lira,1981-01-19,1225.13,,
ESTAT:ERT_H_EUR_D(1.0),08/01/26 11:00:00,Daily,Average,National currency (former currencies of the euro area countries),Italian lira,1981-01-20,1225.90,,
ESTAT:ERT_H_EUR_D(1.0),08/01/26 11:00:00,Daily,Average,National currency (former currencies of the euro area countries),Italian lira,1981-01-21,1226.43,,
ESTAT:ERT_H_EUR_D(1.0),08/01/26 11:00:00,Daily,Average,National currency (former currencies of the euro area countries),Italian lira,1981-01-22,1225.76,,
ESTAT:ERT_H_EUR_D(1.0),08/01/26 11:00:00,Daily,Average,National currency (former currencies of the euro area countries),Italian lira,1981-01-23,1228.29,,
ESTAT:ERT_H_EUR_D(1.0),08/01/26 11:00:00,Daily,Average,National currency (former currencies of the euro area countries),Italian lira,1981-01-26,1231.71,,
ESTAT:ERT_H_EUR_D(1.0),08/01/26 11:00:00,Daily,Average,National currency (former currencies of the euro area countries),Italian lira,1981-01-27,1232.91,,
ESTAT:ERT_H_EUR_D(1.0),08/01/26 11:00:00,Daily,Average,National currency (former currencies of the euro area countries),Italian lira,1981-01-28,1232.82,,
ESTAT:ERT_H_EUR_D(1.0),08/01/26 11:00:00,Daily,Average,National currency (former currencies of the euro area countries),Italian lira,1981-01-29,1231.72,,
ESTAT:ERT_H_EUR_D(1.0),08/01/26 11:00:00,Daily,Average,National currency (former currencies of the euro area countries),Italian lira,1981-01-30,1232.81,,
ESTAT:ERT_H_EUR_D(1.0),08/01/26 11:00:00,Daily,Average,National currency (former currencies of the euro area countries),Italian lira,1981-02-02,1231.05,,
ESTAT:ERT_H_EUR_D(1.0),08/01/26 11:00:00,Daily,Average,National currency (former currencies of the euro area countries),Italian lira,1981-02-03,1232.90,,
ESTAT:ERT_H_EUR_D(1.0),08/01/26 11:00:00,Daily,Average,National currency (former currencies of the euro area countries),Italian lira,1981-02-04,1231.97,,
ESTAT:ERT_H_EUR_D(1.0),08/01/26 11:00:00,Daily,Average,National currency (former currencies of the euro area countries),Italian lira,1981-02-05,1233.11,,
ESTAT:ERT_H_EUR_D(1.0),08/01/26 11:00:00,Daily,Average,National currency (former currencies of the euro area countries),Italian lira,1981-02-06,1231.26,,
ESTAT:ERT_H_EUR_D(1.0),08/01/26 11:00:00,Daily,Average,National currency (former currencies of the euro area countries),Italian lira,1981-02-09,1231.55,,
ESTAT:ERT_H_EUR_D(1.0),08/01/26 11:00:00,Daily,Average,National currency (former currencies of the euro area countries),Italian lira,1981-02-10,1229.55,,
ESTAT:ERT_H_EUR_D(1.0),08/01/26 11:00:00,Daily,Average,National currency (former currencies of the euro area countries),Italian lira,1981-02-11,1231.32,,
ESTAT:ERT_H_EUR_D(1.0),08/01/26 11:00:00,Daily,Average,National currency (former currencies of the euro area countries),Italian lira,1981-02-12,1231.63,,
ESTAT:ERT_H_EUR_D(1.0),08/01/26 11:00:00,Daily,Average,National currency (former currencies of the euro area countries),Italian lira,1981-02-13,1230.77,,
ESTAT:ERT_H_EUR_D(1.0),08/01/26 11:00:00,Daily,Average,National currency (former currencies of the euro area countries),Italian lira,1981-02-16,1228.17,,
ESTAT:ERT_H_EUR_D(1.0),08/01/26 11:00:00,Daily,Average,National currency (former currencies of the euro area countries),Italian lira,1981-02-17,1231.34,,
ESTAT:ERT_H_EUR_D(1.0),08/01/26 11:00:00,Daily,Average,National currency (former currencies of the euro area countries),Italian lira,1981-02-18,1230.50,,
ESTAT:ERT_H_EUR_D(1.0),08/01/26 11:00:00,Daily,Average,National currency (former currencies of the euro area countries),Italian lira,1981-02-19,1233.21,,
ESTAT:ERT_H_EUR_D(1.0),08/01/26 11:00:00,Daily,Average,National currency (former currencies of the euro area countries),Italian lira,1981-02-20,1234.04,,
ESTAT:ERT_H_EUR_D(1.0),08/01/26 11:00:00,Daily,Average,National currency (former currencies of the euro area countries),Italian lira,1981-02-23,1229.47,,
ESTAT:ERT_H_EUR_D(1.0),08/01/26 11:00:00,Daily,Average,National currency (former currencies of the euro area countries),Italian lira,1981-02-24,1225.03,,
ESTAT:ERT_H_EUR_D(1.0),08/01/26 11:00:00,Daily,Average,National currency (former currencies of the euro area countries),Italian lira,1981-02-25,1226.27,,
ESTAT:ERT_H_EUR_D(1.0),08/01/26 11:00:00,Daily,Average,National currency (former currencies of the euro area countries),Italian lira,1981-02-26,1227.83,,
ESTAT:ERT_H_EUR_D(1.0),08/01/26 11:00:00,Daily,Average,National currency (former currencies of the euro area countries),Italian lira,1981-02-27,1224.89,,
ESTAT:ERT_H_EUR_D(1.0),08/01/26 11:00:00,Daily,Average,National currency (former currencies of the euro area countries),Italian lira,1981-03-02,1226.44,,
ESTAT:ERT_H_EUR_D(1.0),08/01/26 11:00:00,Daily,Average,National currency (former currencies of the euro area countries),Italian lira,1981-03-03,1229.77,,
ESTAT:ERT_H_EUR_D(1.0),08/01/26 11:00:00,Daily,Average,National currency (former currencies of the euro area countries),Italian lira,1981-03-04,1228.96,,
ESTAT:ERT_H_EUR_D(1.0),08/01/26 11:00:00,Daily,Average,National currency (former currencies of the euro area countries),Italian lira,1981-03-05,1226.18,,
ESTAT:ERT_H_EUR_D(1.0),08/01/26 11:00:00,Daily,Average,National currency (former currencies of the euro area countries),Italian lira,1981-03-06,1229.73,,
ESTAT:ERT_H_EUR_D(1.0),08/01/26 11:00:00,Daily,Average,National currency (former currencies of the euro area countries),Italian lira,1981-03-09,1229.10,,
ESTAT:ERT_H_EUR_D(1.0),08/01/26 11:00:00,Daily,Average,National currency (former currencies of the euro area countries),Italian lira,1981-03-10,1229.62,,
ESTAT:ERT_H_EUR_D(1.0),08/01/26 11:00:00,Daily,Average,National currency (former currencies of the euro area countries),Italian lira,1981-03-11,1231.30,,
ESTAT:ERT_H_EUR_D(1.0),08/01/26 11:00:00,Daily,Average,National currency (former currencies of the euro area countries),Italian lira,1981-03-12,1232.80,,
ESTAT:ERT_H_EUR_D(1.0),08/01/26 11:00:00,Daily,Average,National currency (former currencies of the euro area countries),Italian lira,1981-03-13,1232.93,,
ESTAT:ERT_H_EUR_D(1.0),08/01/26 11:00:00,Daily,Average,National currency (former currencies of the euro area countries),Italian lira,1981-03-16,1235.51,,
ESTAT:ERT_H_EUR_D(1.0),08/01/26 11:00:00,Daily,Average,National currency (former currencies of the euro area countries),Italian lira,1981-03-17,1238.28,,
ESTAT:ERT_H_EUR_D(1.0),08/01/26 11:00:00,Daily,Average,National currency (former currencies of the euro area countries),Italian lira,1981-03-18,1239.96,,
ESTAT:ERT_H_EUR_D(1.0),08/01/26 11:00:00,Daily,Average,National currency (former currencies of the euro area countries),Italian lira,1981-03-19,1235.99,,
ESTAT:ERT_H_EUR_D(1.0),08/01/26 11:00:00,Daily,Average,National currency (former currencies of the euro area countries),Italian lira,1981-03-20,1241.32,,
ESTAT:ERT_H_EUR_D(1.0),08/01/26 11:00:00,Daily,Average,National currency (former currencies of the euro area countries),Italian lira,1981-03-23,1265.32,,
ESTAT:ERT_H_EUR_D(1.0),08/01/26 11:00:00,Daily,Average,National currency (former currencies of the euro area countries),Italian lira,1981-03-24,1265.91,,
ESTAT:ERT_H_EUR_D(1.0),08/01/26 11:00:00,Daily,Average,National currency (former currencies of the euro area countries),Italian lira,1981-03-25,1266.42,,
ESTAT:ERT_H_EUR_D(1.0),08/01/26 11:00:00,Daily,Average,National currency (former currencies of the euro area countries),Italian lira,1981-03-26,1265.73,,
ESTAT:ERT_H_EUR_D(1.0),08/01/26 11:00:00,Daily,Average,National currency (former currencies of the euro area countries),Italian lira,1981-03-27,1267.61,,
ESTAT:ERT_H_EUR_D(1.0),08/01/26 11:00:00,Daily,Average,National currency (former currencies of the euro area countries),Italian lira,1981-03-30,1268.12,,
ESTAT:ERT_H_EUR_D(1.0),08/01/26 11:00:00,Daily,Average,National currency (former currencies of the euro area countries),Italian lira,1981-03-31,1266.82,,
ESTAT:ERT_H_EUR_D(1.0),08/01/26 11:00:00,Daily,Average,National currency (former currencies of the euro area countries),Italian lira,1981-04-01,1265.28,,
ESTAT:ERT_H_EUR_D(1.0),08/01/26 11:00:00,Daily,Average,National currency (former currencies of the euro area countries),Italian lira,1981-04-02,1263.67,,
ESTAT:ERT_H_EUR_D(1.0),08/01/26 11:00:00,Daily,Average,National currency (former currencies of the euro area countries),Italian lira,1981-04-03,1263.41,,
ESTAT:ERT_H_EUR_D(1.0),08/01/26 11:00:00,Daily,Average,National currency (former currencies of the euro area countries),Italian lira,1981-04-06,1262.81,,
ESTAT:ERT_H_EUR_D(1.0),08/01/26 11:00:00,Daily,Average,National currency (former currencies of the euro area countries),Italian lira,1981-04-07,1261.58,,
ESTAT:ERT_H_EUR_D(1.0),08/01/26 11:00:00,Daily,Average,National currency (former currencies of the euro area countries),Italian lira,1981-04-08,1263.30,,
ESTAT:ERT_H_EUR_D(1.0),08/01/26 11:00:00,Daily,Average,National currency (former currencies of the euro area countries),Italian lira,1981-04-09,1261.64,,
ESTAT:ERT_H_EUR_D(1.0),08/01/26 11:00:00,Daily,Average,National currency (former currencies of the euro area countries),Italian lira,1981-04-10,1263.15,,
ESTAT:ERT_H_EUR_D(1.0),08/01/26 11:00:00,Daily,Average,National currency (former currencies of the euro area countries),Italian lira,1981-04-13,1263.45,,
ESTAT:ERT_H_EUR_D(1.0),08/01/26 11:00:00,Daily,Average,National currency (former currencies of the euro area countries),Italian lira,1981-04-14,1263.72,,
ESTAT:ERT_H_EUR_D(1.0),08/01/26 11:00:00,Daily,Average,National currency (former currencies of the euro area countries),Italian lira,1981-04-15,1262.37,,
ESTAT:ERT_H_EUR_D(1.0),08/01/26 11:00:00,Daily,Average,National currency (former currencies of the euro area countries),Italian lira,1981-04-16,1262.42,,
ESTAT:ERT_H_EUR_D(1.0),08/01/26 11:00:00,Daily,Average,National currency (former currencies of the euro area countries),Italian lira,1981-04-21,1264.13,,
ESTAT:ERT_H_EUR_D(1.0),08/01/26 11:00:00,Daily,Average,National currency (former currencies of the euro area countries),Italian lira,1981-04-22,1265.55,,
ESTAT:ERT_H_EUR_D(1.0),08/01/26 11:00:00,Daily,Average,National currency (former currencies of the euro area countries),Italian lira,1981-04-23,1265.43,,
ESTAT:ERT_H_EUR_D(1.0),08/01/26 11:00:00,Daily,Average,National currency (former currencies of the euro area countries),Italian lira,1981-04-24,1265.49,,
ESTAT:ERT_H_EUR_D(1.0),08/01/26 11:00:00,Daily,Average,National currency (former currencies of the euro area countries),Italian lira,1981-04-27,1265.67,,
ESTAT:ERT_H_EUR_D(1.0),08/01/26 11:00:00,Daily,Average,National currency (former currencies of the euro area countries),Italian lira,1981-04-28,1264.02,,
ESTAT:ERT_H_EUR_D(1.0),08/01/26 11:00:00,Daily,Average,National currency (former currencies of the euro area countries),Italian lira,1981-04-29,1262.84,,
ESTAT:ERT_H_EUR_D(1.0),08/01/26 11:00:00,Daily,Average,National currency (former currencies of the euro area countries),Italian lira,1981-04-30,1264.60,,
ESTAT:ERT_H_EUR_D(1.0),08/01/26 11:00:00,Daily,Average,National currency (former currencies of the euro area countries),Italian lira,1981-05-04,1261.74,,
ESTAT:ERT_H_EUR_D(1.0),08/01/26 11:00:00,Daily,Average,National currency (former currencies of the euro area countries),Italian lira,1981-05-05,1264.16,,
ESTAT:ERT_H_EUR_D(1.0),08/01/26 11:00:00,Daily,Average,National currency (former currencies of the euro area countries),Italian lira,1981-05-06,1268.46,,
ESTAT:ERT_H_EUR_D(1.0),08/01/26 11:00:00,Daily,Average,National currency (former currencies of the euro area countries),Italian lira,1981-05-07,1265.07,,
ESTAT:ERT_H_EUR_D(1.0),08/01/26 11:00:00,Daily,Average,National currency (former currencies of the euro area countries),Italian lira,1981-05-08,1266.24,,
ESTAT:ERT_H_EUR_D(1.0),08/01/26 11:00:00,Daily,Average,National currency (former currencies of the euro area countries),Italian lira,1981-05-11,1263.81,,
ESTAT:ERT_H_EUR_D(1.0),08/01/26 11:00:00,Daily,Average,National currency (former currencies of the euro area countries),Italian lira,1981-05-12,1260.72,,
ESTAT:ERT_H_EUR_D(1.0),08/01/26 11:00:00,Daily,Average,National currency (former currencies of the euro area countries),Italian lira,1981-05-13,1261.56,,
ESTAT:ERT_H_EUR_D(1.0),08/01/26 11:00:00,Daily,Average,National currency (former currencies of the euro area countries),Italian lira,1981-05-14,1260.44,,
ESTAT:ERT_H_EUR_D(1.0),08/01/26 11:00:00,Daily,Average,National currency (former currencies of the euro area countries),Italian lira,1981-05-15,1260.41,,
ESTAT:ERT_H_EUR_D(1.0),08/01/26 11:00:00,Daily,Average,National currency (former currencies of the euro area countries),Italian lira,1981-05-18,1263.87,,
ESTAT:ERT_H_EUR_D(1.0),08/01/26 11:00:00,Daily,Average,National currency (former currencies of the euro area countries),Italian lira,1981-05-19,1262.45,,
ESTAT:ERT_H_EUR_D(1.0),08/01/26 11:00:00,Daily,Average,National currency (former currencies of the euro area countries),Italian lira,1981-05-20,1262.62,,
ESTAT:ERT_H_EUR_D(1.0),08/01/26 11:00:00,Daily,Average,National currency (former currencies of the euro area countries),Italian lira,1981-05-21,1258.16,,
ESTAT:ERT_H_EUR_D(1.0),08/01/26 11:00:00,Daily,Average,National currency (former currencies of the euro area countries),Italian lira,1981-05-22,1258.26,,
ESTAT:ERT_H_EUR_D(1.0),08/01/26 11:00:00,Daily,Average,National currency (former currencies of the euro area countries),Italian lira,1981-05-25,1260.08,,
ESTAT:ERT_H_EUR_D(1.0),08/01/26 11:00:00,Daily,Average,National currency (former currencies of the euro area countries),Italian lira,1981-05-26,1260.89,,
ESTAT:ERT_H_EUR_D(1.0),08/01/26 11:00:00,Daily,Average,National currency (former currencies of the euro area countries),Italian lira,1981-05-27,1264.05,,
ESTAT:ERT_H_EUR_D(1.0),08/01/26 11:00:00,Daily,Average,National currency (former currencies of the euro area countries),Italian lira,1981-05-29,1265.55,,
ESTAT:ERT_H_EUR_D(1.0),08/01/26 11:00:00,Daily,Average,National currency (former currencies of the euro area countries),Italian lira,1981-06-01,1265.68,,
ESTAT:ERT_H_EUR_D(1.0),08/01/26 11:00:00,Daily,Average,National currency (former currencies of the euro area countries),Italian lira,1981-06-02,1263.63,,
ESTAT:ERT_H_EUR_D(1.0),08/01/26 11:00:00,Daily,Average,National currency (former currencies of the euro area countries),Italian lira,1981-06-03,1263.71,,
ESTAT:ERT_H_EUR_D(1.0),08/01/26 11:00:00,Daily,Average,National currency (former currencies of the euro area countries),Italian lira,1981-06-04,1261.14,,
ESTAT:ERT_H_EUR_D(1.0),08/01/26 11:00:00,Daily,Average,National currency (former currencies of the euro area countries),Italian lira,1981-06-05,1262.64,,
ESTAT:ERT_H_EUR_D(1.0),08/01/26 11:00:00,Daily,Average,National currency (former currencies of the euro area countries),Italian lira,1981-06-09,1261.55,,
ESTAT:ERT_H_EUR_D(1.0),08/01/26 11:00:00,Daily,Average,National currency (former currencies of the euro area countries),Italian lira,1981-06-10,1259.19,,
ESTAT:ERT_H_EUR_D(1.0),08/01/26 11:00:00,Daily,Average,National currency (former currencies of the euro area countries),Italian lira,1981-06-11,1261.48,,
ESTAT:ERT_H_EUR_D(1.0),08/01/26 11:00:00,Daily,Average,National currency (former currencies of the euro area countries),Italian lira,1981-06-12,1261.18,,
ESTAT:ERT_H_EUR_D(1.0),08/01/26 11:00:00,Daily,Average,National currency (former currencies of the euro area countries),Italian lira,1981-06-15,1261.26,,
ESTAT:ERT_H_EUR_D(1.0),08/01/26 11:00:00,Daily,Average,National currency (former currencies of the euro area countries),Italian lira,1981-06-16,1264.17,,
ESTAT:ERT_H_EUR_D(1.0),08/01/26 11:00:00,Daily,Average,National currency (former currencies of the euro area countries),Italian lira,1981-06-17,1263.17,,
ESTAT:ERT_H_EUR_D(1.0),08/01/26 11:00:00,Daily,Average,National currency (former currencies of the euro area countries),Italian lira,1981-06-18,1260.74,,
ESTAT:ERT_H_EUR_D(1.0),08/01/26 11:00:00,Daily,Average,National currency (former currencies of the euro area countries),Italian lira,1981-06-19,1260.27,,
ESTAT:ERT_H_EUR_D(1.0),08/01/26 11:00:00,Daily,Average,National currency (former currencies of the euro area countries),Italian lira,1981-06-22,1262.00,,
ESTAT:ERT_H_EUR_D(1.0),08/01/26 11:00:00,Daily,Average,National currency (former currencies of the euro area countries),Italian lira,1981-06-23,1260.29,,
ESTAT:ERT_H_EUR_D(1.0),08/01/26 11:00:00,Daily,Average,National currency (former currencies of the euro area countries),Italian lira,1981-06-24,1260.49,,
ESTAT:ERT_H_EUR_D(1.0),08/01/26 11:00:00,Daily,Average,National currency (former currencies of the euro area countries),Italian lira,1981-06-25,1260.31,,
ESTAT:ERT_H_EUR_D(1.0),08/01/26 11:00:00,Daily,Average,National currency (former currencies of the euro area countries),Italian lira,1981-06-26,1259.60,,
ESTAT:ERT_H_EUR_D(1.0),08/01/26 11:00:00,Daily,Average,National currency (former currencies of the euro area countries),Italian lira,1981-06-29,1257.74,,
ESTAT:ERT_H_EUR_D(1.0),08/01/26 11:00:00,Daily,Average,National currency (former currencies of the euro area countries),Italian lira,1981-06-30,1256.96,,
ESTAT:ERT_H_EUR_D(1.0),08/01/26 11:00:00,Daily,Average,National currency (former currencies of the euro area countries),Italian lira,1981-07-01,1256.32,,
ESTAT:ERT_H_EUR_D(1.0),08/01/26 11:00:00,Daily,Average,National currency (former currencies of the euro area countries),Italian lira,1981-07-02,1255.69,,
ESTAT:ERT_H_EUR_D(1.0),08/01/26 11:00:00,Daily,Average,National currency (former currencies of the euro area countries),Italian lira,1981-07-03,1256.29,,
ESTAT:ERT_H_EUR_D(1.0),08/01/26 11:00:00,Daily,Average,National currency (former currencies of the euro area countries),Italian lira,1981-07-06,1256.29,,
ESTAT:ERT_H_EUR_D(1.0),08/01/26 11:00:00,Daily,Average,National currency (former currencies of the euro area countries),Italian lira,1981-07-07,1260.21,,
ESTAT:ERT_H_EUR_D(1.0),08/01/26 11:00:00,Daily,Average,National currency (former currencies of the euro area countries),Italian lira,1981-07-08,1258.52,,
ESTAT:ERT_H_EUR_D(1.0),08/01/26 11:00:00,Daily,Average,National currency (former currencies of the euro area countries),Italian lira,1981-07-09,1259.29,,
ESTAT:ERT_H_EUR_D(1.0),08/01/26 11:00:00,Daily,Average,National currency (former currencies of the euro area countries),Italian lira,1981-07-10,1255.86,,
ESTAT:ERT_H_EUR_D(1.0),08/01/26 11:00:00,Daily,Average,National currency (former currencies of the euro area countries),Italian lira,1981-07-13,1258.14,,
ESTAT:ERT_H_EUR_D(1.0),08/01/26 11:00:00,Daily,Average,National currency (former currencies of the euro area countries),Italian lira,1981-07-14,1255.62,,
ESTAT:ERT_H_EUR_D(1.0),08/01/26 11:00:00,Daily,Average,National currency (former currencies of the euro area countries),Italian lira,1981-07-15,1255.64,,
ESTAT:ERT_H_EUR_D(1.0),08/01/26 11:00:00,Daily,Average,National currency (former currencies of the euro area countries),Italian lira,1981-07-16,1254.47,,
ESTAT:ERT_H_EUR_D(1.0),08/01/26 11:00:00,Daily,Average,National currency (former currencies of the euro area countries),Italian lira,1981-07-17,1255.06,,
ESTAT:ERT_H_EUR_D(1.0),08/01/26 11:00:00,Daily,Average,National currency (former currencies of the euro area countries),Italian lira,1981-07-20,1256.65,,
ESTAT:ERT_H_EUR_D(1.0),08/01/26 11:00:00,Daily,Average,National currency (former currencies of the euro area countries),Italian lira,1981-07-21,1251.64,,
ESTAT:ERT_H_EUR_D(1.0),08/01/26 11:00:00,Daily,Average,National currency (former currencies of the euro area countries),Italian lira,1981-07-22,1250.95,,
ESTAT:ERT_H_EUR_D(1.0),08/01/26 11:00:00,Daily,Average,National currency (former currencies of the euro area countries),Italian lira,1981-07-23,1252.36,,
ESTAT:ERT_H_EUR_D(1.0),08/01/26 11:00:00,Daily,Average,National currency (former currencies of the euro area countries),Italian lira,1981-07-24,1251.64,,
ESTAT:ERT_H_EUR_D(1.0),08/01/26 11:00:00,Daily,Average,National currency (former currencies of the euro area countries),Italian lira,1981-07-27,1254.69,,
ESTAT:ERT_H_EUR_D(1.0),08/01/26 11:00:00,Daily,Average,National currency (former currencies of the euro area countries),Italian lira,1981-07-28,1253.63,,
ESTAT:ERT_H_EUR_D(1.0),08/01/26 11:00:00,Daily,Average,National currency (former currencies of the euro area countries),Italian lira,1981-07-29,1254.25,,
ESTAT:ERT_H_EUR_D(1.0),08/01/26 11:00:00,Daily,Average,National currency (former currencies of the euro area countries),Italian lira,1981-07-30,1251.96,,
ESTAT:ERT_H_EUR_D(1.0),08/01/26 11:00:00,Daily,Average,National currency (former currencies of the euro area countries),Italian lira,1981-07-31,1252.43,,
ESTAT:ERT_H_EUR_D(1.0),08/01/26 11:00:00,Daily,Average,National currency (former currencies of the euro area countries),Italian lira,1981-08-03,1250.39,,
ESTAT:ERT_H_EUR_D(1.0),08/01/26 11:00:00,Daily,Average,National currency (former currencies of the euro area countries),Italian lira,1981-08-04,1248.40,,
ESTAT:ERT_H_EUR_D(1.0),08/01/26 11:00:00,Daily,Average,National currency (former currencies of the euro area countries),Italian lira,1981-08-05,1247.68,,
ESTAT:ERT_H_EUR_D(1.0),08/01/26 11:00:00,Daily,Average,National currency (former currencies of the euro area countries),Italian lira,1981-08-06,1244.26,,
ESTAT:ERT_H_EUR_D(1.0),08/01/26 11:00:00,Daily,Average,National currency (former currencies of the euro area countries),Italian lira,1981-08-07,1242.99,,
ESTAT:ERT_H_EUR_D(1.0),08/01/26 11:00:00,Daily,Average,National currency (former currencies of the euro area countries),Italian lira,1981-08-10,1242.52,,
ESTAT:ERT_H_EUR_D(1.0),08/01/26 11:00:00,Daily,Average,National currency (former currencies of the euro area countries),Italian lira,1981-08-11,1243.21,,
ESTAT:ERT_H_EUR_D(1.0),08/01/26 11:00:00,Daily,Average,National currency (former currencies of the euro area countries),Italian lira,1981-08-12,1248.18,,
ESTAT:ERT_H_EUR_D(1.0),08/01/26 11:00:00,Daily,Average,National currency (former currencies of the euro area countries),Italian lira,1981-08-13,1252.37,,
ESTAT:ERT_H_EUR_D(1.0),08/01/26 11:00:00,Daily,Average,National currency (former currencies of the euro area countries),Italian lira,1981-08-14,1250.89,,
ESTAT:ERT_H_EUR_D(1.0),08/01/26 11:00:00,Daily,Average,National currency (former currencies of the euro area countries),Italian lira,1981-08-17,1254.47,,
ESTAT:ERT_H_EUR_D(1.0),08/01/26 11:00:00,Daily,Average,National currency (former currencies of the euro area countries),Italian lira,1981-08-18,1257.32,,
ESTAT:ERT_H_EUR_D(1.0),08/01/26 11:00:00,Daily,Average,National currency (former currencies of the euro area countries),Italian lira,1981-08-19,1255.10,,
ESTAT:ERT_H_EUR_D(1.0),08/01/26 11:00:00,Daily,Average,National currency (former currencies of the euro area countries),Italian lira,1981-08-20,1257.81,,
ESTAT:ERT_H_EUR_D(1.0),08/01/26 11:00:00,Daily,Average,National currency (former currencies of the euro area countries),Italian lira,1981-08-21,1264.25,,
ESTAT:ERT_H_EUR_D(1.0),08/01/26 11:00:00,Daily,Average,National currency (former currencies of the euro area countries),Italian lira,1981-08-24,1263.10,,
ESTAT:ERT_H_EUR_D(1.0),08/01/26 11:00:00,Daily,Average,National currency (former currencies of the euro area countries),Italian lira,1981-08-25,1254.29,,
ESTAT:ERT_H_EUR_D(1.0),08/01/26 11:00:00,Daily,Average,National currency (former currencies of the euro area countries),Italian lira,1981-08-26,1255.14,,
ESTAT:ERT_H_EUR_D(1.0),08/01/26 11:00:00,Daily,Average,National currency (former currencies of the euro area countries),Italian lira,1981-08-27,1254.19,,
ESTAT:ERT_H_EUR_D(1.0),08/01/26 11:00:00,Daily,Average,National currency (former currencies of the euro area countries),Italian lira,1981-08-28,1258.49,,
ESTAT:ERT_H_EUR_D(1.0),08/01/26 11:00:00,Daily,Average,National currency (former currencies of the euro area countries),Italian lira,1981-08-31,1256.14,,
ESTAT:ERT_H_EUR_D(1.0),08/01/26 11:00:00,Daily,Average,National currency (former currencies of the euro area countries),Italian lira,1981-09-01,1256.35,,
ESTAT:ERT_H_EUR_D(1.0),08/01/26 11:00:00,Daily,Average,National currency (former currencies of the euro area countries),Italian lira,1981-09-02,1254.80,,
ESTAT:ERT_H_EUR_D(1.0),08/01/26 11:00:00,Daily,Average,National currency (former currencies of the euro area countries),Italian lira,1981-09-03,1255.58,,
ESTAT:ERT_H_EUR_D(1.0),08/01/26 11:00:00,Daily,Average,National currency (former currencies of the euro area countries),Italian lira,1981-09-04,1255.79,,
ESTAT:ERT_H_EUR_D(1.0),08/01/26 11:00:00,Daily,Average,National currency (former currencies of the euro area countries),Italian lira,1981-09-07,1253.56,,
ESTAT:ERT_H_EUR_D(1.0),08/01/26 11:00:00,Daily,Average,National currency (former currencies of the euro area countries),Italian lira,1981-09-08,1252.65,,
ESTAT:ERT_H_EUR_D(1.0),08/01/26 11:00:00,Daily,Average,National currency (former currencies of the euro area countries),Italian lira,1981-09-09,1249.72,,
ESTAT:ERT_H_EUR_D(1.0),08/01/26 11:00:00,Daily,Average,National currency (former currencies of the euro area countries),Italian lira,1981-09-10,1250.53,,
ESTAT:ERT_H_EUR_D(1.0),08/01/26 11:00:00,Daily,Average,National currency (former currencies of the euro area countries),Italian lira,1981-09-11,1254.10,,
ESTAT:ERT_H_EUR_D(1.0),08/01/26 11:00:00,Daily,Average,National currency (former currencies of the euro area countries),Italian lira,1981-09-14,1253.25,,
ESTAT:ERT_H_EUR_D(1.0),08/01/26 11:00:00,Daily,Average,National currency (former currencies of the euro area countries),Italian lira,1981-09-15,1256.12,,
ESTAT:ERT_H_EUR_D(1.0),08/01/26 11:00:00,Daily,Average,National currency (former currencies of the euro area countries),Italian lira,1981-09-16,1258.44,,
ESTAT:ERT_H_EUR_D(1.0),08/01/26 11:00:00,Daily,Average,National currency (former currencies of the euro area countries),Italian lira,1981-09-17,1257.89,,
ESTAT:ERT_H_EUR_D(1.0),08/01/26 11:00:00,Daily,Average,National currency (former currencies of the euro area countries),Italian lira,1981-09-18,1261.77,,
ESTAT:ERT_H_EUR_D(1.0),08/01/26 11:00:00,Daily,Average,National currency (former currencies of the euro area countries),Italian lira,1981-09-21,1255.60,,
ESTAT:ERT_H_EUR_D(1.0),08/01/26 11:00:00,Daily,Average,National currency (former currencies of the euro area countries),Italian lira,1981-09-22,1257.49,,
ESTAT:ERT_H_EUR_D(1.0),08/01/26 11:00:00,Daily,Average,National currency (former currencies of the euro area countries),Italian lira,1981-09-23,1255.14,,
ESTAT:ERT_H_EUR_D(1.0),08/01/26 11:00:00,Daily,Average,National currency (former currencies of the euro area countries),Italian lira,1981-09-24,1253.50,,
ESTAT:ERT_H_EUR_D(1.0),08/01/26 11:00:00,Daily,Average,National currency (former currencies of the euro area countries),Italian lira,1981-09-25,1251.51,,
ESTAT:ERT_H_EUR_D(1.0),08/01/26 11:00:00,Daily,Average,National currency (former currencies of the euro area countries),Italian lira,1981-09-28,1253.42,,
ESTAT:ERT_H_EUR_D(1.0),08/01/26 11:00:00,Daily,Average,National currency (former currencies of the euro area countries),Italian lira,1981-09-29,1254.29,,
ESTAT:ERT_H_EUR_D(1.0),08/01/26 11:00:00,Daily,Average,National currency (former currencies of the euro area countries),Italian lira,1981-09-30,1256.16,,
ESTAT:ERT_H_EUR_D(1.0),08/01/26 11:00:00,Daily,Average,National currency (former currencies of the euro area countries),Italian lira,1981-10-01,1265.30,,
ESTAT:ERT_H_EUR_D(1.0),08/01/26 11:00:00,Daily,Average,National currency (former currencies of the euro area countries),Italian lira,1981-10-02,1271.25,,
ESTAT:ERT_H_EUR_D(1.0),08/01/26 11:00:00,Daily,Average,National currency (former currencies of the euro area countries),Italian lira,1981-10-05,1291.60,,
ESTAT:ERT_H_EUR_D(1.0),08/01/26 11:00:00,Daily,Average,National currency (former currencies of the euro area countries),Italian lira,1981-10-06,1295.47,,
ESTAT:ERT_H_EUR_D(1.0),08/01/26 11:00:00,Daily,Average,National currency (former currencies of the euro area countries),Italian lira,1981-10-07,1299.73,,
ESTAT:ERT_H_EUR_D(1.0),08/01/26 11:00:00,Daily,Average,National currency (former currencies of the euro area countries),Italian lira,1981-10-08,1298.64,,
ESTAT:ERT_H_EUR_D(1.0),08/01/26 11:00:00,Daily,Average,National currency (former currencies of the euro area countries),Italian lira,1981-10-09,1300.61,,
ESTAT:ERT_H_EUR_D(1.0),08/01/26 11:00:00,Daily,Average,National currency (former currencies of the euro area countries),Italian lira,1981-10-12,1295.57,,
ESTAT:ERT_H_EUR_D(1.0),08/01/26 11:00:00,Daily,Average,National currency (former currencies of the euro area countries),Italian lira,1981-10-13,1301.26,,
ESTAT:ERT_H_EUR_D(1.0),08/01/26 11:00:00,Daily,Average,National currency (former currencies of the euro area countries),Italian lira,1981-10-14,1295.25,,
ESTAT:ERT_H_EUR_D(1.0),08/01/26 11:00:00,Daily,Average,National currency (former currencies of the euro area countries),Italian lira,1981-10-15,1297.94,,
ESTAT:ERT_H_EUR_D(1.0),08/01/26 11:00:00,Daily,Average,National currency (former currencies of the euro area countries),Italian lira,1981-10-16,1295.31,,
ESTAT:ERT_H_EUR_D(1.0),08/01/26 11:00:00,Daily,Average,National currency (former currencies of the euro area countries),Italian lira,1981-10-19,1296.38,,
ESTAT:ERT_H_EUR_D(1.0),08/01/26 11:00:00,Daily,Average,National currency (former currencies of the euro area countries),Italian lira,1981-10-20,1295.45,,
ESTAT:ERT_H_EUR_D(1.0),08/01/26 11:00:00,Daily,Average,National currency (former currencies of the euro area countries),Italian lira,1981-10-21,1293.91,,
ESTAT:ERT_H_EUR_D(1.0),08/01/26 11:00:00,Daily,Average,National currency (former currencies of the euro area countries),Italian lira,1981-10-22,1291.77,,
ESTAT:ERT_H_EUR_D(1.0),08/01/26 11:00:00,Daily,Average,National currency (former currencies of the euro area countries),Italian lira,1981-10-23,1292.88,,
ESTAT:ERT_H_EUR_D(1.0),08/01/26 11:00:00,Daily,Average,National currency (former currencies of the euro area countries),Italian lira,1981-10-26,1290.50,,
ESTAT:ERT_H_EUR_D(1.0),08/01/26 11:00:00,Daily,Average,National currency (former currencies of the euro area countries),Italian lira,1981-10-27,1294.21,,
ESTAT:ERT_H_EUR_D(1.0),08/01/26 11:00:00,Daily,Average,National currency (former currencies of the euro area countries),Italian lira,1981-10-28,1294.32,,
ESTAT:ERT_H_EUR_D(1.0),08/01/26 11:00:00,Daily,Average,National currency (former currencies of the euro area countries),Italian lira,1981-10-29,1299.88,,
ESTAT:ERT_H_EUR_D(1.0),08/01/26 11:00:00,Daily,Average,National currency (former currencies of the euro area countries),Italian lira,1981-10-30,1299.75,,
ESTAT:ERT_H_EUR_D(1.0),08/01/26 11:00:00,Daily,Average,National currency (former currencies of the euro area countries),Italian lira,1981-11-02,1301.22,,
ESTAT:ERT_H_EUR_D(1.0),08/01/26 11:00:00,Daily,Average,National currency (former currencies of the euro area countries),Italian lira,1981-11-03,1303.01,,
ESTAT:ERT_H_EUR_D(1.0),08/01/26 11:00:00,Daily,Average,National currency (former currencies of the euro area countries),Italian lira,1981-11-04,1300.08,,
ESTAT:ERT_H_EUR_D(1.0),08/01/26 11:00:00,Daily,Average,National currency (former currencies of the euro area countries),Italian lira,1981-11-05,1299.76,,
ESTAT:ERT_H_EUR_D(1.0),08/01/26 11:00:00,Daily,Average,National currency (former currencies of the euro area countries),Italian lira,1981-11-06,1301.67,,
ESTAT:ERT_H_EUR_D(1.0),08/01/26 11:00:00,Daily,Average,National currency (former currencies of the euro area countries),Italian lira,1981-11-09,1301.55,,
ESTAT:ERT_H_EUR_D(1.0),08/01/26 11:00:00,Daily,Average,National currency (former currencies of the euro area countries),Italian lira,1981-11-10,1302.18,,
ESTAT:ERT_H_EUR_D(1.0),08/01/26 11:00:00,Daily,Average,National currency (former currencies of the euro area countries),Italian lira,1981-11-11,1302.50,,
ESTAT:ERT_H_EUR_D(1.0),08/01/26 11:00:00,Daily,Average,National currency (former currencies of the euro area countries),Italian lira,1981-11-12,1303.84,,
ESTAT:ERT_H_EUR_D(1.0),08/01/26 11:00:00,Daily,Average,National currency (former currencies of the euro area countries),Italian lira,1981-11-13,1307.12,,
ESTAT:ERT_H_EUR_D(1.0),08/01/26 11:00:00,Daily,Average,National currency (former currencies of the euro area countries),Italian lira,1981-11-16,1309.12,,
ESTAT:ERT_H_EUR_D(1.0),08/01/26 11:00:00,Daily,Average,National currency (former currencies of the euro area countries),Italian lira,1981-11-17,1305.63,,
ESTAT:ERT_H_EUR_D(1.0),08/01/26 11:00:00,Daily,Average,National currency (former currencies of the euro area countries),Italian lira,1981-11-18,1305.61,,
ESTAT:ERT_H_EUR_D(1.0),08/01/26 11:00:00,Daily,Average,National currency (former currencies of the euro area countries),Italian lira,1981-11-19,1307.43,,
ESTAT:ERT_H_EUR_D(1.0),08/01/26 11:00:00,Daily,Average,National currency (former currencies of the euro area countries),Italian lira,1981-11-20,1306.45,,
ESTAT:ERT_H_EUR_D(1.0),08/01/26 11:00:00,Daily,Average,National currency (former currencies of the euro area countries),Italian lira,1981-11-23,1306.89,,
ESTAT:ERT_H_EUR_D(1.0),08/01/26 11:00:00,Daily,Average,National currency (former currencies of the euro area countries),Italian lira,1981-11-24,1309.45,,
ESTAT:ERT_H_EUR_D(1.0),08/01/26 11:00:00,Daily,Average,National currency (former currencies of the euro area countries),Italian lira,1981-11-25,1314.00,,
ESTAT:ERT_H_EUR_D(1.0),08/01/26 11:00:00,Daily,Average,National currency (former currencies of the euro area countries),Italian lira,1981-11-26,1314.14,,
ESTAT:ERT_H_EUR_D(1.0),08/01/26 11:00:00,Daily,Average,National currency (former currencies of the euro area countries),Italian lira,1981-11-27,1315.05,,
ESTAT:ERT_H_EUR_D(1.0),08/01/26 11:00:00,Daily,Average,National currency (former currencies of the euro area countries),Italian lira,1981-11-30,1317.08,,
ESTAT:ERT_H_EUR_D(1.0),08/01/26 11:00:00,Daily,Average,National currency (former currencies of the euro area countries),Italian lira,1981-12-01,1314.22,,
ESTAT:ERT_H_EUR_D(1.0),08/01/26 11:00:00,Daily,Average,National currency (former currencies of the euro area countries),Italian lira,1981-12-02,1312.65,,
ESTAT:ERT_H_EUR_D(1.0),08/01/26 11:00:00,Daily,Average,National currency (former currencies of the euro area countries),Italian lira,1981-12-03,1314.33,,
ESTAT:ERT_H_EUR_D(1.0),08/01/26 11:00:00,Daily,Average,National currency (former currencies of the euro area countries),Italian lira,1981-12-04,1315.42,,
ESTAT:ERT_H_EUR_D(1.0),08/01/26 11:00:00,Daily,Average,National currency (former currencies of the euro area countries),Italian lira,1981-12-07,1314.83,,
ESTAT:ERT_H_EUR_D(1.0),08/01/26 11:00:00,Daily,Average,National currency (former currencies of the euro area countries),Italian lira,1981-12-08,1311.61,,
ESTAT:ERT_H_EUR_D(1.0),08/01/26 11:00:00,Daily,Average,National currency (former currencies of the euro area countries),Italian lira,1981-12-09,1313.78,,
ESTAT:ERT_H_EUR_D(1.0),08/01/26 11:00:00,Daily,Average,National currency (former currencies of the euro area countries),Italian lira,1981-12-10,1308.83,,
ESTAT:ERT_H_EUR_D(1.0),08/01/26 11:00:00,Daily,Average,National currency (former currencies of the euro area countries),Italian lira,1981-12-11,1303.10,,
ESTAT:ERT_H_EUR_D(1.0),08/01/26 11:00:00,Daily,Average,National currency (former currencies of the euro area countries),Italian lira,1981-12-14,1302.03,,
ESTAT:ERT_H_EUR_D(1.0),08/01/26 11:00:00,Daily,Average,National currency (former currencies of the euro area countries),Italian lira,1981-12-15,1309.03,,
ESTAT:ERT_H_EUR_D(1.0),08/01/26 11:00:00,Daily,Average,National currency (former currencies of the euro area countries),Italian lira,1981-12-16,1304.78,,
ESTAT:ERT_H_EUR_D(1.0),08/01/26 11:00:00,Daily,Average,National currency (former currencies of the euro area countries),Italian lira,1981-12-17,1307.35,,
ESTAT:ERT_H_EUR_D(1.0),08/01/26 11:00:00,Daily,Average,National currency (former currencies of the euro area countries),Italian lira,1981-12-18,1305.31,,
ESTAT:ERT_H_EUR_D(1.0),08/01/26 11:00:00,Daily,Average,National currency (former currencies of the euro area countries),Italian lira,1981-12-21,1305.04,,
ESTAT:ERT_H_EUR_D(1.0),08/01/26 11:00:00,Daily,Average,National currency (former currencies of the euro area countries),Italian lira,1981-12-22,1304.46,,
ESTAT:ERT_H_EUR_D(1.0),08/01/26 11:00:00,Daily,Average,National currency (former currencies of the euro area countries),Italian lira,1981-12-23,1302.87,,
ESTAT:ERT_H_EUR_D(1.0),08/01/26 11:00:00,Daily,Average,National currency (former currencies of the euro area countries),Italian lira,1981-12-28,1305.00,,
ESTAT:ERT_H_EUR_D(1.0),08/01/26 11:00:00,Daily,Average,National currency (former currencies of the euro area countries),Italian lira,1981-12-29,1303.66,,
ESTAT:ERT_H_EUR_D(1.0),08/01/26 11:00:00,Daily,Average,National currency (former currencies of the euro area countries),Italian lira,1981-12-30,1304.61,,
ESTAT:ERT_H_EUR_D(1.0),08/01/26 11:00:00,Daily,Average,National currency (former currencies of the euro area countries),Italian lira,1981-12-31,1303.57,,
ESTAT:ERT_H_EUR_D(1.0),08/01/26 11:00:00,Daily,Average,National currency (former currencies of the euro area countries),Italian lira,1982-01-04,1306.44,,
ESTAT:ERT_H_EUR_D(1.0),08/01/26 11:00:00,Daily,Average,National currency (former currencies of the euro area countries),Italian lira,1982-01-05,1306.62,,
ESTAT:ERT_H_EUR_D(1.0),08/01/26 11:00:00,Daily,Average,National currency (former currencies of the euro area countries),Italian lira,1982-01-06,1308.39,,
ESTAT:ERT_H_EUR_D(1.0),08/01/26 11:00:00,Daily,Average,National currency (former currencies of the euro area countries),Italian lira,1982-01-07,1308.45,,
ESTAT:ERT_H_EUR_D(1.0),08/01/26 11:00:00,Daily,Average,National currency (former currencies of the euro area countries),Italian lira,1982-01-08,1308.43,,
ESTAT:ERT_H_EUR_D(1.0),08/01/26 11:00:00,Daily,Average,National currency (former currencies of the euro area countries),Italian lira,1982-01-11,1307.06,,
ESTAT:ERT_H_EUR_D(1.0),08/01/26 11:00:00,Daily,Average,National currency (former currencies of the euro area countries),Italian lira,1982-01-12,1309.73,,
ESTAT:ERT_H_EUR_D(1.0),08/01/26 11:00:00,Daily,Average,National currency (former currencies of the euro area countries),Italian lira,1982-01-13,1307.80,,
ESTAT:ERT_H_EUR_D(1.0),08/01/26 11:00:00,Daily,Average,National currency (former currencies of the euro area countries),Italian lira,1982-01-14,1307.68,,
ESTAT:ERT_H_EUR_D(1.0),08/01/26 11:00:00,Daily,Average,National currency (former currencies of the euro area countries),Italian lira,1982-01-15,1309.62,,
ESTAT:ERT_H_EUR_D(1.0),08/01/26 11:00:00,Daily,Average,National currency (former currencies of the euro area countries),Italian lira,1982-01-18,1307.28,,
ESTAT:ERT_H_EUR_D(1.0),08/01/26 11:00:00,Daily,Average,National currency (former currencies of the euro area countries),Italian lira,1982-01-19,1309.13,,
ESTAT:ERT_H_EUR_D(1.0),08/01/26 11:00:00,Daily,Average,National currency (former currencies of the euro area countries),Italian lira,1982-01-20,1309.10,,
ESTAT:ERT_H_EUR_D(1.0),08/01/26 11:00:00,Daily,Average,National currency (former currencies of the euro area countries),Italian lira,1982-01-21,1311.28,,
ESTAT:ERT_H_EUR_D(1.0),08/01/26 11:00:00,Daily,Average,National currency (former currencies of the euro area countries),Italian lira,1982-01-22,1309.71,,
ESTAT:ERT_H_EUR_D(1.0),08/01/26 11:00:00,Daily,Average,National currency (former currencies of the euro area countries),Italian lira,1982-01-25,1309.25,,
ESTAT:ERT_H_EUR_D(1.0),08/01/26 11:00:00,Daily,Average,National currency (former currencies of the euro area countries),Italian lira,1982-01-26,1308.25,,
ESTAT:ERT_H_EUR_D(1.0),08/01/26 11:00:00,Daily,Average,National currency (former currencies of the euro area countries),Italian lira,1982-01-27,1310.20,,
ESTAT:ERT_H_EUR_D(1.0),08/01/26 11:00:00,Daily,Average,National currency (former currencies of the euro area countries),Italian lira,1982-01-28,1311.76,,
ESTAT:ERT_H_EUR_D(1.0),08/01/26 11:00:00,Daily,Average,National currency (former currencies of the euro area countries),Italian lira,1982-01-29,1311.46,,
ESTAT:ERT_H_EUR_D(1.0),08/01/26 11:00:00,Daily,Average,National currency (former currencies of the euro area countries),Italian lira,1982-02-01,1309.33,,
ESTAT:ERT_H_EUR_D(1.0),08/01/26 11:00:00,Daily,Average,National currency (former currencies of the euro area countries),Italian lira,1982-02-02,1310.11,,
ESTAT:ERT_H_EUR_D(1.0),08/01/26 11:00:00,Daily,Average,National currency (former currencies of the euro area countries),Italian lira,1982-02-03,1310.88,,
ESTAT:ERT_H_EUR_D(1.0),08/01/26 11:00:00,Daily,Average,National currency (former currencies of the euro area countries),Italian lira,1982-02-04,1309.13,,
ESTAT:ERT_H_EUR_D(1.0),08/01/26 11:00:00,Daily,Average,National currency (former currencies of the euro area countries),Italian lira,1982-02-05,1309.34,,
ESTAT:ERT_H_EUR_D(1.0),08/01/26 11:00:00,Daily,Average,National currency (former currencies of the euro area countries),Italian lira,1982-02-08,1309.01,,
ESTAT:ERT_H_EUR_D(1.0),08/01/26 11:00:00,Daily,Average,National currency (former currencies of the euro area countries),Italian lira,1982-02-09,1309.35,,
ESTAT:ERT_H_EUR_D(1.0),08/01/26 11:00:00,Daily,Average,National currency (former currencies of the euro area countries),Italian lira,1982-02-10,1308.96,,
ESTAT:ERT_H_EUR_D(1.0),08/01/26 11:00:00,Daily,Average,National currency (former currencies of the euro area countries),Italian lira,1982-02-11,1308.69,,
ESTAT:ERT_H_EUR_D(1.0),08/01/26 11:00:00,Daily,Average,National currency (former currencies of the euro area countries),Italian lira,1982-02-12,1305.97,,
ESTAT:ERT_H_EUR_D(1.0),08/01/26 11:00:00,Daily,Average,National currency (former currencies of the euro area countries),Italian lira,1982-02-15,1307.42,,
ESTAT:ERT_H_EUR_D(1.0),08/01/26 11:00:00,Daily,Average,National currency (former currencies of the euro area countries),Italian lira,1982-02-16,1305.70,,
ESTAT:ERT_H_EUR_D(1.0),08/01/26 11:00:00,Daily,Average,National currency (former currencies of the euro area countries),Italian lira,1982-02-17,1308.11,,
ESTAT:ERT_H_EUR_D(1.0),08/01/26 11:00:00,Daily,Average,National currency (former currencies of the euro area countries),Italian lira,1982-02-18,1308.91,,
ESTAT:ERT_H_EUR_D(1.0),08/01/26 11:00:00,Daily,Average,National currency (former currencies of the euro area countries),Italian lira,1982-02-19,1308.04,,
ESTAT:ERT_H_EUR_D(1.0),08/01/26 11:00:00,Daily,Average,National currency (former currencies of the euro area countries),Italian lira,1982-02-22,1302.14,,
ESTAT:ERT_H_EUR_D(1.0),08/01/26 11:00:00,Daily,Average,National currency (former currencies of the euro area countries),Italian lira,1982-02-23,1302.04,,
ESTAT:ERT_H_EUR_D(1.0),08/01/26 11:00:00,Daily,Average,National currency (former currencies of the euro area countries),Italian lira,1982-02-24,1300.92,,
ESTAT:ERT_H_EUR_D(1.0),08/01/26 11:00:00,Daily,Average,National currency (former currencies of the euro area countries),Italian lira,1982-02-25,1303.36,,
ESTAT:ERT_H_EUR_D(1.0),08/01/26 11:00:00,Daily,Average,National currency (former currencies of the euro area countries),Italian lira,1982-02-26,1302.77,,
ESTAT:ERT_H_EUR_D(1.0),08/01/26 11:00:00,Daily,Average,National currency (former currencies of the euro area countries),Italian lira,1982-03-01,1301.59,,
ESTAT:ERT_H_EUR_D(1.0),08/01/26 11:00:00,Daily,Average,National currency (former currencies of the euro area countries),Italian lira,1982-03-02,1302.64,,
ESTAT:ERT_H_EUR_D(1.0),08/01/26 11:00:00,Daily,Average,National currency (former currencies of the euro area countries),Italian lira,1982-03-03,1301.64,,
ESTAT:ERT_H_EUR_D(1.0),08/01/26 11:00:00,Daily,Average,National currency (former currencies of the euro area countries),Italian lira,1982-03-04,1303.24,,
ESTAT:ERT_H_EUR_D(1.0),08/01/26 11:00:00,Daily,Average,National currency (former currencies of the euro area countries),Italian lira,1982-03-05,1305.43,,
ESTAT:ERT_H_EUR_D(1.0),08/01/26 11:00:00,Daily,Average,National currency (former currencies of the euro area countries),Italian lira,1982-03-08,1302.42,,
ESTAT:ERT_H_EUR_D(1.0),08/01/26 11:00:00,Daily,Average,National currency (former currencies of the euro area countries),Italian lira,1982-03-09,1303.76,,
ESTAT:ERT_H_EUR_D(1.0),08/01/26 11:00:00,Daily,Average,National currency (former currencies of the euro area countries),Italian lira,1982-03-10,1302.41,,
ESTAT:ERT_H_EUR_D(1.0),08/01/26 11:00:00,Daily,Average,National currency (former currencies of the euro area countries),Italian lira,1982-03-11,1303.49,,
ESTAT:ERT_H_EUR_D(1.0),08/01/26 11:00:00,Daily,Average,National currency (former currencies of the euro area countries),Italian lira,1982-03-12,1304.21,,
ESTAT:ERT_H_EUR_D(1.0),08/01/26 11:00:00,Daily,Average,National currency (former currencies of the euro area countries),Italian lira,1982-03-15,1305.11,,
ESTAT:ERT_H_EUR_D(1.0),08/01/26 11:00:00,Daily,Average,National currency (former currencies of the euro area countries),Italian lira,1982-03-16,1305.84,,
ESTAT:ERT_H_EUR_D(1.0),08/01/26 11:00:00,Daily,Average,National currency (former currencies of the euro area countries),Italian lira,1982-03-17,1305.98,,
ESTAT:ERT_H_EUR_D(1.0),08/01/26 11:00:00,Daily,Average,National currency (former currencies of the euro area countries),Italian lira,1982-03-18,1310.66,,
ESTAT:ERT_H_EUR_D(1.0),08/01/26 11:00:00,Daily,Average,National currency (former currencies of the euro area countries),Italian lira,1982-03-19,1320.94,,
ESTAT:ERT_H_EUR_D(1.0),08/01/26 11:00:00,Daily,Average,National currency (former currencies of the euro area countries),Italian lira,1982-03-22,1319.53,,
ESTAT:ERT_H_EUR_D(1.0),08/01/26 11:00:00,Daily,Average,National currency (former currencies of the euro area countries),Italian lira,1982-03-23,1316.50,,
ESTAT:ERT_H_EUR_D(1.0),08/01/26 11:00:00,Daily,Average,National currency (former currencies of the euro area countries),Italian lira,1982-03-24,1315.44,,
ESTAT:ERT_H_EUR_D(1.0),08/01/26 11:00:00,Daily,Average,National currency (former currencies of the euro area countries),Italian lira,1982-03-25,1315.83,,
ESTAT:ERT_H_EUR_D(1.0),08/01/26 11:00:00,Daily,Average,National currency (former currencies of the euro area countries),Italian lira,1982-03-26,1315.47,,
ESTAT:ERT_H_EUR_D(1.0),08/01/26 11:00:00,Daily,Average,National currency (former currencies of the euro area countries),Italian lira,1982-03-29,1313.15,,
ESTAT:ERT_H_EUR_D(1.0),08/01/26 11:00:00,Daily,Average,National currency (former currencies of the euro area countries),Italian lira,1982-03-30,1313.71,,
ESTAT:ERT_H_EUR_D(1.0),08/01/26 11:00:00,Daily,Average,National currency (former currencies of the euro area countries),Italian lira,1982-03-31,1315.39,,
ESTAT:ERT_H_EUR_D(1.0),08/01/26 11:00:00,Daily,Average,National currency (former currencies of the euro area countries),Italian lira,1982-04-01,1316.69,,
ESTAT:ERT_H_EUR_D(1.0),08/01/26 11:00:00,Daily,Average,National currency (former currencies of the euro area countries),Italian lira,1982-04-02,1318.48,,
ESTAT:ERT_H_EUR_D(1.0),08/01/26 11:00:00,Daily,Average,National currency (former currencies of the euro area countries),Italian lira,1982-04-05,1315.65,,
ESTAT:ERT_H_EUR_D(1.0),08/01/26 11:00:00,Daily,Average,National currency (former currencies of the euro area countries),Italian lira,1982-04-06,1314.12,,
ESTAT:ERT_H_EUR_D(1.0),08/01/26 11:00:00,Daily,Average,National currency (former currencies of the euro area countries),Italian lira,1982-04-07,1315.52,,
ESTAT:ERT_H_EUR_D(1.0),08/01/26 11:00:00,Daily,Average,National currency (former currencies of the euro area countries),Italian lira,1982-04-08,1315.28,,
ESTAT:ERT_H_EUR_D(1.0),08/01/26 11:00:00,Daily,Average,National currency (former currencies of the euro area countries),Italian lira,1982-04-13,1316.47,,
ESTAT:ERT_H_EUR_D(1.0),08/01/26 11:00:00,Daily,Average,National currency (former currencies of the euro area countries),Italian lira,1982-04-14,1317.48,,
ESTAT:ERT_H_EUR_D(1.0),08/01/26 11:00:00,Daily,Average,National currency (former currencies of the euro area countries),Italian lira,1982-04-15,1316.61,,
ESTAT:ERT_H_EUR_D(1.0),08/01/26 11:00:00,Daily,Average,National currency (former currencies of the euro area countries),Italian lira,1982-04-16,1316.91,,
ESTAT:ERT_H_EUR_D(1.0),08/01/26 11:00:00,Daily,Average,National currency (former currencies of the euro area countries),Italian lira,1982-04-19,1316.01,,
ESTAT:ERT_H_EUR_D(1.0),08/01/26 11:00:00,Daily,Average,National currency (former currencies of the euro area countries),Italian lira,1982-04-20,1317.19,,
ESTAT:ERT_H_EUR_D(1.0),08/01/26 11:00:00,Daily,Average,National currency (former currencies of the euro area countries),Italian lira,1982-04-21,1317.54,,
ESTAT:ERT_H_EUR_D(1.0),08/01/26 11:00:00,Daily,Average,National currency (former currencies of the euro area countries),Italian lira,1982-04-22,1318.58,,
ESTAT:ERT_H_EUR_D(1.0),08/01/26 11:00:00,Daily,Average,National currency (former currencies of the euro area countries),Italian lira,1982-04-23,1318.35,,
ESTAT:ERT_H_EUR_D(1.0),08/01/26 11:00:00,Daily,Average,National currency (former currencies of the euro area countries),Italian lira,1982-04-26,1318.68,,
ESTAT:ERT_H_EUR_D(1.0),08/01/26 11:00:00,Daily,Average,National currency (former currencies of the euro area countries),Italian lira,1982-04-27,1319.98,,
ESTAT:ERT_H_EUR_D(1.0),08/01/26 11:00:00,Daily,Average,National currency (former currencies of the euro area countries),Italian lira,1982-04-28,1320.04,,
ESTAT:ERT_H_EUR_D(1.0),08/01/26 11:00:00,Daily,Average,National currency (former currencies of the euro area countries),Italian lira,1982-04-29,1319.65,,
ESTAT:ERT_H_EUR_D(1.0),08/01/26 11:00:00,Daily,Average,National currency (former currencies of the euro area countries),Italian lira,1982-04-30,1323.87,,
ESTAT:ERT_H_EUR_D(1.0),08/01/26 11:00:00,Daily,Average,National currency (former currencies of the euro area countries),Italian lira,1982-05-03,1325.76,,
ESTAT:ERT_H_EUR_D(1.0),08/01/26 11:00:00,Daily,Average,National currency (former currencies of the euro area countries),Italian lira,1982-05-04,1325.12,,
ESTAT:ERT_H_EUR_D(1.0),08/01/26 11:00:00,Daily,Average,National currency (former currencies of the euro area countries),Italian lira,1982-05-05,1324.29,,
ESTAT:ERT_H_EUR_D(1.0),08/01/26 11:00:00,Daily,Average,National currency (former currencies of the euro area countries),Italian lira,1982-05-06,1325.45,,
ESTAT:ERT_H_EUR_D(1.0),08/01/26 11:00:00,Daily,Average,National currency (former currencies of the euro area countries),Italian lira,1982-05-07,1325.97,,
ESTAT:ERT_H_EUR_D(1.0),08/01/26 11:00:00,Daily,Average,National currency (former currencies of the euro area countries),Italian lira,1982-05-10,1326.44,,
ESTAT:ERT_H_EUR_D(1.0),08/01/26 11:00:00,Daily,Average,National currency (former currencies of the euro area countries),Italian lira,1982-05-11,1323.83,,
ESTAT:ERT_H_EUR_D(1.0),08/01/26 11:00:00,Daily,Average,National currency (former currencies of the euro area countries),Italian lira,1982-05-12,1324.20,,
ESTAT:ERT_H_EUR_D(1.0),08/01/26 11:00:00,Daily,Average,National currency (former currencies of the euro area countries),Italian lira,1982-05-13,1324.54,,
ESTAT:ERT_H_EUR_D(1.0),08/01/26 11:00:00,Daily,Average,National currency (former currencies of the euro area countries),Italian lira,1982-05-14,1324.90,,
ESTAT:ERT_H_EUR_D(1.0),08/01/26 11:00:00,Daily,Average,National currency (former currencies of the euro area countries),Italian lira,1982-05-17,1325.16,,
ESTAT:ERT_H_EUR_D(1.0),08/01/26 11:00:00,Daily,Average,National currency (former currencies of the euro area countries),Italian lira,1982-05-18,1323.10,,
ESTAT:ERT_H_EUR_D(1.0),08/01/26 11:00:00,Daily,Average,National currency (former currencies of the euro area countries),Italian lira,1982-05-19,1322.21,,
ESTAT:ERT_H_EUR_D(1.0),08/01/26 11:00:00,Daily,Average,National currency (former currencies of the euro area countries),Italian lira,1982-05-21,1321.56,,
ESTAT:ERT_H_EUR_D(1.0),08/01/26 11:00:00,Daily,Average,National currency (former currencies of the euro area countries),Italian lira,1982-05-24,1321.77,,
ESTAT:ERT_H_EUR_D(1.0),08/01/26 11:00:00,Daily,Average,National currency (former currencies of the euro area countries),Italian lira,1982-05-25,1319.87,,
ESTAT:ERT_H_EUR_D(1.0),08/01/26 11:00:00,Daily,Average,National currency (former currencies of the euro area countries),Italian lira,1982-05-26,1320.63,,
ESTAT:ERT_H_EUR_D(1.0),08/01/26 11:00:00,Daily,Average,National currency (former currencies of the euro area countries),Italian lira,1982-05-27,1321.65,,
ESTAT:ERT_H_EUR_D(1.0),08/01/26 11:00:00,Daily,Average,National currency (former currencies of the euro area countries),Italian lira,1982-05-28,1323.24,,
ESTAT:ERT_H_EUR_D(1.0),08/01/26 11:00:00,Daily,Average,National currency (former currencies of the euro area countries),Italian lira,1982-06-01,1323.60,,
ESTAT:ERT_H_EUR_D(1.0),08/01/26 11:00:00,Daily,Average,National currency (former currencies of the euro area countries),Italian lira,1982-06-02,1323.86,,
ESTAT:ERT_H_EUR_D(1.0),08/01/26 11:00:00,Daily,Average,National currency (former currencies of the euro area countries),Italian lira,1982-06-03,1324.15,,
ESTAT:ERT_H_EUR_D(1.0),08/01/26 11:00:00,Daily,Average,National currency (former currencies of the euro area countries),Italian lira,1982-06-04,1327.04,,
ESTAT:ERT_H_EUR_D(1.0),08/01/26 11:00:00,Daily,Average,National currency (former currencies of the euro area countries),Italian lira,1982-06-07,1323.60,,
ESTAT:ERT_H_EUR_D(1.0),08/01/26 11:00:00,Daily,Average,National currency (former currencies of the euro area countries),Italian lira,1982-06-08,1323.37,,
ESTAT:ERT_H_EUR_D(1.0),08/01/26 11:00:00,Daily,Average,National currency (former currencies of the euro area countries),Italian lira,1982-06-09,1320.52,,
ESTAT:ERT_H_EUR_D(1.0),08/01/26 11:00:00,Daily,Average,National currency (former currencies of the euro area countries),Italian lira,1982-06-10,1323.16,,
ESTAT:ERT_H_EUR_D(1.0),08/01/26 11:00:00,Daily,Average,National currency (former currencies of the euro area countries),Italian lira,1982-06-11,1323.63,,
ESTAT:ERT_H_EUR_D(1.0),08/01/26 11:00:00,Daily,Average,National currency (former currencies of the euro area countries),Italian lira,1982-06-14,1329.47,,
ESTAT:ERT_H_EUR_D(1.0),08/01/26 11:00:00,Daily,Average,National currency (former currencies of the euro area countries),Italian lira,1982-06-15,1326.73,,
ESTAT:ERT_H_EUR_D(1.0),08/01/26 11:00:00,Daily,Average,National currency (former currencies of the euro area countries),Italian lira,1982-06-16,1326.64,,
ESTAT:ERT_H_EUR_D(1.0),08/01/26 11:00:00,Daily,Average,National currency (former currencies of the euro area countries),Italian lira,1982-06-17,1326.46,,
ESTAT:ERT_H_EUR_D(1.0),08/01/26 11:00:00,Daily,Average,National currency (former currencies of the euro area countries),Italian lira,1982-06-18,1328.04,,
ESTAT:ERT_H_EUR_D(1.0),08/01/26 11:00:00,Daily,Average,National currency (former currencies of the euro area countries),Italian lira,1982-06-21,1329.04,,
ESTAT:ERT_H_EUR_D(1.0),08/01/26 11:00:00,Daily,Average,National currency (former currencies of the euro area countries),Italian lira,1982-06-22,1330.42,,
ESTAT:ERT_H_EUR_D(1.0),08/01/26 11:00:00,Daily,Average,National currency (former currencies of the euro area countries),Italian lira,1982-06-23,1331.37,,
ESTAT:ERT_H_EUR_D(1.0),08/01/26 11:00:00,Daily,Average,National currency (former currencies of the euro area countries),Italian lira,1982-06-24,1332.37,,
ESTAT:ERT_H_EUR_D(1.0),08/01/26 11:00:00,Daily,Average,National currency (former currencies of the euro area countries),Italian lira,1982-06-25,1329.59,,
ESTAT:ERT_H_EUR_D(1.0),08/01/26 11:00:00,Daily,Average,National currency (former currencies of the euro area countries),Italian lira,1982-06-28,1328.38,,
ESTAT:ERT_H_EUR_D(1.0),08/01/26 11:00:00,Daily,Average,National currency (former currencies of the euro area countries),Italian lira,1982-06-29,1330.07,,
ESTAT:ERT_H_EUR_D(1.0),08/01/26 11:00:00,Daily,Average,National currency (former currencies of the euro area countries),Italian lira,1982-06-30,1327.19,,
ESTAT:ERT_H_EUR_D(1.0),08/01/26 11:00:00,Daily,Average,National currency (former currencies of the euro area countries),Italian lira,1982-07-01,1327.87,,
ESTAT:ERT_H_EUR_D(1.0),08/01/26 11:00:00,Daily,Average,National currency (former currencies of the euro area countries),Italian lira,1982-07-02,1326.86,,
ESTAT:ERT_H_EUR_D(1.0),08/01/26 11:00:00,Daily,Average,National currency (former currencies of the euro area countries),Italian lira,1982-07-05,1327.40,,
ESTAT:ERT_H_EUR_D(1.0),08/01/26 11:00:00,Daily,Average,National currency (former currencies of the euro area countries),Italian lira,1982-07-06,1328.91,,
ESTAT:ERT_H_EUR_D(1.0),08/01/26 11:00:00,Daily,Average,National currency (former currencies of the euro area countries),Italian lira,1982-07-07,1325.16,,
ESTAT:ERT_H_EUR_D(1.0),08/01/26 11:00:00,Daily,Average,National currency (former currencies of the euro area countries),Italian lira,1982-07-08,1324.16,,
ESTAT:ERT_H_EUR_D(1.0),08/01/26 11:00:00,Daily,Average,National currency (former currencies of the euro area countries),Italian lira,1982-07-09,1323.40,,
ESTAT:ERT_H_EUR_D(1.0),08/01/26 11:00:00,Daily,Average,National currency (former currencies of the euro area countries),Italian lira,1982-07-12,1322.80,,
ESTAT:ERT_H_EUR_D(1.0),08/01/26 11:00:00,Daily,Average,National currency (former currencies of the euro area countries),Italian lira,1982-07-13,1323.13,,
ESTAT:ERT_H_EUR_D(1.0),08/01/26 11:00:00,Daily,Average,National currency (former currencies of the euro area countries),Italian lira,1982-07-14,1321.72,,
ESTAT:ERT_H_EUR_D(1.0),08/01/26 11:00:00,Daily,Average,National currency (former currencies of the euro area countries),Italian lira,1982-07-15,1321.05,,
ESTAT:ERT_H_EUR_D(1.0),08/01/26 11:00:00,Daily,Average,National currency (former currencies of the euro area countries),Italian lira,1982-07-16,1320.66,,
ESTAT:ERT_H_EUR_D(1.0),08/01/26 11:00:00,Daily,Average,National currency (former currencies of the euro area countries),Italian lira,1982-07-19,1323.21,,
ESTAT:ERT_H_EUR_D(1.0),08/01/26 11:00:00,Daily,Average,National currency (former currencies of the euro area countries),Italian lira,1982-07-20,1322.64,,
ESTAT:ERT_H_EUR_D(1.0),08/01/26 11:00:00,Daily,Average,National currency (former currencies of the euro area countries),Italian lira,1982-07-21,1324.61,,
ESTAT:ERT_H_EUR_D(1.0),08/01/26 11:00:00,Daily,Average,National currency (former currencies of the euro area countries),Italian lira,1982-07-22,1324.21,,
ESTAT:ERT_H_EUR_D(1.0),08/01/26 11:00:00,Daily,Average,National currency (former currencies of the euro area countries),Italian lira,1982-07-23,1324.82,,
ESTAT:ERT_H_EUR_D(1.0),08/01/26 11:00:00,Daily,Average,National currency (former currencies of the euro area countries),Italian lira,1982-07-26,1322.73,,
ESTAT:ERT_H_EUR_D(1.0),08/01/26 11:00:00,Daily,Average,National currency (former currencies of the euro area countries),Italian lira,1982-07-27,1320.29,,
ESTAT:ERT_H_EUR_D(1.0),08/01/26 11:00:00,Daily,Average,National currency (former currencies of the euro area countries),Italian lira,1982-07-28,1319.45,,
ESTAT:ERT_H_EUR_D(1.0),08/01/26 11:00:00,Daily,Average,National currency (former currencies of the euro area countries),Italian lira,1982-07-29,1321.51,,
ESTAT:ERT_H_EUR_D(1.0),08/01/26 11:00:00,Daily,Average,National currency (former currencies of the euro area countries),Italian lira,1982-07-30,1322.98,,
ESTAT:ERT_H_EUR_D(1.0),08/01/26 11:00:00,Daily,Average,National currency (former currencies of the euro area countries),Italian lira,1982-08-02,1323.86,,
ESTAT:ERT_H_EUR_D(1.0),08/01/26 11:00:00,Daily,Average,National currency (former currencies of the euro area countries),Italian lira,1982-08-03,1321.36,,
ESTAT:ERT_H_EUR_D(1.0),08/01/26 11:00:00,Daily,Average,National currency (former currencies of the euro area countries),Italian lira,1982-08-04,1321.04,,
ESTAT:ERT_H_EUR_D(1.0),08/01/26 11:00:00,Daily,Average,National currency (former currencies of the euro area countries),Italian lira,1982-08-05,1321.27,,
ESTAT:ERT_H_EUR_D(1.0),08/01/26 11:00:00,Daily,Average,National currency (former currencies of the euro area countries),Italian lira,1982-08-06,1320.00,,
ESTAT:ERT_H_EUR_D(1.0),08/01/26 11:00:00,Daily,Average,National currency (former currencies of the euro area countries),Italian lira,1982-08-09,1318.04,,
ESTAT:ERT_H_EUR_D(1.0),08/01/26 11:00:00,Daily,Average,National currency (former currencies of the euro area countries),Italian lira,1982-08-10,1319.98,,
ESTAT:ERT_H_EUR_D(1.0),08/01/26 11:00:00,Daily,Average,National currency (former currencies of the euro area countries),Italian lira,1982-08-11,1317.74,,
ESTAT:ERT_H_EUR_D(1.0),08/01/26 11:00:00,Daily,Average,National currency (former currencies of the euro area countries),Italian lira,1982-08-12,1317.98,,
ESTAT:ERT_H_EUR_D(1.0),08/01/26 11:00:00,Daily,Average,National currency (former currencies of the euro area countries),Italian lira,1982-08-13,1318.19,,
ESTAT:ERT_H_EUR_D(1.0),08/01/26 11:00:00,Daily,Average,National currency (former currencies of the euro area countries),Italian lira,1982-08-16,1319.45,,
ESTAT:ERT_H_EUR_D(1.0),08/01/26 11:00:00,Daily,Average,National currency (former currencies of the euro area countries),Italian lira,1982-08-17,1318.38,,
ESTAT:ERT_H_EUR_D(1.0),08/01/26 11:00:00,Daily,Average,National currency (former currencies of the euro area countries),Italian lira,1982-08-18,1322.63,,
ESTAT:ERT_H_EUR_D(1.0),08/01/26 11:00:00,Daily,Average,National currency (former currencies of the euro area countries),Italian lira,1982-08-19,1323.78,,
ESTAT:ERT_H_EUR_D(1.0),08/01/26 11:00:00,Daily,Average,National currency (former currencies of the euro area countries),Italian lira,1982-08-20,1328.44,,
ESTAT:ERT_H_EUR_D(1.0),08/01/26 11:00:00,Daily,Average,National currency (former currencies of the euro area countries),Italian lira,1982-08-23,1329.39,,
ESTAT:ERT_H_EUR_D(1.0),08/01/26 11:00:00,Daily,Average,National currency (former currencies of the euro area countries),Italian lira,1982-08-24,1330.58,,
ESTAT:ERT_H_EUR_D(1.0),08/01/26 11:00:00,Daily,Average,National currency (former currencies of the euro area countries),Italian lira,1982-08-25,1329.94,,
ESTAT:ERT_H_EUR_D(1.0),08/01/26 11:00:00,Daily,Average,National currency (former currencies of the euro area countries),Italian lira,1982-08-26,1331.10,,
ESTAT:ERT_H_EUR_D(1.0),08/01/26 11:00:00,Daily,Average,National currency (former currencies of the euro area countries),Italian lira,1982-08-27,1332.67,,
ESTAT:ERT_H_EUR_D(1.0),08/01/26 11:00:00,Daily,Average,National currency (former currencies of the euro area countries),Italian lira,1982-08-30,1331.39,,
ESTAT:ERT_H_EUR_D(1.0),08/01/26 11:00:00,Daily,Average,National currency (former currencies of the euro area countries),Italian lira,1982-08-31,1327.69,,
ESTAT:ERT_H_EUR_D(1.0),08/01/26 11:00:00,Daily,Average,National currency (former currencies of the euro area countries),Italian lira,1982-09-01,1329.54,,
ESTAT:ERT_H_EUR_D(1.0),08/01/26 11:00:00,Daily,Average,National currency (former currencies of the euro area countries),Italian lira,1982-09-02,1331.27,,
ESTAT:ERT_H_EUR_D(1.0),08/01/26 11:00:00,Daily,Average,National currency (former currencies of the euro area countries),Italian lira,1982-09-03,1327.30,,
ESTAT:ERT_H_EUR_D(1.0),08/01/26 11:00:00,Daily,Average,National currency (former currencies of the euro area countries),Italian lira,1982-09-06,1326.72,,
ESTAT:ERT_H_EUR_D(1.0),08/01/26 11:00:00,Daily,Average,National currency (former currencies of the euro area countries),Italian lira,1982-09-07,1327.65,,
ESTAT:ERT_H_EUR_D(1.0),08/01/26 11:00:00,Daily,Average,National currency (former currencies of the euro area countries),Italian lira,1982-09-08,1327.41,,
ESTAT:ERT_H_EUR_D(1.0),08/01/26 11:00:00,Daily,Average,National currency (former currencies of the euro area countries),Italian lira,1982-09-09,1327.83,,
ESTAT:ERT_H_EUR_D(1.0),08/01/26 11:00:00,Daily,Average,National currency (former currencies of the euro area countries),Italian lira,1982-09-10,1325.39,,
ESTAT:ERT_H_EUR_D(1.0),08/01/26 11:00:00,Daily,Average,National currency (former currencies of the euro area countries),Italian lira,1982-09-13,1324.79,,
ESTAT:ERT_H_EUR_D(1.0),08/01/26 11:00:00,Daily,Average,National currency (former currencies of the euro area countries),Italian lira,1982-09-14,1324.78,,
ESTAT:ERT_H_EUR_D(1.0),08/01/26 11:00:00,Daily,Average,National currency (former currencies of the euro area countries),Italian lira,1982-09-15,1326.27,,
ESTAT:ERT_H_EUR_D(1.0),08/01/26 11:00:00,Daily,Average,National currency (former currencies of the euro area countries),Italian lira,1982-09-16,1326.16,,
ESTAT:ERT_H_EUR_D(1.0),08/01/26 11:00:00,Daily,Average,National currency (former currencies of the euro area countries),Italian lira,1982-09-17,1324.50,,
ESTAT:ERT_H_EUR_D(1.0),08/01/26 11:00:00,Daily,Average,National currency (former currencies of the euro area countries),Italian lira,1982-09-20,1326.09,,
ESTAT:ERT_H_EUR_D(1.0),08/01/26 11:00:00,Daily,Average,National currency (former currencies of the euro area countries),Italian lira,1982-09-21,1325.13,,
ESTAT:ERT_H_EUR_D(1.0),08/01/26 11:00:00,Daily,Average,National currency (former currencies of the euro area countries),Italian lira,1982-09-22,1326.21,,
ESTAT:ERT_H_EUR_D(1.0),08/01/26 11:00:00,Daily,Average,National currency (former currencies of the euro area countries),Italian lira,1982-09-23,1326.08,,
ESTAT:ERT_H_EUR_D(1.0),08/01/26 11:00:00,Daily,Average,National currency (former currencies of the euro area countries),Italian lira,1982-09-24,1325.37,,
ESTAT:ERT_H_EUR_D(1.0),08/01/26 11:00:00,Daily,Average,National currency (former currencies of the euro area countries),Italian lira,1982-09-27,1324.19,,
ESTAT:ERT_H_EUR_D(1.0),08/01/26 11:00:00,Daily,Average,National currency (former currencies of the euro area countries),Italian lira,1982-09-28,1324.47,,
ESTAT:ERT_H_EUR_D(1.0),08/01/26 11:00:00,Daily,Average,National currency (former currencies of the euro area countries),Italian lira,1982-09-29,1324.73,,
ESTAT:ERT_H_EUR_D(1.0),08/01/26 11:00:00,Daily,Average,National currency (former currencies of the euro area countries),Italian lira,1982-09-30,1323.77,,
ESTAT:ERT_H_EUR_D(1.0),08/01/26 11:00:00,Daily,Average,National currency (former currencies of the euro area countries),Italian lira,1982-10-01,1323.87,,
ESTAT:ERT_H_EUR_D(1.0),08/01/26 11:00:00,Daily,Average,National currency (former currencies of the euro area countries),Italian lira,1982-10-04,1324.07,,
ESTAT:ERT_H_EUR_D(1.0),08/01/26 11:00:00,Daily,Average,National currency (former currencies of the euro area countries),Italian lira,1982-10-05,1325.23,,
ESTAT:ERT_H_EUR_D(1.0),08/01/26 11:00:00,Daily,Average,National currency (former currencies of the euro area countries),Italian lira,1982-10-06,1325.50,,
ESTAT:ERT_H_EUR_D(1.0),08/01/26 11:00:00,Daily,Average,National currency (former currencies of the euro area countries),Italian lira,1982-10-07,1330.32,,
ESTAT:ERT_H_EUR_D(1.0),08/01/26 11:00:00,Daily,Average,National currency (former currencies of the euro area countries),Italian lira,1982-10-08,1336.08,,
ESTAT:ERT_H_EUR_D(1.0),08/01/26 11:00:00,Daily,Average,National currency (former currencies of the euro area countries),Italian lira,1982-10-11,1338.31,,
ESTAT:ERT_H_EUR_D(1.0),08/01/26 11:00:00,Daily,Average,National currency (former currencies of the euro area countries),Italian lira,1982-10-12,1338.43,,
ESTAT:ERT_H_EUR_D(1.0),08/01/26 11:00:00,Daily,Average,National currency (former currencies of the euro area countries),Italian lira,1982-10-13,1337.13,,
ESTAT:ERT_H_EUR_D(1.0),08/01/26 11:00:00,Daily,Average,National currency (former currencies of the euro area countries),Italian lira,1982-10-14,1338.02,,
ESTAT:ERT_H_EUR_D(1.0),08/01/26 11:00:00,Daily,Average,National currency (former currencies of the euro area countries),Italian lira,1982-10-15,1340.09,,
ESTAT:ERT_H_EUR_D(1.0),08/01/26 11:00:00,Daily,Average,National currency (former currencies of the euro area countries),Italian lira,1982-10-18,1340.76,,
ESTAT:ERT_H_EUR_D(1.0),08/01/26 11:00:00,Daily,Average,National currency (former currencies of the euro area countries),Italian lira,1982-10-19,1344.48,,
ESTAT:ERT_H_EUR_D(1.0),08/01/26 11:00:00,Daily,Average,National currency (former currencies of the euro area countries),Italian lira,1982-10-20,1342.96,,
ESTAT:ERT_H_EUR_D(1.0),08/01/26 11:00:00,Daily,Average,National currency (former currencies of the euro area countries),Italian lira,1982-10-21,1342.98,,
ESTAT:ERT_H_EUR_D(1.0),08/01/26 11:00:00,Daily,Average,National currency (former currencies of the euro area countries),Italian lira,1982-10-22,1343.66,,
ESTAT:ERT_H_EUR_D(1.0),08/01/26 11:00:00,Daily,Average,National currency (former currencies of the euro area countries),Italian lira,1982-10-25,1342.67,,
ESTAT:ERT_H_EUR_D(1.0),08/01/26 11:00:00,Daily,Average,National currency (former currencies of the euro area countries),Italian lira,1982-10-26,1343.77,,
ESTAT:ERT_H_EUR_D(1.0),08/01/26 11:00:00,Daily,Average,National currency (former currencies of the euro area countries),Italian lira,1982-10-27,1344.10,,
ESTAT:ERT_H_EUR_D(1.0),08/01/26 11:00:00,Daily,Average,National currency (former currencies of the euro area countries),Italian lira,1982-10-28,1344.46,,
ESTAT:ERT_H_EUR_D(1.0),08/01/26 11:00:00,Daily,Average,National currency (former currencies of the euro area countries),Italian lira,1982-10-29,1348.26,,
ESTAT:ERT_H_EUR_D(1.0),08/01/26 11:00:00,Daily,Average,National currency (former currencies of the euro area countries),Italian lira,1982-11-01,1346.64,,
ESTAT:ERT_H_EUR_D(1.0),08/01/26 11:00:00,Daily,Average,National currency (former currencies of the euro area countries),Italian lira,1982-11-02,1348.24,,
ESTAT:ERT_H_EUR_D(1.0),08/01/26 11:00:00,Daily,Average,National currency (former currencies of the euro area countries),Italian lira,1982-11-03,1347.87,,
ESTAT:ERT_H_EUR_D(1.0),08/01/26 11:00:00,Daily,Average,National currency (former currencies of the euro area countries),Italian lira,1982-11-04,1348.78,,
ESTAT:ERT_H_EUR_D(1.0),08/01/26 11:00:00,Daily,Average,National currency (former currencies of the euro area countries),Italian lira,1982-11-05,1349.05,,
ESTAT:ERT_H_EUR_D(1.0),08/01/26 11:00:00,Daily,Average,National currency (former currencies of the euro area countries),Italian lira,1982-11-08,1348.67,,
ESTAT:ERT_H_EUR_D(1.0),08/01/26 11:00:00,Daily,Average,National currency (former currencies of the euro area countries),Italian lira,1982-11-09,1349.72,,
ESTAT:ERT_H_EUR_D(1.0),08/01/26 11:00:00,Daily,Average,National currency (former currencies of the euro area countries),Italian lira,1982-11-10,1350.51,,
ESTAT:ERT_H_EUR_D(1.0),08/01/26 11:00:00,Daily,Average,National currency (former currencies of the euro area countries),Italian lira,1982-11-11,1350.89,,
ESTAT:ERT_H_EUR_D(1.0),08/01/26 11:00:00,Daily,Average,National currency (former currencies of the euro area countries),Italian lira,1982-11-12,1349.80,,
ESTAT:ERT_H_EUR_D(1.0),08/01/26 11:00:00,Daily,Average,National currency (former currencies of the euro area countries),Italian lira,1982-11-15,1347.97,,
ESTAT:ERT_H_EUR_D(1.0),08/01/26 11:00:00,Daily,Average,National currency (former currencies of the euro area countries),Italian lira,1982-11-16,1347.41,,
ESTAT:ERT_H_EUR_D(1.0),08/01/26 11:00:00,Daily,Average,National currency (former currencies of the euro area countries),Italian lira,1982-11-17,1343.33,,
ESTAT:ERT_H_EUR_D(1.0),08/01/26 11:00:00,Daily,Average,National currency (former currencies of the euro area countries),Italian lira,1982-11-18,1343.28,,
ESTAT:ERT_H_EUR_D(1.0),08/01/26 11:00:00,Daily,Average,National currency (former currencies of the euro area countries),Italian lira,1982-11-19,1344.84,,
ESTAT:ERT_H_EUR_D(1.0),08/01/26 11:00:00,Daily,Average,National currency (former currencies of the euro area countries),Italian lira,1982-11-22,1340.36,,
ESTAT:ERT_H_EUR_D(1.0),08/01/26 11:00:00,Daily,Average,National currency (former currencies of the euro area countries),Italian lira,1982-11-23,1339.65,,
ESTAT:ERT_H_EUR_D(1.0),08/01/26 11:00:00,Daily,Average,National currency (former currencies of the euro area countries),Italian lira,1982-11-24,1340.54,,
ESTAT:ERT_H_EUR_D(1.0),08/01/26 11:00:00,Daily,Average,National currency (former currencies of the euro area countries),Italian lira,1982-11-25,1338.74,,
ESTAT:ERT_H_EUR_D(1.0),08/01/26 11:00:00,Daily,Average,National currency (former currencies of the euro area countries),Italian lira,1982-11-26,1340.45,,
ESTAT:ERT_H_EUR_D(1.0),08/01/26 11:00:00,Daily,Average,National currency (former currencies of the euro area countries),Italian lira,1982-11-29,1340.68,,
ESTAT:ERT_H_EUR_D(1.0),08/01/26 11:00:00,Daily,Average,National currency (former currencies of the euro area countries),Italian lira,1982-11-30,1338.76,,
ESTAT:ERT_H_EUR_D(1.0),08/01/26 11:00:00,Daily,Average,National currency (former currencies of the euro area countries),Italian lira,1982-12-01,1340.14,,
ESTAT:ERT_H_EUR_D(1.0),08/01/26 11:00:00,Daily,Average,National currency (former currencies of the euro area countries),Italian lira,1982-12-02,1340.19,,
ESTAT:ERT_H_EUR_D(1.0),08/01/26 11:00:00,Daily,Average,National currency (former currencies of the euro area countries),Italian lira,1982-12-03,1339.97,,
ESTAT:ERT_H_EUR_D(1.0),08/01/26 11:00:00,Daily,Average,National currency (former currencies of the euro area countries),Italian lira,1982-12-06,1336.75,,
ESTAT:ERT_H_EUR_D(1.0),08/01/26 11:00:00,Daily,Average,National currency (former currencies of the euro area countries),Italian lira,1982-12-07,1334.30,,
ESTAT:ERT_H_EUR_D(1.0),08/01/26 11:00:00,Daily,Average,National currency (former currencies of the euro area countries),Italian lira,1982-12-08,1336.22,,
ESTAT:ERT_H_EUR_D(1.0),08/01/26 11:00:00,Daily,Average,National currency (former currencies of the euro area countries),Italian lira,1982-12-09,1335.47,,
ESTAT:ERT_H_EUR_D(1.0),08/01/26 11:00:00,Daily,Average,National currency (former currencies of the euro area countries),Italian lira,1982-12-10,1336.97,,
ESTAT:ERT_H_EUR_D(1.0),08/01/26 11:00:00,Daily,Average,National currency (former currencies of the euro area countries),Italian lira,1982-12-13,1335.36,,
ESTAT:ERT_H_EUR_D(1.0),08/01/26 11:00:00,Daily,Average,National currency (former currencies of the euro area countries),Italian lira,1982-12-14,1336.00,,
ESTAT:ERT_H_EUR_D(1.0),08/01/26 11:00:00,Daily,Average,National currency (former currencies of the euro area countries),Italian lira,1982-12-15,1332.91,,
ESTAT:ERT_H_EUR_D(1.0),08/01/26 11:00:00,Daily,Average,National currency (former currencies of the euro area countries),Italian lira,1982-12-16,1337.96,,
ESTAT:ERT_H_EUR_D(1.0),08/01/26 11:00:00,Daily,Average,National currency (former currencies of the euro area countries),Italian lira,1982-12-17,1339.78,,
ESTAT:ERT_H_EUR_D(1.0),08/01/26 11:00:00,Daily,Average,National currency (former currencies of the euro area countries),Italian lira,1982-12-20,1333.85,,
ESTAT:ERT_H_EUR_D(1.0),08/01/26 11:00:00,Daily,Average,National currency (former currencies of the euro area countries),Italian lira,1982-12-21,1331.52,,
ESTAT:ERT_H_EUR_D(1.0),08/01/26 11:00:00,Daily,Average,National currency (former currencies of the euro area countries),Italian lira,1982-12-22,1329.12,,
ESTAT:ERT_H_EUR_D(1.0),08/01/26 11:00:00,Daily,Average,National currency (former currencies of the euro area countries),Italian lira,1982-12-23,1329.25,,
ESTAT:ERT_H_EUR_D(1.0),08/01/26 11:00:00,Daily,Average,National currency (former currencies of the euro area countries),Italian lira,1982-12-27,1329.32,,
ESTAT:ERT_H_EUR_D(1.0),08/01/26 11:00:00,Daily,Average,National currency (former currencies of the euro area countries),Italian lira,1982-12-28,1327.23,,
ESTAT:ERT_H_EUR_D(1.0),08/01/26 11:00:00,Daily,Average,National currency (former currencies of the euro area countries),Italian lira,1982-12-29,1324.90,,
ESTAT:ERT_H_EUR_D(1.0),08/01/26 11:00:00,Daily,Average,National currency (former currencies of the euro area countries),Italian lira,1982-12-30,1326.36,,
ESTAT:ERT_H_EUR_D(1.0),08/01/26 11:00:00,Daily,Average,National currency (former currencies of the euro area countries),Italian lira,1982-12-31,1325.70,,
ESTAT:ERT_H_EUR_D(1.0),08/01/26 11:00:00,Daily,Average,National currency (former currencies of the euro area countries),Italian lira,1983-01-03,1325.66,,
ESTAT:ERT_H_EUR_D(1.0),08/01/26 11:00:00,Daily,Average,National currency (former currencies of the euro area countries),Italian lira,1983-01-04,1325.68,,
ESTAT:ERT_H_EUR_D(1.0),08/01/26 11:00:00,Daily,Average,National currency (former currencies of the euro area countries),Italian lira,1983-01-05,1325.95,,
ESTAT:ERT_H_EUR_D(1.0),08/01/26 11:00:00,Daily,Average,National currency (former currencies of the euro area countries),Italian lira,1983-01-06,1324.77,,
ESTAT:ERT_H_EUR_D(1.0),08/01/26 11:00:00,Daily,Average,National currency (former currencies of the euro area countries),Italian lira,1983-01-07,1322.98,,
ESTAT:ERT_H_EUR_D(1.0),08/01/26 11:00:00,Daily,Average,National currency (former currencies of the euro area countries),Italian lira,1983-01-10,1320.55,,
ESTAT:ERT_H_EUR_D(1.0),08/01/26 11:00:00,Daily,Average,National currency (former currencies of the euro area countries),Italian lira,1983-01-11,1315.00,,
ESTAT:ERT_H_EUR_D(1.0),08/01/26 11:00:00,Daily,Average,National currency (former currencies of the euro area countries),Italian lira,1983-01-12,1315.50,,
ESTAT:ERT_H_EUR_D(1.0),08/01/26 11:00:00,Daily,Average,National currency (former currencies of the euro area countries),Italian lira,1983-01-13,1314.78,,
ESTAT:ERT_H_EUR_D(1.0),08/01/26 11:00:00,Daily,Average,National currency (former currencies of the euro area countries),Italian lira,1983-01-14,1317.14,,
ESTAT:ERT_H_EUR_D(1.0),08/01/26 11:00:00,Daily,Average,National currency (former currencies of the euro area countries),Italian lira,1983-01-17,1318.35,,
ESTAT:ERT_H_EUR_D(1.0),08/01/26 11:00:00,Daily,Average,National currency (former currencies of the euro area countries),Italian lira,1983-01-18,1320.12,,
ESTAT:ERT_H_EUR_D(1.0),08/01/26 11:00:00,Daily,Average,National currency (former currencies of the euro area countries),Italian lira,1983-01-19,1321.34,,
ESTAT:ERT_H_EUR_D(1.0),08/01/26 11:00:00,Daily,Average,National currency (former currencies of the euro area countries),Italian lira,1983-01-20,1320.99,,
ESTAT:ERT_H_EUR_D(1.0),08/01/26 11:00:00,Daily,Average,National currency (former currencies of the euro area countries),Italian lira,1983-01-21,1323.48,,
ESTAT:ERT_H_EUR_D(1.0),08/01/26 11:00:00,Daily,Average,National currency (former currencies of the euro area countries),Italian lira,1983-01-24,1321.77,,
ESTAT:ERT_H_EUR_D(1.0),08/01/26 11:00:00,Daily,Average,National currency (former currencies of the euro area countries),Italian lira,1983-01-25,1320.55,,
ESTAT:ERT_H_EUR_D(1.0),08/01/26 11:00:00,Daily,Average,National currency (former currencies of the euro area countries),Italian lira,1983-01-26,1321.07,,
ESTAT:ERT_H_EUR_D(1.0),08/01/26 11:00:00,Daily,Average,National currency (former currencies of the euro area countries),Italian lira,1983-01-27,1321.35,,
ESTAT:ERT_H_EUR_D(1.0),08/01/26 11:00:00,Daily,Average,National currency (former currencies of the euro area countries),Italian lira,1983-01-28,1322.91,,
ESTAT:ERT_H_EUR_D(1.0),08/01/26 11:00:00,Daily,Average,National currency (former currencies of the euro area countries),Italian lira,1983-01-31,1319.69,,
ESTAT:ERT_H_EUR_D(1.0),08/01/26 11:00:00,Daily,Average,National currency (former currencies of the euro area countries),Italian lira,1983-02-01,1319.04,,
ESTAT:ERT_H_EUR_D(1.0),08/01/26 11:00:00,Daily,Average,National currency (former currencies of the euro area countries),Italian lira,1983-02-02,1321.31,,
ESTAT:ERT_H_EUR_D(1.0),08/01/26 11:00:00,Daily,Average,National currency (former currencies of the euro area countries),Italian lira,1983-02-03,1319.89,,
ESTAT:ERT_H_EUR_D(1.0),08/01/26 11:00:00,Daily,Average,National currency (former currencies of the euro area countries),Italian lira,1983-02-04,1320.38,,
ESTAT:ERT_H_EUR_D(1.0),08/01/26 11:00:00,Daily,Average,National currency (former currencies of the euro area countries),Italian lira,1983-02-07,1321.30,,
ESTAT:ERT_H_EUR_D(1.0),08/01/26 11:00:00,Daily,Average,National currency (former currencies of the euro area countries),Italian lira,1983-02-08,1320.14,,
ESTAT:ERT_H_EUR_D(1.0),08/01/26 11:00:00,Daily,Average,National currency (former currencies of the euro area countries),Italian lira,1983-02-09,1319.96,,
ESTAT:ERT_H_EUR_D(1.0),08/01/26 11:00:00,Daily,Average,National currency (former currencies of the euro area countries),Italian lira,1983-02-10,1319.76,,
ESTAT:ERT_H_EUR_D(1.0),08/01/26 11:00:00,Daily,Average,National currency (former currencies of the euro area countries),Italian lira,1983-02-11,1319.13,,
ESTAT:ERT_H_EUR_D(1.0),08/01/26 11:00:00,Daily,Average,National currency (former currencies of the euro area countries),Italian lira,1983-02-14,1318.34,,
ESTAT:ERT_H_EUR_D(1.0),08/01/26 11:00:00,Daily,Average,National currency (former currencies of the euro area countries),Italian lira,1983-02-15,1318.75,,
ESTAT:ERT_H_EUR_D(1.0),08/01/26 11:00:00,Daily,Average,National currency (former currencies of the euro area countries),Italian lira,1983-02-16,1318.30,,
ESTAT:ERT_H_EUR_D(1.0),08/01/26 11:00:00,Daily,Average,National currency (former currencies of the euro area countries),Italian lira,1983-02-17,1319.63,,
ESTAT:ERT_H_EUR_D(1.0),08/01/26 11:00:00,Daily,Average,National currency (former currencies of the euro area countries),Italian lira,1983-02-18,1321.01,,
ESTAT:ERT_H_EUR_D(1.0),08/01/26 11:00:00,Daily,Average,National currency (former currencies of the euro area countries),Italian lira,1983-02-21,1319.62,,
ESTAT:ERT_H_EUR_D(1.0),08/01/26 11:00:00,Daily,Average,National currency (former currencies of the euro area countries),Italian lira,1983-02-22,1319.18,,
ESTAT:ERT_H_EUR_D(1.0),08/01/26 11:00:00,Daily,Average,National currency (former currencies of the euro area countries),Italian lira,1983-02-23,1317.19,,
ESTAT:ERT_H_EUR_D(1.0),08/01/26 11:00:00,Daily,Average,National currency (former currencies of the euro area countries),Italian lira,1983-02-24,1319.17,,
ESTAT:ERT_H_EUR_D(1.0),08/01/26 11:00:00,Daily,Average,National currency (former currencies of the euro area countries),Italian lira,1983-02-25,1320.36,,
ESTAT:ERT_H_EUR_D(1.0),08/01/26 11:00:00,Daily,Average,National currency (former currencies of the euro area countries),Italian lira,1983-02-28,1320.03,,
ESTAT:ERT_H_EUR_D(1.0),08/01/26 11:00:00,Daily,Average,National currency (former currencies of the euro area countries),Italian lira,1983-03-01,1320.65,,
ESTAT:ERT_H_EUR_D(1.0),08/01/26 11:00:00,Daily,Average,National currency (former currencies of the euro area countries),Italian lira,1983-03-02,1319.22,,
ESTAT:ERT_H_EUR_D(1.0),08/01/26 11:00:00,Daily,Average,National currency (former currencies of the euro area countries),Italian lira,1983-03-03,1320.92,,
ESTAT:ERT_H_EUR_D(1.0),08/01/26 11:00:00,Daily,Average,National currency (former currencies of the euro area countries),Italian lira,1983-03-04,1326.87,,
ESTAT:ERT_H_EUR_D(1.0),08/01/26 11:00:00,Daily,Average,National currency (former currencies of the euro area countries),Italian lira,1983-03-07,1335.37,,
ESTAT:ERT_H_EUR_D(1.0),08/01/26 11:00:00,Daily,Average,National currency (former currencies of the euro area countries),Italian lira,1983-03-08,1346.24,,
ESTAT:ERT_H_EUR_D(1.0),08/01/26 11:00:00,Daily,Average,National currency (former currencies of the euro area countries),Italian lira,1983-03-09,1346.90,,
ESTAT:ERT_H_EUR_D(1.0),08/01/26 11:00:00,Daily,Average,National currency (former currencies of the euro area countries),Italian lira,1983-03-10,1350.73,,
ESTAT:ERT_H_EUR_D(1.0),08/01/26 11:00:00,Daily,Average,National currency (former currencies of the euro area countries),Italian lira,1983-03-11,1352.30,,
ESTAT:ERT_H_EUR_D(1.0),08/01/26 11:00:00,Daily,Average,National currency (former currencies of the euro area countries),Italian lira,1983-03-14,1351.13,,
ESTAT:ERT_H_EUR_D(1.0),08/01/26 11:00:00,Daily,Average,National currency (former currencies of the euro area countries),Italian lira,1983-03-15,1348.70,,
ESTAT:ERT_H_EUR_D(1.0),08/01/26 11:00:00,Daily,Average,National currency (former currencies of the euro area countries),Italian lira,1983-03-16,1346.60,,
ESTAT:ERT_H_EUR_D(1.0),08/01/26 11:00:00,Daily,Average,National currency (former currencies of the euro area countries),Italian lira,1983-03-17,1352.98,,
ESTAT:ERT_H_EUR_D(1.0),08/01/26 11:00:00,Daily,Average,National currency (former currencies of the euro area countries),Italian lira,1983-03-18,1356.06,,
ESTAT:ERT_H_EUR_D(1.0),08/01/26 11:00:00,Daily,Average,National currency (former currencies of the euro area countries),Italian lira,1983-03-22,1341.25,,
ESTAT:ERT_H_EUR_D(1.0),08/01/26 11:00:00,Daily,Average,National currency (former currencies of the euro area countries),Italian lira,1983-03-23,1331.74,,
ESTAT:ERT_H_EUR_D(1.0),08/01/26 11:00:00,Daily,Average,National currency (former currencies of the euro area countries),Italian lira,1983-03-24,1336.56,,
ESTAT:ERT_H_EUR_D(1.0),08/01/26 11:00:00,Daily,Average,National currency (former currencies of the euro area countries),Italian lira,1983-03-25,1335.09,,
ESTAT:ERT_H_EUR_D(1.0),08/01/26 11:00:00,Daily,Average,National currency (former currencies of the euro area countries),Italian lira,1983-03-28,1334.52,,
ESTAT:ERT_H_EUR_D(1.0),08/01/26 11:00:00,Daily,Average,National currency (former currencies of the euro area countries),Italian lira,1983-03-29,1333.45,,
ESTAT:ERT_H_EUR_D(1.0),08/01/26 11:00:00,Daily,Average,National currency (former currencies of the euro area countries),Italian lira,1983-03-30,1333.99,,
ESTAT:ERT_H_EUR_D(1.0),08/01/26 11:00:00,Daily,Average,National currency (former currencies of the euro area countries),Italian lira,1983-03-31,1334.88,,
ESTAT:ERT_H_EUR_D(1.0),08/01/26 11:00:00,Daily,Average,National currency (former currencies of the euro area countries),Italian lira,1983-04-05,1337.20,,
ESTAT:ERT_H_EUR_D(1.0),08/01/26 11:00:00,Daily,Average,National currency (former currencies of the euro area countries),Italian lira,1983-04-06,1339.33,,
ESTAT:ERT_H_EUR_D(1.0),08/01/26 11:00:00,Daily,Average,National currency (former currencies of the euro area countries),Italian lira,1983-04-07,1339.85,,
ESTAT:ERT_H_EUR_D(1.0),08/01/26 11:00:00,Daily,Average,National currency (former currencies of the euro area countries),Italian lira,1983-04-08,1339.37,,
ESTAT:ERT_H_EUR_D(1.0),08/01/26 11:00:00,Daily,Average,National currency (former currencies of the euro area countries),Italian lira,1983-04-11,1340.24,,
ESTAT:ERT_H_EUR_D(1.0),08/01/26 11:00:00,Daily,Average,National currency (former currencies of the euro area countries),Italian lira,1983-04-12,1342.33,,
ESTAT:ERT_H_EUR_D(1.0),08/01/26 11:00:00,Daily,Average,National currency (former currencies of the euro area countries),Italian lira,1983-04-13,1343.76,,
ESTAT:ERT_H_EUR_D(1.0),08/01/26 11:00:00,Daily,Average,National currency (former currencies of the euro area countries),Italian lira,1983-04-14,1342.74,,
ESTAT:ERT_H_EUR_D(1.0),08/01/26 11:00:00,Daily,Average,National currency (former currencies of the euro area countries),Italian lira,1983-04-15,1344.34,,
ESTAT:ERT_H_EUR_D(1.0),08/01/26 11:00:00,Daily,Average,National currency (former currencies of the euro area countries),Italian lira,1983-04-18,1346.23,,
ESTAT:ERT_H_EUR_D(1.0),08/01/26 11:00:00,Daily,Average,National currency (former currencies of the euro area countries),Italian lira,1983-04-19,1347.51,,
ESTAT:ERT_H_EUR_D(1.0),08/01/26 11:00:00,Daily,Average,National currency (former currencies of the euro area countries),Italian lira,1983-04-20,1346.89,,
ESTAT:ERT_H_EUR_D(1.0),08/01/26 11:00:00,Daily,Average,National currency (former currencies of the euro area countries),Italian lira,1983-04-21,1345.78,,
ESTAT:ERT_H_EUR_D(1.0),08/01/26 11:00:00,Daily,Average,National currency (former currencies of the euro area countries),Italian lira,1983-04-22,1345.59,,
ESTAT:ERT_H_EUR_D(1.0),08/01/26 11:00:00,Daily,Average,National currency (former currencies of the euro area countries),Italian lira,1983-04-25,1346.28,,
ESTAT:ERT_H_EUR_D(1.0),08/01/26 11:00:00,Daily,Average,National currency (former currencies of the euro area countries),Italian lira,1983-04-26,1347.03,,
ESTAT:ERT_H_EUR_D(1.0),08/01/26 11:00:00,Daily,Average,National currency (former currencies of the euro area countries),Italian lira,1983-04-27,1347.25,,
ESTAT:ERT_H_EUR_D(1.0),08/01/26 11:00:00,Daily,Average,National currency (former currencies of the euro area countries),Italian lira,1983-04-28,1346.05,,
ESTAT:ERT_H_EUR_D(1.0),08/01/26 11:00:00,Daily,Average,National currency (former currencies of the euro area countries),Italian lira,1983-04-29,1345.89,,
ESTAT:ERT_H_EUR_D(1.0),08/01/26 11:00:00,Daily,Average,National currency (former currencies of the euro area countries),Italian lira,1983-05-02,1348.90,,
ESTAT:ERT_H_EUR_D(1.0),08/01/26 11:00:00,Daily,Average,National currency (former currencies of the euro area countries),Italian lira,1983-05-03,1350.22,,
ESTAT:ERT_H_EUR_D(1.0),08/01/26 11:00:00,Daily,Average,National currency (former currencies of the euro area countries),Italian lira,1983-05-04,1350.68,,
ESTAT:ERT_H_EUR_D(1.0),08/01/26 11:00:00,Daily,Average,National currency (former currencies of the euro area countries),Italian lira,1983-05-05,1348.32,,
ESTAT:ERT_H_EUR_D(1.0),08/01/26 11:00:00,Daily,Average,National currency (former currencies of the euro area countries),Italian lira,1983-05-06,1347.73,,
ESTAT:ERT_H_EUR_D(1.0),08/01/26 11:00:00,Daily,Average,National currency (former currencies of the euro area countries),Italian lira,1983-05-09,1349.29,,
ESTAT:ERT_H_EUR_D(1.0),08/01/26 11:00:00,Daily,Average,National currency (former currencies of the euro area countries),Italian lira,1983-05-10,1344.91,,
ESTAT:ERT_H_EUR_D(1.0),08/01/26 11:00:00,Daily,Average,National currency (former currencies of the euro area countries),Italian lira,1983-05-11,1347.47,,
ESTAT:ERT_H_EUR_D(1.0),08/01/26 11:00:00,Daily,Average,National currency (former currencies of the euro area countries),Italian lira,1983-05-13,1347.05,,
ESTAT:ERT_H_EUR_D(1.0),08/01/26 11:00:00,Daily,Average,National currency (former currencies of the euro area countries),Italian lira,1983-05-16,1347.03,,
ESTAT:ERT_H_EUR_D(1.0),08/01/26 11:00:00,Daily,Average,National currency (former currencies of the euro area countries),Italian lira,1983-05-17,1346.01,,
ESTAT:ERT_H_EUR_D(1.0),08/01/26 11:00:00,Daily,Average,National currency (former currencies of the euro area countries),Italian lira,1983-05-18,1346.89,,
ESTAT:ERT_H_EUR_D(1.0),08/01/26 11:00:00,Daily,Average,National currency (former currencies of the euro area countries),Italian lira,1983-05-19,1347.42,,
ESTAT:ERT_H_EUR_D(1.0),08/01/26 11:00:00,Daily,Average,National currency (former currencies of the euro area countries),Italian lira,1983-05-20,1347.48,,
ESTAT:ERT_H_EUR_D(1.0),08/01/26 11:00:00,Daily,Average,National currency (former currencies of the euro area countries),Italian lira,1983-05-24,1349.11,,
ESTAT:ERT_H_EUR_D(1.0),08/01/26 11:00:00,Daily,Average,National currency (former currencies of the euro area countries),Italian lira,1983-05-25,1349.91,,
ESTAT:ERT_H_EUR_D(1.0),08/01/26 11:00:00,Daily,Average,National currency (former currencies of the euro area countries),Italian lira,1983-05-26,1351.04,,
ESTAT:ERT_H_EUR_D(1.0),08/01/26 11:00:00,Daily,Average,National currency (former currencies of the euro area countries),Italian lira,1983-05-27,1353.15,,
ESTAT:ERT_H_EUR_D(1.0),08/01/26 11:00:00,Daily,Average,National currency (former currencies of the euro area countries),Italian lira,1983-05-30,1355.43,,
ESTAT:ERT_H_EUR_D(1.0),08/01/26 11:00:00,Daily,Average,National currency (former currencies of the euro area countries),Italian lira,1983-05-31,1355.59,,
ESTAT:ERT_H_EUR_D(1.0),08/01/26 11:00:00,Daily,Average,National currency (former currencies of the euro area countries),Italian lira,1983-06-01,1352.49,,
ESTAT:ERT_H_EUR_D(1.0),08/01/26 11:00:00,Daily,Average,National currency (former currencies of the euro area countries),Italian lira,1983-06-02,1354.99,,
ESTAT:ERT_H_EUR_D(1.0),08/01/26 11:00:00,Daily,Average,National currency (former currencies of the euro area countries),Italian lira,1983-06-03,1349.79,,
ESTAT:ERT_H_EUR_D(1.0),08/01/26 11:00:00,Daily,Average,National currency (former currencies of the euro area countries),Italian lira,1983-06-06,1353.44,,
ESTAT:ERT_H_EUR_D(1.0),08/01/26 11:00:00,Daily,Average,National currency (former currencies of the euro area countries),Italian lira,1983-06-07,1351.57,,
ESTAT:ERT_H_EUR_D(1.0),08/01/26 11:00:00,Daily,Average,National currency (former currencies of the euro area countries),Italian lira,1983-06-08,1352.07,,
ESTAT:ERT_H_EUR_D(1.0),08/01/26 11:00:00,Daily,Average,National currency (former currencies of the euro area countries),Italian lira,1983-06-09,1352.11,,
ESTAT:ERT_H_EUR_D(1.0),08/01/26 11:00:00,Daily,Average,National currency (former currencies of the euro area countries),Italian lira,1983-06-10,1351.63,,
ESTAT:ERT_H_EUR_D(1.0),08/01/26 11:00:00,Daily,Average,National currency (former currencies of the euro area countries),Italian lira,1983-06-13,1349.11,,
ESTAT:ERT_H_EUR_D(1.0),08/01/26 11:00:00,Daily,Average,National currency (former currencies of the euro area countries),Italian lira,1983-06-14,1346.41,,
ESTAT:ERT_H_EUR_D(1.0),08/01/26 11:00:00,Daily,Average,National currency (former currencies of the euro area countries),Italian lira,1983-06-15,1344.78,,
ESTAT:ERT_H_EUR_D(1.0),08/01/26 11:00:00,Daily,Average,National currency (former currencies of the euro area countries),Italian lira,1983-06-16,1347.58,,
ESTAT:ERT_H_EUR_D(1.0),08/01/26 11:00:00,Daily,Average,National currency (former currencies of the euro area countries),Italian lira,1983-06-17,1345.74,,
ESTAT:ERT_H_EUR_D(1.0),08/01/26 11:00:00,Daily,Average,National currency (former currencies of the euro area countries),Italian lira,1983-06-20,1346.13,,
ESTAT:ERT_H_EUR_D(1.0),08/01/26 11:00:00,Daily,Average,National currency (former currencies of the euro area countries),Italian lira,1983-06-21,1345.13,,
ESTAT:ERT_H_EUR_D(1.0),08/01/26 11:00:00,Daily,Average,National currency (former currencies of the euro area countries),Italian lira,1983-06-22,1343.88,,
ESTAT:ERT_H_EUR_D(1.0),08/01/26 11:00:00,Daily,Average,National currency (former currencies of the euro area countries),Italian lira,1983-06-23,1344.81,,
ESTAT:ERT_H_EUR_D(1.0),08/01/26 11:00:00,Daily,Average,National currency (former currencies of the euro area countries),Italian lira,1983-06-24,1345.79,,
ESTAT:ERT_H_EUR_D(1.0),08/01/26 11:00:00,Daily,Average,National currency (former currencies of the euro area countries),Italian lira,1983-06-27,1344.70,,
ESTAT:ERT_H_EUR_D(1.0),08/01/26 11:00:00,Daily,Average,National currency (former currencies of the euro area countries),Italian lira,1983-06-28,1347.67,,
ESTAT:ERT_H_EUR_D(1.0),08/01/26 11:00:00,Daily,Average,National currency (former currencies of the euro area countries),Italian lira,1983-06-29,1344.37,,
ESTAT:ERT_H_EUR_D(1.0),08/01/26 11:00:00,Daily,Average,National currency (former currencies of the euro area countries),Italian lira,1983-06-30,1344.79,,
ESTAT:ERT_H_EUR_D(1.0),08/01/26 11:00:00,Daily,Average,National currency (former currencies of the euro area countries),Italian lira,1983-07-01,1344.84,,
ESTAT:ERT_H_EUR_D(1.0),08/01/26 11:00:00,Daily,Average,National currency (former currencies of the euro area countries),Italian lira,1983-07-04,1345.34,,
ESTAT:ERT_H_EUR_D(1.0),08/01/26 11:00:00,Daily,Average,National currency (former currencies of the euro area countries),Italian lira,1983-07-05,1346.46,,
ESTAT:ERT_H_EUR_D(1.0),08/01/26 11:00:00,Daily,Average,National currency (former currencies of the euro area countries),Italian lira,1983-07-06,1346.98,,
ESTAT:ERT_H_EUR_D(1.0),08/01/26 11:00:00,Daily,Average,National currency (former currencies of the euro area countries),Italian lira,1983-07-07,1347.14,,
ESTAT:ERT_H_EUR_D(1.0),08/01/26 11:00:00,Daily,Average,National currency (former currencies of the euro area countries),Italian lira,1983-07-08,1346.34,,
ESTAT:ERT_H_EUR_D(1.0),08/01/26 11:00:00,Daily,Average,National currency (former currencies of the euro area countries),Italian lira,1983-07-11,1347.09,,
ESTAT:ERT_H_EUR_D(1.0),08/01/26 11:00:00,Daily,Average,National currency (former currencies of the euro area countries),Italian lira,1983-07-12,1345.98,,
ESTAT:ERT_H_EUR_D(1.0),08/01/26 11:00:00,Daily,Average,National currency (former currencies of the euro area countries),Italian lira,1983-07-13,1346.10,,
ESTAT:ERT_H_EUR_D(1.0),08/01/26 11:00:00,Daily,Average,National currency (former currencies of the euro area countries),Italian lira,1983-07-14,1345.32,,
ESTAT:ERT_H_EUR_D(1.0),08/01/26 11:00:00,Daily,Average,National currency (former currencies of the euro area countries),Italian lira,1983-07-15,1344.98,,
ESTAT:ERT_H_EUR_D(1.0),08/01/26 11:00:00,Daily,Average,National currency (former currencies of the euro area countries),Italian lira,1983-07-18,1346.12,,
ESTAT:ERT_H_EUR_D(1.0),08/01/26 11:00:00,Daily,Average,National currency (former currencies of the euro area countries),Italian lira,1983-07-19,1345.37,,
ESTAT:ERT_H_EUR_D(1.0),08/01/26 11:00:00,Daily,Average,National currency (former currencies of the euro area countries),Italian lira,1983-07-20,1344.37,,
ESTAT:ERT_H_EUR_D(1.0),08/01/26 11:00:00,Daily,Average,National currency (former currencies of the euro area countries),Italian lira,1983-07-21,1344.91,,
ESTAT:ERT_H_EUR_D(1.0),08/01/26 11:00:00,Daily,Average,National currency (former currencies of the euro area countries),Italian lira,1983-07-22,1345.74,,
ESTAT:ERT_H_EUR_D(1.0),08/01/26 11:00:00,Daily,Average,National currency (former currencies of the euro area countries),Italian lira,1983-07-25,1345.95,,
ESTAT:ERT_H_EUR_D(1.0),08/01/26 11:00:00,Daily,Average,National currency (former currencies of the euro area countries),Italian lira,1983-07-26,1346.86,,
ESTAT:ERT_H_EUR_D(1.0),08/01/26 11:00:00,Daily,Average,National currency (former currencies of the euro area countries),Italian lira,1983-07-27,1349.53,,
ESTAT:ERT_H_EUR_D(1.0),08/01/26 11:00:00,Daily,Average,National currency (former currencies of the euro area countries),Italian lira,1983-07-28,1350.24,,
ESTAT:ERT_H_EUR_D(1.0),08/01/26 11:00:00,Daily,Average,National currency (former currencies of the euro area countries),Italian lira,1983-07-29,1350.57,,
ESTAT:ERT_H_EUR_D(1.0),08/01/26 11:00:00,Daily,Average,National currency (former currencies of the euro area countries),Italian lira,1983-08-01,1349.47,,
ESTAT:ERT_H_EUR_D(1.0),08/01/26 11:00:00,Daily,Average,National currency (former currencies of the euro area countries),Italian lira,1983-08-02,1349.98,,
ESTAT:ERT_H_EUR_D(1.0),08/01/26 11:00:00,Daily,Average,National currency (former currencies of the euro area countries),Italian lira,1983-08-03,1348.10,,
ESTAT:ERT_H_EUR_D(1.0),08/01/26 11:00:00,Daily,Average,National currency (former currencies of the euro area countries),Italian lira,1983-08-04,1348.96,,
ESTAT:ERT_H_EUR_D(1.0),08/01/26 11:00:00,Daily,Average,National currency (former currencies of the euro area countries),Italian lira,1983-08-05,1347.37,,
ESTAT:ERT_H_EUR_D(1.0),08/01/26 11:00:00,Daily,Average,National currency (former currencies of the euro area countries),Italian lira,1983-08-08,1349.88,,
ESTAT:ERT_H_EUR_D(1.0),08/01/26 11:00:00,Daily,Average,National currency (former currencies of the euro area countries),Italian lira,1983-08-09,1350.86,,
ESTAT:ERT_H_EUR_D(1.0),08/01/26 11:00:00,Daily,Average,National currency (former currencies of the euro area countries),Italian lira,1983-08-10,1350.61,,
ESTAT:ERT_H_EUR_D(1.0),08/01/26 11:00:00,Daily,Average,National currency (former currencies of the euro area countries),Italian lira,1983-08-11,1351.64,,
ESTAT:ERT_H_EUR_D(1.0),08/01/26 11:00:00,Daily,Average,National currency (former currencies of the euro area countries),Italian lira,1983-08-12,1352.09,,
ESTAT:ERT_H_EUR_D(1.0),08/01/26 11:00:00,Daily,Average,National currency (former currencies of the euro area countries),Italian lira,1983-08-15,1350.93,,
ESTAT:ERT_H_EUR_D(1.0),08/01/26 11:00:00,Daily,Average,National currency (former currencies of the euro area countries),Italian lira,1983-08-16,1353.26,,
ESTAT:ERT_H_EUR_D(1.0),08/01/26 11:00:00,Daily,Average,National currency (former currencies of the euro area countries),Italian lira,1983-08-17,1353.85,,
ESTAT:ERT_H_EUR_D(1.0),08/01/26 11:00:00,Daily,Average,National currency (former currencies of the euro area countries),Italian lira,1983-08-18,1356.14,,
ESTAT:ERT_H_EUR_D(1.0),08/01/26 11:00:00,Daily,Average,National currency (former currencies of the euro area countries),Italian lira,1983-08-19,1359.00,,
ESTAT:ERT_H_EUR_D(1.0),08/01/26 11:00:00,Daily,Average,National currency (former currencies of the euro area countries),Italian lira,1983-08-22,1359.82,,
ESTAT:ERT_H_EUR_D(1.0),08/01/26 11:00:00,Daily,Average,National currency (former currencies of the euro area countries),Italian lira,1983-08-23,1359.37,,
ESTAT:ERT_H_EUR_D(1.0),08/01/26 11:00:00,Daily,Average,National currency (former currencies of the euro area countries),Italian lira,1983-08-24,1359.02,,
ESTAT:ERT_H_EUR_D(1.0),08/01/26 11:00:00,Daily,Average,National currency (former currencies of the euro area countries),Italian lira,1983-08-25,1358.09,,
ESTAT:ERT_H_EUR_D(1.0),08/01/26 11:00:00,Daily,Average,National currency (former currencies of the euro area countries),Italian lira,1983-08-26,1357.26,,
ESTAT:ERT_H_EUR_D(1.0),08/01/26 11:00:00,Daily,Average,National currency (former currencies of the euro area countries),Italian lira,1983-08-29,1358.81,,
ESTAT:ERT_H_EUR_D(1.0),08/01/26 11:00:00,Daily,Average,National currency (former currencies of the euro area countries),Italian lira,1983-08-30,1358.91,,
ESTAT:ERT_H_EUR_D(1.0),08/01/26 11:00:00,Daily,Average,National currency (former currencies of the euro area countries),Italian lira,1983-08-31,1359.53,,
ESTAT:ERT_H_EUR_D(1.0),08/01/26 11:00:00,Daily,Average,National currency (former currencies of the euro area countries),Italian lira,1983-09-01,1360.00,,
ESTAT:ERT_H_EUR_D(1.0),08/01/26 11:00:00,Daily,Average,National currency (former currencies of the euro area countries),Italian lira,1983-09-02,1359.34,,
ESTAT:ERT_H_EUR_D(1.0),08/01/26 11:00:00,Daily,Average,National currency (former currencies of the euro area countries),Italian lira,1983-09-05,1358.86,,
ESTAT:ERT_H_EUR_D(1.0),08/01/26 11:00:00,Daily,Average,National currency (former currencies of the euro area countries),Italian lira,1983-09-06,1359.15,,
ESTAT:ERT_H_EUR_D(1.0),08/01/26 11:00:00,Daily,Average,National currency (former currencies of the euro area countries),Italian lira,1983-09-07,1359.66,,
ESTAT:ERT_H_EUR_D(1.0),08/01/26 11:00:00,Daily,Average,National currency (former currencies of the euro area countries),Italian lira,1983-09-08,1357.65,,
ESTAT:ERT_H_EUR_D(1.0),08/01/26 11:00:00,Daily,Average,National currency (former currencies of the euro area countries),Italian lira,1983-09-09,1357.96,,
ESTAT:ERT_H_EUR_D(1.0),08/01/26 11:00:00,Daily,Average,National currency (former currencies of the euro area countries),Italian lira,1983-09-12,1358.87,,
ESTAT:ERT_H_EUR_D(1.0),08/01/26 11:00:00,Daily,Average,National currency (former currencies of the euro area countries),Italian lira,1983-09-13,1358.37,,
ESTAT:ERT_H_EUR_D(1.0),08/01/26 11:00:00,Daily,Average,National currency (former currencies of the euro area countries),Italian lira,1983-09-14,1359.56,,
ESTAT:ERT_H_EUR_D(1.0),08/01/26 11:00:00,Daily,Average,National currency (former currencies of the euro area countries),Italian lira,1983-09-15,1360.19,,
ESTAT:ERT_H_EUR_D(1.0),08/01/26 11:00:00,Daily,Average,National currency (former currencies of the euro area countries),Italian lira,1983-09-16,1361.19,,
ESTAT:ERT_H_EUR_D(1.0),08/01/26 11:00:00,Daily,Average,National currency (former currencies of the euro area countries),Italian lira,1983-09-19,1361.35,,
ESTAT:ERT_H_EUR_D(1.0),08/01/26 11:00:00,Daily,Average,National currency (former currencies of the euro area countries),Italian lira,1983-09-20,1364.88,,
ESTAT:ERT_H_EUR_D(1.0),08/01/26 11:00:00,Daily,Average,National currency (former currencies of the euro area countries),Italian lira,1983-09-21,1366.70,,
ESTAT:ERT_H_EUR_D(1.0),08/01/26 11:00:00,Daily,Average,National currency (former currencies of the euro area countries),Italian lira,1983-09-22,1368.61,,
ESTAT:ERT_H_EUR_D(1.0),08/01/26 11:00:00,Daily,Average,National currency (former currencies of the euro area countries),Italian lira,1983-09-23,1373.36,,
ESTAT:ERT_H_EUR_D(1.0),08/01/26 11:00:00,Daily,Average,National currency (former currencies of the euro area countries),Italian lira,1983-09-26,1373.04,,
ESTAT:ERT_H_EUR_D(1.0),08/01/26 11:00:00,Daily,Average,National currency (former currencies of the euro area countries),Italian lira,1983-09-27,1372.06,,
ESTAT:ERT_H_EUR_D(1.0),08/01/26 11:00:00,Daily,Average,National currency (former currencies of the euro area countries),Italian lira,1983-09-28,1371.01,,
ESTAT:ERT_H_EUR_D(1.0),08/01/26 11:00:00,Daily,Average,National currency (former currencies of the euro area countries),Italian lira,1983-09-29,1372.22,,
ESTAT:ERT_H_EUR_D(1.0),08/01/26 11:00:00,Daily,Average,National currency (former currencies of the euro area countries),Italian lira,1983-09-30,1370.27,,
ESTAT:ERT_H_EUR_D(1.0),08/01/26 11:00:00,Daily,Average,National currency (former currencies of the euro area countries),Italian lira,1983-10-03,1368.80,,
ESTAT:ERT_H_EUR_D(1.0),08/01/26 11:00:00,Daily,Average,National currency (former currencies of the euro area countries),Italian lira,1983-10-04,1367.40,,
ESTAT:ERT_H_EUR_D(1.0),08/01/26 11:00:00,Daily,Average,National currency (former currencies of the euro area countries),Italian lira,1983-10-05,1364.53,,
ESTAT:ERT_H_EUR_D(1.0),08/01/26 11:00:00,Daily,Average,National currency (former currencies of the euro area countries),Italian lira,1983-10-06,1366.24,,
ESTAT:ERT_H_EUR_D(1.0),08/01/26 11:00:00,Daily,Average,National currency (former currencies of the euro area countries),Italian lira,1983-10-07,1368.21,,
ESTAT:ERT_H_EUR_D(1.0),08/01/26 11:00:00,Daily,Average,National currency (former currencies of the euro area countries),Italian lira,1983-10-10,1371.91,,
ESTAT:ERT_H_EUR_D(1.0),08/01/26 11:00:00,Daily,Average,National currency (former currencies of the euro area countries),Italian lira,1983-10-11,1369.63,,
ESTAT:ERT_H_EUR_D(1.0),08/01/26 11:00:00,Daily,Average,National currency (former currencies of the euro area countries),Italian lira,1983-10-12,1370.08,,
ESTAT:ERT_H_EUR_D(1.0),08/01/26 11:00:00,Daily,Average,National currency (former currencies of the euro area countries),Italian lira,1983-10-13,1370.10,,
ESTAT:ERT_H_EUR_D(1.0),08/01/26 11:00:00,Daily,Average,National currency (former currencies of the euro area countries),Italian lira,1983-10-14,1370.09,,
ESTAT:ERT_H_EUR_D(1.0),08/01/26 11:00:00,Daily,Average,National currency (former currencies of the euro area countries),Italian lira,1983-10-17,1370.32,,
ESTAT:ERT_H_EUR_D(1.0),08/01/26 11:00:00,Daily,Average,National currency (former currencies of the euro area countries),Italian lira,1983-10-18,1369.87,,
ESTAT:ERT_H_EUR_D(1.0),08/01/26 11:00:00,Daily,Average,National currency (former currencies of the euro area countries),Italian lira,1983-10-19,1369.28,,
ESTAT:ERT_H_EUR_D(1.0),08/01/26 11:00:00,Daily,Average,National currency (former currencies of the euro area countries),Italian lira,1983-10-20,1370.18,,
ESTAT:ERT_H_EUR_D(1.0),08/01/26 11:00:00,Daily,Average,National currency (former currencies of the euro area countries),Italian lira,1983-10-21,1370.74,,
ESTAT:ERT_H_EUR_D(1.0),08/01/26 11:00:00,Daily,Average,National currency (former currencies of the euro area countries),Italian lira,1983-10-24,1371.38,,
ESTAT:ERT_H_EUR_D(1.0),08/01/26 11:00:00,Daily,Average,National currency (former currencies of the euro area countries),Italian lira,1983-10-25,1371.60,,
ESTAT:ERT_H_EUR_D(1.0),08/01/26 11:00:00,Daily,Average,National currency (former currencies of the euro area countries),Italian lira,1983-10-26,1371.74,,
ESTAT:ERT_H_EUR_D(1.0),08/01/26 11:00:00,Daily,Average,National currency (former currencies of the euro area countries),Italian lira,1983-10-27,1373.47,,
ESTAT:ERT_H_EUR_D(1.0),08/01/26 11:00:00,Daily,Average,National currency (former currencies of the euro area countries),Italian lira,1983-10-28,1373.43,,
ESTAT:ERT_H_EUR_D(1.0),08/01/26 11:00:00,Daily,Average,National currency (former currencies of the euro area countries),Italian lira,1983-10-31,1372.10,,
ESTAT:ERT_H_EUR_D(1.0),08/01/26 11:00:00,Daily,Average,National currency (former currencies of the euro area countries),Italian lira,1983-11-01,1372.28,,
ESTAT:ERT_H_EUR_D(1.0),08/01/26 11:00:00,Daily,Average,National currency (former currencies of the euro area countries),Italian lira,1983-11-02,1372.12,,
ESTAT:ERT_H_EUR_D(1.0),08/01/26 11:00:00,Daily,Average,National currency (former currencies of the euro area countries),Italian lira,1983-11-03,1372.77,,
ESTAT:ERT_H_EUR_D(1.0),08/01/26 11:00:00,Daily,Average,National currency (former currencies of the euro area countries),Italian lira,1983-11-04,1372.76,,
ESTAT:ERT_H_EUR_D(1.0),08/01/26 11:00:00,Daily,Average,National currency (former currencies of the euro area countries),Italian lira,1983-11-07,1371.35,,
ESTAT:ERT_H_EUR_D(1.0),08/01/26 11:00:00,Daily,Average,National currency (former currencies of the euro area countries),Italian lira,1983-11-08,1372.19,,
ESTAT:ERT_H_EUR_D(1.0),08/01/26 11:00:00,Daily,Average,National currency (former currencies of the euro area countries),Italian lira,1983-11-09,1371.57,,
ESTAT:ERT_H_EUR_D(1.0),08/01/26 11:00:00,Daily,Average,National currency (former currencies of the euro area countries),Italian lira,1983-11-10,1371.49,,
ESTAT:ERT_H_EUR_D(1.0),08/01/26 11:00:00,Daily,Average,National currency (former currencies of the euro area countries),Italian lira,1983-11-11,1371.97,,
ESTAT:ERT_H_EUR_D(1.0),08/01/26 11:00:00,Daily,Average,National currency (former currencies of the euro area countries),Italian lira,1983-11-14,1371.10,,
ESTAT:ERT_H_EUR_D(1.0),08/01/26 11:00:00,Daily,Average,National currency (former currencies of the euro area countries),Italian lira,1983-11-15,1370.51,,
ESTAT:ERT_H_EUR_D(1.0),08/01/26 11:00:00,Daily,Average,National currency (former currencies of the euro area countries),Italian lira,1983-11-16,1370.30,,
ESTAT:ERT_H_EUR_D(1.0),08/01/26 11:00:00,Daily,Average,National currency (former currencies of the euro area countries),Italian lira,1983-11-17,1371.22,,
ESTAT:ERT_H_EUR_D(1.0),08/01/26 11:00:00,Daily,Average,National currency (former currencies of the euro area countries),Italian lira,1983-11-18,1371.51,,
ESTAT:ERT_H_EUR_D(1.0),08/01/26 11:00:00,Daily,Average,National currency (former currencies of the euro area countries),Italian lira,1983-11-21,1369.84,,
ESTAT:ERT_H_EUR_D(1.0),08/01/26 11:00:00,Daily,Average,National currency (former currencies of the euro area countries),Italian lira,1983-11-22,1369.55,,
ESTAT:ERT_H_EUR_D(1.0),08/01/26 11:00:00,Daily,Average,National currency (former currencies of the euro area countries),Italian lira,1983-11-23,1368.68,,
ESTAT:ERT_H_EUR_D(1.0),08/01/26 11:00:00,Daily,Average,National currency (former currencies of the euro area countries),Italian lira,1983-11-24,1369.98,,
ESTAT:ERT_H_EUR_D(1.0),08/01/26 11:00:00,Daily,Average,National currency (former currencies of the euro area countries),Italian lira,1983-11-25,1369.57,,
ESTAT:ERT_H_EUR_D(1.0),08/01/26 11:00:00,Daily,Average,National currency (former currencies of the euro area countries),Italian lira,1983-11-28,1369.65,,
ESTAT:ERT_H_EUR_D(1.0),08/01/26 11:00:00,Daily,Average,National currency (former currencies of the euro area countries),Italian lira,1983-11-29,1370.36,,
ESTAT:ERT_H_EUR_D(1.0),08/01/26 11:00:00,Daily,Average,National currency (former currencies of the euro area countries),Italian lira,1983-11-30,1369.88,,
ESTAT:ERT_H_EUR_D(1.0),08/01/26 11:00:00,Daily,Average,National currency (former currencies of the euro area countries),Italian lira,1983-12-01,1370.28,,
ESTAT:ERT_H_EUR_D(1.0),08/01/26 11:00:00,Daily,Average,National currency (former currencies of the euro area countries),Italian lira,1983-12-02,1369.80,,
ESTAT:ERT_H_EUR_D(1.0),08/01/26 11:00:00,Daily,Average,National currency (former currencies of the euro area countries),Italian lira,1983-12-05,1369.22,,
ESTAT:ERT_H_EUR_D(1.0),08/01/26 11:00:00,Daily,Average,National currency (former currencies of the euro area countries),Italian lira,1983-12-06,1370.13,,
ESTAT:ERT_H_EUR_D(1.0),08/01/26 11:00:00,Daily,Average,National currency (former currencies of the euro area countries),Italian lira,1983-12-07,1371.65,,
ESTAT:ERT_H_EUR_D(1.0),08/01/26 11:00:00,Daily,Average,National currency (former currencies of the euro area countries),Italian lira,1983-12-08,1368.82,,
ESTAT:ERT_H_EUR_D(1.0),08/01/26 11:00:00,Daily,Average,National currency (former currencies of the euro area countries),Italian lira,1983-12-09,1369.44,,
ESTAT:ERT_H_EUR_D(1.0),08/01/26 11:00:00,Daily,Average,National currency (former currencies of the euro area countries),Italian lira,1983-12-12,1369.43,,
ESTAT:ERT_H_EUR_D(1.0),08/01/26 11:00:00,Daily,Average,National currency (former currencies of the euro area countries),Italian lira,1983-12-13,1368.15,,
ESTAT:ERT_H_EUR_D(1.0),08/01/26 11:00:00,Daily,Average,National currency (former currencies of the euro area countries),Italian lira,1983-12-14,1364.77,,
ESTAT:ERT_H_EUR_D(1.0),08/01/26 11:00:00,Daily,Average,National currency (former currencies of the euro area countries),Italian lira,1983-12-15,1368.70,,
ESTAT:ERT_H_EUR_D(1.0),08/01/26 11:00:00,Daily,Average,National currency (former currencies of the euro area countries),Italian lira,1983-12-16,1366.44,,
ESTAT:ERT_H_EUR_D(1.0),08/01/26 11:00:00,Daily,Average,National currency (former currencies of the euro area countries),Italian lira,1983-12-19,1368.87,,
ESTAT:ERT_H_EUR_D(1.0),08/01/26 11:00:00,Daily,Average,National currency (former currencies of the euro area countries),Italian lira,1983-12-20,1369.61,,
ESTAT:ERT_H_EUR_D(1.0),08/01/26 11:00:00,Daily,Average,National currency (former currencies of the euro area countries),Italian lira,1983-12-21,1368.99,,
ESTAT:ERT_H_EUR_D(1.0),08/01/26 11:00:00,Daily,Average,National currency (former currencies of the euro area countries),Italian lira,1983-12-22,1371.15,,
ESTAT:ERT_H_EUR_D(1.0),08/01/26 11:00:00,Daily,Average,National currency (former currencies of the euro area countries),Italian lira,1983-12-23,1369.18,,
ESTAT:ERT_H_EUR_D(1.0),08/01/26 11:00:00,Daily,Average,National currency (former currencies of the euro area countries),Italian lira,1983-12-27,1370.05,,
ESTAT:ERT_H_EUR_D(1.0),08/01/26 11:00:00,Daily,Average,National currency (former currencies of the euro area countries),Italian lira,1983-12-28,1370.98,,
ESTAT:ERT_H_EUR_D(1.0),08/01/26 11:00:00,Daily,Average,National currency (former currencies of the euro area countries),Italian lira,1983-12-29,1373.43,,
ESTAT:ERT_H_EUR_D(1.0),08/01/26 11:00:00,Daily,Average,National currency (former currencies of the euro area countries),Italian lira,1983-12-30,1371.99,,
ESTAT:ERT_H_EUR_D(1.0),08/01/26 11:00:00,Daily,Average,National currency (former currencies of the euro area countries),Italian lira,1984-01-02,1372.41,,
ESTAT:ERT_H_EUR_D(1.0),08/01/26 11:00:00,Daily,Average,National currency (former currencies of the euro area countries),Italian lira,1984-01-03,1369.86,,
ESTAT:ERT_H_EUR_D(1.0),08/01/26 11:00:00,Daily,Average,National currency (former currencies of the euro area countries),Italian lira,1984-01-04,1368.19,,
ESTAT:ERT_H_EUR_D(1.0),08/01/26 11:00:00,Daily,Average,National currency (former currencies of the euro area countries),Italian lira,1984-01-05,1369.83,,
ESTAT:ERT_H_EUR_D(1.0),08/01/26 11:00:00,Daily,Average,National currency (former currencies of the euro area countries),Italian lira,1984-01-06,1369.85,,
ESTAT:ERT_H_EUR_D(1.0),08/01/26 11:00:00,Daily,Average,National currency (former currencies of the euro area countries),Italian lira,1984-01-09,1369.26,,
ESTAT:ERT_H_EUR_D(1.0),08/01/26 11:00:00,Daily,Average,National currency (former currencies of the euro area countries),Italian lira,1984-01-10,1368.16,,
ESTAT:ERT_H_EUR_D(1.0),08/01/26 11:00:00,Daily,Average,National currency (former currencies of the euro area countries),Italian lira,1984-01-11,1368.12,,
ESTAT:ERT_H_EUR_D(1.0),08/01/26 11:00:00,Daily,Average,National currency (former currencies of the euro area countries),Italian lira,1984-01-12,1369.17,,
ESTAT:ERT_H_EUR_D(1.0),08/01/26 11:00:00,Daily,Average,National currency (former currencies of the euro area countries),Italian lira,1984-01-13,1368.87,,
ESTAT:ERT_H_EUR_D(1.0),08/01/26 11:00:00,Daily,Average,National currency (former currencies of the euro area countries),Italian lira,1984-01-16,1369.10,,
ESTAT:ERT_H_EUR_D(1.0),08/01/26 11:00:00,Daily,Average,National currency (former currencies of the euro area countries),Italian lira,1984-01-17,1371.51,,
ESTAT:ERT_H_EUR_D(1.0),08/01/26 11:00:00,Daily,Average,National currency (former currencies of the euro area countries),Italian lira,1984-01-18,1371.46,,
ESTAT:ERT_H_EUR_D(1.0),08/01/26 11:00:00,Daily,Average,National currency (former currencies of the euro area countries),Italian lira,1984-01-19,1373.68,,
ESTAT:ERT_H_EUR_D(1.0),08/01/26 11:00:00,Daily,Average,National currency (former currencies of the euro area countries),Italian lira,1984-01-20,1374.85,,
ESTAT:ERT_H_EUR_D(1.0),08/01/26 11:00:00,Daily,Average,National currency (former currencies of the euro area countries),Italian lira,1984-01-23,1373.00,,
ESTAT:ERT_H_EUR_D(1.0),08/01/26 11:00:00,Daily,Average,National currency (former currencies of the euro area countries),Italian lira,1984-01-24,1371.72,,
ESTAT:ERT_H_EUR_D(1.0),08/01/26 11:00:00,Daily,Average,National currency (former currencies of the euro area countries),Italian lira,1984-01-25,1371.23,,
ESTAT:ERT_H_EUR_D(1.0),08/01/26 11:00:00,Daily,Average,National currency (former currencies of the euro area countries),Italian lira,1984-01-26,1372.30,,
ESTAT:ERT_H_EUR_D(1.0),08/01/26 11:00:00,Daily,Average,National currency (former currencies of the euro area countries),Italian lira,1984-01-27,1375.16,,
ESTAT:ERT_H_EUR_D(1.0),08/01/26 11:00:00,Daily,Average,National currency (former currencies of the euro area countries),Italian lira,1984-01-30,1375.25,,
ESTAT:ERT_H_EUR_D(1.0),08/01/26 11:00:00,Daily,Average,National currency (former currencies of the euro area countries),Italian lira,1984-01-31,1373.60,,
ESTAT:ERT_H_EUR_D(1.0),08/01/26 11:00:00,Daily,Average,National currency (former currencies of the euro area countries),Italian lira,1984-02-01,1374.57,,
ESTAT:ERT_H_EUR_D(1.0),08/01/26 11:00:00,Daily,Average,National currency (former currencies of the euro area countries),Italian lira,1984-02-02,1378.76,,
ESTAT:ERT_H_EUR_D(1.0),08/01/26 11:00:00,Daily,Average,National currency (former currencies of the euro area countries),Italian lira,1984-02-03,1381.67,,
ESTAT:ERT_H_EUR_D(1.0),08/01/26 11:00:00,Daily,Average,National currency (former currencies of the euro area countries),Italian lira,1984-02-06,1381.13,,
ESTAT:ERT_H_EUR_D(1.0),08/01/26 11:00:00,Daily,Average,National currency (former currencies of the euro area countries),Italian lira,1984-02-07,1381.50,,
ESTAT:ERT_H_EUR_D(1.0),08/01/26 11:00:00,Daily,Average,National currency (former currencies of the euro area countries),Italian lira,1984-02-08,1380.80,,
ESTAT:ERT_H_EUR_D(1.0),08/01/26 11:00:00,Daily,Average,National currency (former currencies of the euro area countries),Italian lira,1984-02-09,1384.08,,
ESTAT:ERT_H_EUR_D(1.0),08/01/26 11:00:00,Daily,Average,National currency (former currencies of the euro area countries),Italian lira,1984-02-10,1382.03,,
ESTAT:ERT_H_EUR_D(1.0),08/01/26 11:00:00,Daily,Average,National currency (former currencies of the euro area countries),Italian lira,1984-02-13,1382.14,,
ESTAT:ERT_H_EUR_D(1.0),08/01/26 11:00:00,Daily,Average,National currency (former currencies of the euro area countries),Italian lira,1984-02-14,1380.28,,
ESTAT:ERT_H_EUR_D(1.0),08/01/26 11:00:00,Daily,Average,National currency (former currencies of the euro area countries),Italian lira,1984-02-15,1386.30,,
ESTAT:ERT_H_EUR_D(1.0),08/01/26 11:00:00,Daily,Average,National currency (former currencies of the euro area countries),Italian lira,1984-02-16,1387.19,,
ESTAT:ERT_H_EUR_D(1.0),08/01/26 11:00:00,Daily,Average,National currency (former currencies of the euro area countries),Italian lira,1984-02-17,1386.35,,
ESTAT:ERT_H_EUR_D(1.0),08/01/26 11:00:00,Daily,Average,National currency (former currencies of the euro area countries),Italian lira,1984-02-20,1387.20,,
ESTAT:ERT_H_EUR_D(1.0),08/01/26 11:00:00,Daily,Average,National currency (former currencies of the euro area countries),Italian lira,1984-02-21,1388.87,,
ESTAT:ERT_H_EUR_D(1.0),08/01/26 11:00:00,Daily,Average,National currency (former currencies of the euro area countries),Italian lira,1984-02-22,1387.41,,
ESTAT:ERT_H_EUR_D(1.0),08/01/26 11:00:00,Daily,Average,National currency (former currencies of the euro area countries),Italian lira,1984-02-23,1389.96,,
ESTAT:ERT_H_EUR_D(1.0),08/01/26 11:00:00,Daily,Average,National currency (former currencies of the euro area countries),Italian lira,1984-02-24,1390.68,,
ESTAT:ERT_H_EUR_D(1.0),08/01/26 11:00:00,Daily,Average,National currency (former currencies of the euro area countries),Italian lira,1984-02-27,1392.32,,
ESTAT:ERT_H_EUR_D(1.0),08/01/26 11:00:00,Daily,Average,National currency (former currencies of the euro area countries),Italian lira,1984-02-28,1394.34,,
ESTAT:ERT_H_EUR_D(1.0),08/01/26 11:00:00,Daily,Average,National currency (former currencies of the euro area countries),Italian lira,1984-02-29,1393.58,,
ESTAT:ERT_H_EUR_D(1.0),08/01/26 11:00:00,Daily,Average,National currency (former currencies of the euro area countries),Italian lira,1984-03-01,1393.50,,
ESTAT:ERT_H_EUR_D(1.0),08/01/26 11:00:00,Daily,Average,National currency (former currencies of the euro area countries),Italian lira,1984-03-02,1393.72,,
ESTAT:ERT_H_EUR_D(1.0),08/01/26 11:00:00,Daily,Average,National currency (former currencies of the euro area countries),Italian lira,1984-03-05,1394.05,,
ESTAT:ERT_H_EUR_D(1.0),08/01/26 11:00:00,Daily,Average,National currency (former currencies of the euro area countries),Italian lira,1984-03-06,1392.43,,
ESTAT:ERT_H_EUR_D(1.0),08/01/26 11:00:00,Daily,Average,National currency (former currencies of the euro area countries),Italian lira,1984-03-07,1391.05,,
ESTAT:ERT_H_EUR_D(1.0),08/01/26 11:00:00,Daily,Average,National currency (former currencies of the euro area countries),Italian lira,1984-03-08,1389.19,,
ESTAT:ERT_H_EUR_D(1.0),08/01/26 11:00:00,Daily,Average,National currency (former currencies of the euro area countries),Italian lira,1984-03-09,1388.71,,
ESTAT:ERT_H_EUR_D(1.0),08/01/26 11:00:00,Daily,Average,National currency (former currencies of the euro area countries),Italian lira,1984-03-12,1386.50,,
ESTAT:ERT_H_EUR_D(1.0),08/01/26 11:00:00,Daily,Average,National currency (former currencies of the euro area countries),Italian lira,1984-03-13,1386.99,,
ESTAT:ERT_H_EUR_D(1.0),08/01/26 11:00:00,Daily,Average,National currency (former currencies of the euro area countries),Italian lira,1984-03-14,1387.21,,
ESTAT:ERT_H_EUR_D(1.0),08/01/26 11:00:00,Daily,Average,National currency (former currencies of the euro area countries),Italian lira,1984-03-15,1387.28,,
ESTAT:ERT_H_EUR_D(1.0),08/01/26 11:00:00,Daily,Average,National currency (former currencies of the euro area countries),Italian lira,1984-03-16,1386.62,,
ESTAT:ERT_H_EUR_D(1.0),08/01/26 11:00:00,Daily,Average,National currency (former currencies of the euro area countries),Italian lira,1984-03-19,1386.20,,
ESTAT:ERT_H_EUR_D(1.0),08/01/26 11:00:00,Daily,Average,National currency (former currencies of the euro area countries),Italian lira,1984-03-20,1385.16,,
ESTAT:ERT_H_EUR_D(1.0),08/01/26 11:00:00,Daily,Average,National currency (former currencies of the euro area countries),Italian lira,1984-03-21,1384.12,,
ESTAT:ERT_H_EUR_D(1.0),08/01/26 11:00:00,Daily,Average,National currency (former currencies of the euro area countries),Italian lira,1984-03-22,1380.67,,
ESTAT:ERT_H_EUR_D(1.0),08/01/26 11:00:00,Daily,Average,National currency (former currencies of the euro area countries),Italian lira,1984-03-23,1382.33,,
ESTAT:ERT_H_EUR_D(1.0),08/01/26 11:00:00,Daily,Average,National currency (former currencies of the euro area countries),Italian lira,1984-03-26,1385.04,,
ESTAT:ERT_H_EUR_D(1.0),08/01/26 11:00:00,Daily,Average,National currency (former currencies of the euro area countries),Italian lira,1984-03-27,1387.37,,
ESTAT:ERT_H_EUR_D(1.0),08/01/26 11:00:00,Daily,Average,National currency (former currencies of the euro area countries),Italian lira,1984-03-28,1387.90,,
ESTAT:ERT_H_EUR_D(1.0),08/01/26 11:00:00,Daily,Average,National currency (former currencies of the euro area countries),Italian lira,1984-03-29,1396.71,,
ESTAT:ERT_H_EUR_D(1.0),08/01/26 11:00:00,Daily,Average,National currency (former currencies of the euro area countries),Italian lira,1984-03-30,1385.62,,
ESTAT:ERT_H_EUR_D(1.0),08/01/26 11:00:00,Daily,Average,National currency (former currencies of the euro area countries),Italian lira,1984-04-02,1385.74,,
ESTAT:ERT_H_EUR_D(1.0),08/01/26 11:00:00,Daily,Average,National currency (former currencies of the euro area countries),Italian lira,1984-04-03,1382.04,,
ESTAT:ERT_H_EUR_D(1.0),08/01/26 11:00:00,Daily,Average,National currency (former currencies of the euro area countries),Italian lira,1984-04-04,1382.54,,
ESTAT:ERT_H_EUR_D(1.0),08/01/26 11:00:00,Daily,Average,National currency (former currencies of the euro area countries),Italian lira,1984-04-05,1383.09,,
ESTAT:ERT_H_EUR_D(1.0),08/01/26 11:00:00,Daily,Average,National currency (former currencies of the euro area countries),Italian lira,1984-04-06,1380.00,,
ESTAT:ERT_H_EUR_D(1.0),08/01/26 11:00:00,Daily,Average,National currency (former currencies of the euro area countries),Italian lira,1984-04-09,1381.11,,
ESTAT:ERT_H_EUR_D(1.0),08/01/26 11:00:00,Daily,Average,National currency (former currencies of the euro area countries),Italian lira,1984-04-10,1382.03,,
ESTAT:ERT_H_EUR_D(1.0),08/01/26 11:00:00,Daily,Average,National currency (former currencies of the euro area countries),Italian lira,1984-04-11,1381.47,,
ESTAT:ERT_H_EUR_D(1.0),08/01/26 11:00:00,Daily,Average,National currency (former currencies of the euro area countries),Italian lira,1984-04-12,1382.70,,
ESTAT:ERT_H_EUR_D(1.0),08/01/26 11:00:00,Daily,Average,National currency (former currencies of the euro area countries),Italian lira,1984-04-13,1380.94,,
ESTAT:ERT_H_EUR_D(1.0),08/01/26 11:00:00,Daily,Average,National currency (former currencies of the euro area countries),Italian lira,1984-04-16,1380.57,,
ESTAT:ERT_H_EUR_D(1.0),08/01/26 11:00:00,Daily,Average,National currency (former currencies of the euro area countries),Italian lira,1984-04-17,1379.85,,
ESTAT:ERT_H_EUR_D(1.0),08/01/26 11:00:00,Daily,Average,National currency (former currencies of the euro area countries),Italian lira,1984-04-18,1379.22,,
ESTAT:ERT_H_EUR_D(1.0),08/01/26 11:00:00,Daily,Average,National currency (former currencies of the euro area countries),Italian lira,1984-04-19,1380.68,,
ESTAT:ERT_H_EUR_D(1.0),08/01/26 11:00:00,Daily,Average,National currency (former currencies of the euro area countries),Italian lira,1984-04-24,1383.62,,
ESTAT:ERT_H_EUR_D(1.0),08/01/26 11:00:00,Daily,Average,National currency (former currencies of the euro area countries),Italian lira,1984-04-25,1382.31,,
ESTAT:ERT_H_EUR_D(1.0),08/01/26 11:00:00,Daily,Average,National currency (former currencies of the euro area countries),Italian lira,1984-04-26,1385.00,,
ESTAT:ERT_H_EUR_D(1.0),08/01/26 11:00:00,Daily,Average,National currency (former currencies of the euro area countries),Italian lira,1984-04-27,1383.93,,
ESTAT:ERT_H_EUR_D(1.0),08/01/26 11:00:00,Daily,Average,National currency (former currencies of the euro area countries),Italian lira,1984-04-30,1382.67,,
ESTAT:ERT_H_EUR_D(1.0),08/01/26 11:00:00,Daily,Average,National currency (former currencies of the euro area countries),Italian lira,1984-05-02,1384.56,,
ESTAT:ERT_H_EUR_D(1.0),08/01/26 11:00:00,Daily,Average,National currency (former currencies of the euro area countries),Italian lira,1984-05-03,1386.39,,
ESTAT:ERT_H_EUR_D(1.0),08/01/26 11:00:00,Daily,Average,National currency (former currencies of the euro area countries),Italian lira,1984-05-04,1386.55,,
ESTAT:ERT_H_EUR_D(1.0),08/01/26 11:00:00,Daily,Average,National currency (former currencies of the euro area countries),Italian lira,1984-05-07,1386.60,,
ESTAT:ERT_H_EUR_D(1.0),08/01/26 11:00:00,Daily,Average,National currency (former currencies of the euro area countries),Italian lira,1984-05-08,1385.99,,
ESTAT:ERT_H_EUR_D(1.0),08/01/26 11:00:00,Daily,Average,National currency (former currencies of the euro area countries),Italian lira,1984-05-09,1384.21,,
ESTAT:ERT_H_EUR_D(1.0),08/01/26 11:00:00,Daily,Average,National currency (former currencies of the euro area countries),Italian lira,1984-05-10,1378.55,,
ESTAT:ERT_H_EUR_D(1.0),08/01/26 11:00:00,Daily,Average,National currency (former currencies of the euro area countries),Italian lira,1984-05-11,1381.29,,
ESTAT:ERT_H_EUR_D(1.0),08/01/26 11:00:00,Daily,Average,National currency (former currencies of the euro area countries),Italian lira,1984-05-14,1382.05,,
ESTAT:ERT_H_EUR_D(1.0),08/01/26 11:00:00,Daily,Average,National currency (former currencies of the euro area countries),Italian lira,1984-05-15,1380.19,,
ESTAT:ERT_H_EUR_D(1.0),08/01/26 11:00:00,Daily,Average,National currency (former currencies of the euro area countries),Italian lira,1984-05-16,1381.13,,
ESTAT:ERT_H_EUR_D(1.0),08/01/26 11:00:00,Daily,Average,National currency (former currencies of the euro area countries),Italian lira,1984-05-17,1382.52,,
ESTAT:ERT_H_EUR_D(1.0),08/01/26 11:00:00,Daily,Average,National currency (former currencies of the euro area countries),Italian lira,1984-05-18,1382.15,,
ESTAT:ERT_H_EUR_D(1.0),08/01/26 11:00:00,Daily,Average,National currency (former currencies of the euro area countries),Italian lira,1984-05-21,1382.78,,
ESTAT:ERT_H_EUR_D(1.0),08/01/26 11:00:00,Daily,Average,National currency (former currencies of the euro area countries),Italian lira,1984-05-22,1380.62,,
ESTAT:ERT_H_EUR_D(1.0),08/01/26 11:00:00,Daily,Average,National currency (former currencies of the euro area countries),Italian lira,1984-05-23,1380.10,,
ESTAT:ERT_H_EUR_D(1.0),08/01/26 11:00:00,Daily,Average,National currency (former currencies of the euro area countries),Italian lira,1984-05-24,1381.78,,
ESTAT:ERT_H_EUR_D(1.0),08/01/26 11:00:00,Daily,Average,National currency (former currencies of the euro area countries),Italian lira,1984-05-25,1380.91,,
ESTAT:ERT_H_EUR_D(1.0),08/01/26 11:00:00,Daily,Average,National currency (former currencies of the euro area countries),Italian lira,1984-05-28,1382.12,,
ESTAT:ERT_H_EUR_D(1.0),08/01/26 11:00:00,Daily,Average,National currency (former currencies of the euro area countries),Italian lira,1984-05-29,1381.73,,
ESTAT:ERT_H_EUR_D(1.0),08/01/26 11:00:00,Daily,Average,National currency (former currencies of the euro area countries),Italian lira,1984-05-30,1383.13,,
ESTAT:ERT_H_EUR_D(1.0),08/01/26 11:00:00,Daily,Average,National currency (former currencies of the euro area countries),Italian lira,1984-06-01,1383.28,,
ESTAT:ERT_H_EUR_D(1.0),08/01/26 11:00:00,Daily,Average,National currency (former currencies of the euro area countries),Italian lira,1984-06-04,1383.86,,
ESTAT:ERT_H_EUR_D(1.0),08/01/26 11:00:00,Daily,Average,National currency (former currencies of the euro area countries),Italian lira,1984-06-05,1384.61,,
ESTAT:ERT_H_EUR_D(1.0),08/01/26 11:00:00,Daily,Average,National currency (former currencies of the euro area countries),Italian lira,1984-06-06,1383.86,,
ESTAT:ERT_H_EUR_D(1.0),08/01/26 11:00:00,Daily,Average,National currency (former currencies of the euro area countries),Italian lira,1984-06-07,1384.26,,
ESTAT:ERT_H_EUR_D(1.0),08/01/26 11:00:00,Daily,Average,National currency (former currencies of the euro area countries),Italian lira,1984-06-08,1385.78,,
ESTAT:ERT_H_EUR_D(1.0),08/01/26 11:00:00,Daily,Average,National currency (former currencies of the euro area countries),Italian lira,1984-06-12,1384.69,,
ESTAT:ERT_H_EUR_D(1.0),08/01/26 11:00:00,Daily,Average,National currency (former currencies of the euro area countries),Italian lira,1984-06-13,1386.37,,
ESTAT:ERT_H_EUR_D(1.0),08/01/26 11:00:00,Daily,Average,National currency (former currencies of the euro area countries),Italian lira,1984-06-14,1388.78,,
ESTAT:ERT_H_EUR_D(1.0),08/01/26 11:00:00,Daily,Average,National currency (former currencies of the euro area countries),Italian lira,1984-06-15,1385.14,,
ESTAT:ERT_H_EUR_D(1.0),08/01/26 11:00:00,Daily,Average,National currency (former currencies of the euro area countries),Italian lira,1984-06-18,1384.13,,
ESTAT:ERT_H_EUR_D(1.0),08/01/26 11:00:00,Daily,Average,National currency (former currencies of the euro area countries),Italian lira,1984-06-19,1380.72,,
ESTAT:ERT_H_EUR_D(1.0),08/01/26 11:00:00,Daily,Average,National currency (former currencies of the euro area countries),Italian lira,1984-06-20,1381.99,,
ESTAT:ERT_H_EUR_D(1.0),08/01/26 11:00:00,Daily,Average,National currency (former currencies of the euro area countries),Italian lira,1984-06-21,1381.22,,
ESTAT:ERT_H_EUR_D(1.0),08/01/26 11:00:00,Daily,Average,National currency (former currencies of the euro area countries),Italian lira,1984-06-22,1381.28,,
ESTAT:ERT_H_EUR_D(1.0),08/01/26 11:00:00,Daily,Average,National currency (former currencies of the euro area countries),Italian lira,1984-06-25,1377.87,,
ESTAT:ERT_H_EUR_D(1.0),08/01/26 11:00:00,Daily,Average,National currency (former currencies of the euro area countries),Italian lira,1984-06-26,1377.21,,
ESTAT:ERT_H_EUR_D(1.0),08/01/26 11:00:00,Daily,Average,National currency (former currencies of the euro area countries),Italian lira,1984-06-27,1378.09,,
ESTAT:ERT_H_EUR_D(1.0),08/01/26 11:00:00,Daily,Average,National currency (former currencies of the euro area countries),Italian lira,1984-06-28,1377.48,,
ESTAT:ERT_H_EUR_D(1.0),08/01/26 11:00:00,Daily,Average,National currency (former currencies of the euro area countries),Italian lira,1984-06-29,1376.26,,
ESTAT:ERT_H_EUR_D(1.0),08/01/26 11:00:00,Daily,Average,National currency (former currencies of the euro area countries),Italian lira,1984-07-02,1376.83,,
ESTAT:ERT_H_EUR_D(1.0),08/01/26 11:00:00,Daily,Average,National currency (former currencies of the euro area countries),Italian lira,1984-07-03,1373.57,,
ESTAT:ERT_H_EUR_D(1.0),08/01/26 11:00:00,Daily,Average,National currency (former currencies of the euro area countries),Italian lira,1984-07-04,1374.17,,
ESTAT:ERT_H_EUR_D(1.0),08/01/26 11:00:00,Daily,Average,National currency (former currencies of the euro area countries),Italian lira,1984-07-05,1372.28,,
ESTAT:ERT_H_EUR_D(1.0),08/01/26 11:00:00,Daily,Average,National currency (former currencies of the euro area countries),Italian lira,1984-07-06,1371.91,,
ESTAT:ERT_H_EUR_D(1.0),08/01/26 11:00:00,Daily,Average,National currency (former currencies of the euro area countries),Italian lira,1984-07-09,1366.72,,
ESTAT:ERT_H_EUR_D(1.0),08/01/26 11:00:00,Daily,Average,National currency (former currencies of the euro area countries),Italian lira,1984-07-10,1368.16,,
ESTAT:ERT_H_EUR_D(1.0),08/01/26 11:00:00,Daily,Average,National currency (former currencies of the euro area countries),Italian lira,1984-07-11,1369.19,,
ESTAT:ERT_H_EUR_D(1.0),08/01/26 11:00:00,Daily,Average,National currency (former currencies of the euro area countries),Italian lira,1984-07-12,1371.69,,
ESTAT:ERT_H_EUR_D(1.0),08/01/26 11:00:00,Daily,Average,National currency (former currencies of the euro area countries),Italian lira,1984-07-13,1371.63,,
ESTAT:ERT_H_EUR_D(1.0),08/01/26 11:00:00,Daily,Average,National currency (former currencies of the euro area countries),Italian lira,1984-07-16,1376.03,,
ESTAT:ERT_H_EUR_D(1.0),08/01/26 11:00:00,Daily,Average,National currency (former currencies of the euro area countries),Italian lira,1984-07-17,1374.13,,
ESTAT:ERT_H_EUR_D(1.0),08/01/26 11:00:00,Daily,Average,National currency (former currencies of the euro area countries),Italian lira,1984-07-18,1372.18,,
ESTAT:ERT_H_EUR_D(1.0),08/01/26 11:00:00,Daily,Average,National currency (former currencies of the euro area countries),Italian lira,1984-07-19,1375.11,,
ESTAT:ERT_H_EUR_D(1.0),08/01/26 11:00:00,Daily,Average,National currency (former currencies of the euro area countries),Italian lira,1984-07-20,1375.45,,
ESTAT:ERT_H_EUR_D(1.0),08/01/26 11:00:00,Daily,Average,National currency (former currencies of the euro area countries),Italian lira,1984-07-23,1375.23,,
ESTAT:ERT_H_EUR_D(1.0),08/01/26 11:00:00,Daily,Average,National currency (former currencies of the euro area countries),Italian lira,1984-07-24,1374.96,,
ESTAT:ERT_H_EUR_D(1.0),08/01/26 11:00:00,Daily,Average,National currency (former currencies of the euro area countries),Italian lira,1984-07-25,1374.94,,
ESTAT:ERT_H_EUR_D(1.0),08/01/26 11:00:00,Daily,Average,National currency (former currencies of the euro area countries),Italian lira,1984-07-26,1377.14,,
ESTAT:ERT_H_EUR_D(1.0),08/01/26 11:00:00,Daily,Average,National currency (former currencies of the euro area countries),Italian lira,1984-07-27,1377.63,,
ESTAT:ERT_H_EUR_D(1.0),08/01/26 11:00:00,Daily,Average,National currency (former currencies of the euro area countries),Italian lira,1984-07-30,1376.30,,
ESTAT:ERT_H_EUR_D(1.0),08/01/26 11:00:00,Daily,Average,National currency (former currencies of the euro area countries),Italian lira,1984-07-31,1374.13,,
ESTAT:ERT_H_EUR_D(1.0),08/01/26 11:00:00,Daily,Average,National currency (former currencies of the euro area countries),Italian lira,1984-08-01,1374.65,,
ESTAT:ERT_H_EUR_D(1.0),08/01/26 11:00:00,Daily,Average,National currency (former currencies of the euro area countries),Italian lira,1984-08-02,1376.09,,
ESTAT:ERT_H_EUR_D(1.0),08/01/26 11:00:00,Daily,Average,National currency (former currencies of the euro area countries),Italian lira,1984-08-03,1376.49,,
ESTAT:ERT_H_EUR_D(1.0),08/01/26 11:00:00,Daily,Average,National currency (former currencies of the euro area countries),Italian lira,1984-08-06,1377.51,,
ESTAT:ERT_H_EUR_D(1.0),08/01/26 11:00:00,Daily,Average,National currency (former currencies of the euro area countries),Italian lira,1984-08-07,1376.37,,
ESTAT:ERT_H_EUR_D(1.0),08/01/26 11:00:00,Daily,Average,National currency (former currencies of the euro area countries),Italian lira,1984-08-08,1376.82,,
ESTAT:ERT_H_EUR_D(1.0),08/01/26 11:00:00,Daily,Average,National currency (former currencies of the euro area countries),Italian lira,1984-08-09,1377.42,,
ESTAT:ERT_H_EUR_D(1.0),08/01/26 11:00:00,Daily,Average,National currency (former currencies of the euro area countries),Italian lira,1984-08-10,1379.32,,
ESTAT:ERT_H_EUR_D(1.0),08/01/26 11:00:00,Daily,Average,National currency (former currencies of the euro area countries),Italian lira,1984-08-13,1378.18,,
ESTAT:ERT_H_EUR_D(1.0),08/01/26 11:00:00,Daily,Average,National currency (former currencies of the euro area countries),Italian lira,1984-08-14,1381.58,,
ESTAT:ERT_H_EUR_D(1.0),08/01/26 11:00:00,Daily,Average,National currency (former currencies of the euro area countries),Italian lira,1984-08-15,1378.31,,
ESTAT:ERT_H_EUR_D(1.0),08/01/26 11:00:00,Daily,Average,National currency (former currencies of the euro area countries),Italian lira,1984-08-16,1382.05,,
ESTAT:ERT_H_EUR_D(1.0),08/01/26 11:00:00,Daily,Average,National currency (former currencies of the euro area countries),Italian lira,1984-08-17,1383.82,,
ESTAT:ERT_H_EUR_D(1.0),08/01/26 11:00:00,Daily,Average,National currency (former currencies of the euro area countries),Italian lira,1984-08-20,1385.23,,
ESTAT:ERT_H_EUR_D(1.0),08/01/26 11:00:00,Daily,Average,National currency (former currencies of the euro area countries),Italian lira,1984-08-21,1384.94,,
ESTAT:ERT_H_EUR_D(1.0),08/01/26 11:00:00,Daily,Average,National currency (former currencies of the euro area countries),Italian lira,1984-08-22,1383.10,,
ESTAT:ERT_H_EUR_D(1.0),08/01/26 11:00:00,Daily,Average,National currency (former currencies of the euro area countries),Italian lira,1984-08-23,1383.71,,
ESTAT:ERT_H_EUR_D(1.0),08/01/26 11:00:00,Daily,Average,National currency (former currencies of the euro area countries),Italian lira,1984-08-24,1384.12,,
ESTAT:ERT_H_EUR_D(1.0),08/01/26 11:00:00,Daily,Average,National currency (former currencies of the euro area countries),Italian lira,1984-08-27,1384.78,,
ESTAT:ERT_H_EUR_D(1.0),08/01/26 11:00:00,Daily,Average,National currency (former currencies of the euro area countries),Italian lira,1984-08-28,1385.47,,
ESTAT:ERT_H_EUR_D(1.0),08/01/26 11:00:00,Daily,Average,National currency (former currencies of the euro area countries),Italian lira,1984-08-29,1387.82,,
ESTAT:ERT_H_EUR_D(1.0),08/01/26 11:00:00,Daily,Average,National currency (former currencies of the euro area countries),Italian lira,1984-08-30,1388.64,,
ESTAT:ERT_H_EUR_D(1.0),08/01/26 11:00:00,Daily,Average,National currency (former currencies of the euro area countries),Italian lira,1984-08-31,1385.65,,
ESTAT:ERT_H_EUR_D(1.0),08/01/26 11:00:00,Daily,Average,National currency (former currencies of the euro area countries),Italian lira,1984-09-03,1384.73,,
ESTAT:ERT_H_EUR_D(1.0),08/01/26 11:00:00,Daily,Average,National currency (former currencies of the euro area countries),Italian lira,1984-09-04,1382.69,,
ESTAT:ERT_H_EUR_D(1.0),08/01/26 11:00:00,Daily,Average,National currency (former currencies of the euro area countries),Italian lira,1984-09-05,1380.75,,
ESTAT:ERT_H_EUR_D(1.0),08/01/26 11:00:00,Daily,Average,National currency (former currencies of the euro area countries),Italian lira,1984-09-06,1384.01,,
ESTAT:ERT_H_EUR_D(1.0),08/01/26 11:00:00,Daily,Average,National currency (former currencies of the euro area countries),Italian lira,1984-09-07,1380.47,,
ESTAT:ERT_H_EUR_D(1.0),08/01/26 11:00:00,Daily,Average,National currency (former currencies of the euro area countries),Italian lira,1984-09-10,1380.80,,
ESTAT:ERT_H_EUR_D(1.0),08/01/26 11:00:00,Daily,Average,National currency (former currencies of the euro area countries),Italian lira,1984-09-11,1380.76,,
ESTAT:ERT_H_EUR_D(1.0),08/01/26 11:00:00,Daily,Average,National currency (former currencies of the euro area countries),Italian lira,1984-09-12,1382.27,,
ESTAT:ERT_H_EUR_D(1.0),08/01/26 11:00:00,Daily,Average,National currency (former currencies of the euro area countries),Italian lira,1984-09-13,1382.26,,
ESTAT:ERT_H_EUR_D(1.0),08/01/26 11:00:00,Daily,Average,National currency (former currencies of the euro area countries),Italian lira,1984-09-14,1382.70,,
ESTAT:ERT_H_EUR_D(1.0),08/01/26 11:00:00,Daily,Average,National currency (former currencies of the euro area countries),Italian lira,1984-09-17,1382.39,,
ESTAT:ERT_H_EUR_D(1.0),08/01/26 11:00:00,Daily,Average,National currency (former currencies of the euro area countries),Italian lira,1984-09-18,1379.10,,
ESTAT:ERT_H_EUR_D(1.0),08/01/26 11:00:00,Daily,Average,National currency (former currencies of the euro area countries),Italian lira,1984-09-19,1383.76,,
ESTAT:ERT_H_EUR_D(1.0),08/01/26 11:00:00,Daily,Average,National currency (former currencies of the euro area countries),Italian lira,1984-09-20,1383.88,,
ESTAT:ERT_H_EUR_D(1.0),08/01/26 11:00:00,Daily,Average,National currency (former currencies of the euro area countries),Italian lira,1984-09-21,1383.15,,
ESTAT:ERT_H_EUR_D(1.0),08/01/26 11:00:00,Daily,Average,National currency (former currencies of the euro area countries),Italian lira,1984-09-24,1386.64,,
ESTAT:ERT_H_EUR_D(1.0),08/01/26 11:00:00,Daily,Average,National currency (former currencies of the euro area countries),Italian lira,1984-09-25,1388.47,,
ESTAT:ERT_H_EUR_D(1.0),08/01/26 11:00:00,Daily,Average,National currency (former currencies of the euro area countries),Italian lira,1984-09-26,1391.00,,
ESTAT:ERT_H_EUR_D(1.0),08/01/26 11:00:00,Daily,Average,National currency (former currencies of the euro area countries),Italian lira,1984-09-27,1389.23,,
ESTAT:ERT_H_EUR_D(1.0),08/01/26 11:00:00,Daily,Average,National currency (former currencies of the euro area countries),Italian lira,1984-09-28,1387.72,,
ESTAT:ERT_H_EUR_D(1.0),08/01/26 11:00:00,Daily,Average,National currency (former currencies of the euro area countries),Italian lira,1984-10-01,1383.98,,
ESTAT:ERT_H_EUR_D(1.0),08/01/26 11:00:00,Daily,Average,National currency (former currencies of the euro area countries),Italian lira,1984-10-02,1385.00,,
ESTAT:ERT_H_EUR_D(1.0),08/01/26 11:00:00,Daily,Average,National currency (former currencies of the euro area countries),Italian lira,1984-10-03,1385.67,,
ESTAT:ERT_H_EUR_D(1.0),08/01/26 11:00:00,Daily,Average,National currency (former currencies of the euro area countries),Italian lira,1984-10-04,1386.06,,
ESTAT:ERT_H_EUR_D(1.0),08/01/26 11:00:00,Daily,Average,National currency (former currencies of the euro area countries),Italian lira,1984-10-05,1386.57,,
ESTAT:ERT_H_EUR_D(1.0),08/01/26 11:00:00,Daily,Average,National currency (former currencies of the euro area countries),Italian lira,1984-10-08,1385.72,,
ESTAT:ERT_H_EUR_D(1.0),08/01/26 11:00:00,Daily,Average,National currency (former currencies of the euro area countries),Italian lira,1984-10-09,1384.73,,
ESTAT:ERT_H_EUR_D(1.0),08/01/26 11:00:00,Daily,Average,National currency (former currencies of the euro area countries),Italian lira,1984-10-10,1384.06,,
ESTAT:ERT_H_EUR_D(1.0),08/01/26 11:00:00,Daily,Average,National currency (former currencies of the euro area countries),Italian lira,1984-10-11,1383.40,,
ESTAT:ERT_H_EUR_D(1.0),08/01/26 11:00:00,Daily,Average,National currency (former currencies of the euro area countries),Italian lira,1984-10-12,1384.03,,
ESTAT:ERT_H_EUR_D(1.0),08/01/26 11:00:00,Daily,Average,National currency (former currencies of the euro area countries),Italian lira,1984-10-15,1379.48,,
ESTAT:ERT_H_EUR_D(1.0),08/01/26 11:00:00,Daily,Average,National currency (former currencies of the euro area countries),Italian lira,1984-10-16,1379.03,,
ESTAT:ERT_H_EUR_D(1.0),08/01/26 11:00:00,Daily,Average,National currency (former currencies of the euro area countries),Italian lira,1984-10-17,1379.77,,
ESTAT:ERT_H_EUR_D(1.0),08/01/26 11:00:00,Daily,Average,National currency (former currencies of the euro area countries),Italian lira,1984-10-18,1376.62,,
ESTAT:ERT_H_EUR_D(1.0),08/01/26 11:00:00,Daily,Average,National currency (former currencies of the euro area countries),Italian lira,1984-10-19,1379.55,,
ESTAT:ERT_H_EUR_D(1.0),08/01/26 11:00:00,Daily,Average,National currency (former currencies of the euro area countries),Italian lira,1984-10-22,1379.49,,
ESTAT:ERT_H_EUR_D(1.0),08/01/26 11:00:00,Daily,Average,National currency (former currencies of the euro area countries),Italian lira,1984-10-23,1381.34,,
ESTAT:ERT_H_EUR_D(1.0),08/01/26 11:00:00,Daily,Average,National currency (former currencies of the euro area countries),Italian lira,1984-10-24,1382.48,,
ESTAT:ERT_H_EUR_D(1.0),08/01/26 11:00:00,Daily,Average,National currency (former currencies of the euro area countries),Italian lira,1984-10-25,1383.39,,
ESTAT:ERT_H_EUR_D(1.0),08/01/26 11:00:00,Daily,Average,National currency (former currencies of the euro area countries),Italian lira,1984-10-26,1384.88,,
ESTAT:ERT_H_EUR_D(1.0),08/01/26 11:00:00,Daily,Average,National currency (former currencies of the euro area countries),Italian lira,1984-10-29,1385.07,,
ESTAT:ERT_H_EUR_D(1.0),08/01/26 11:00:00,Daily,Average,National currency (former currencies of the euro area countries),Italian lira,1984-10-30,1383.32,,
ESTAT:ERT_H_EUR_D(1.0),08/01/26 11:00:00,Daily,Average,National currency (former currencies of the euro area countries),Italian lira,1984-10-31,1383.57,,
ESTAT:ERT_H_EUR_D(1.0),08/01/26 11:00:00,Daily,Average,National currency (former currencies of the euro area countries),Italian lira,1984-11-01,1382.88,,
ESTAT:ERT_H_EUR_D(1.0),08/01/26 11:00:00,Daily,Average,National currency (former currencies of the euro area countries),Italian lira,1984-11-02,1390.28,,
ESTAT:ERT_H_EUR_D(1.0),08/01/26 11:00:00,Daily,Average,National currency (former currencies of the euro area countries),Italian lira,1984-11-05,1391.11,,
ESTAT:ERT_H_EUR_D(1.0),08/01/26 11:00:00,Daily,Average,National currency (former currencies of the euro area countries),Italian lira,1984-11-06,1389.86,,
ESTAT:ERT_H_EUR_D(1.0),08/01/26 11:00:00,Daily,Average,National currency (former currencies of the euro area countries),Italian lira,1984-11-07,1392.63,,
ESTAT:ERT_H_EUR_D(1.0),08/01/26 11:00:00,Daily,Average,National currency (former currencies of the euro area countries),Italian lira,1984-11-08,1391.77,,
ESTAT:ERT_H_EUR_D(1.0),08/01/26 11:00:00,Daily,Average,National currency (former currencies of the euro area countries),Italian lira,1984-11-09,1388.25,,
ESTAT:ERT_H_EUR_D(1.0),08/01/26 11:00:00,Daily,Average,National currency (former currencies of the euro area countries),Italian lira,1984-11-12,1388.29,,
ESTAT:ERT_H_EUR_D(1.0),08/01/26 11:00:00,Daily,Average,National currency (former currencies of the euro area countries),Italian lira,1984-11-13,1391.46,,
ESTAT:ERT_H_EUR_D(1.0),08/01/26 11:00:00,Daily,Average,National currency (former currencies of the euro area countries),Italian lira,1984-11-14,1387.77,,
ESTAT:ERT_H_EUR_D(1.0),08/01/26 11:00:00,Daily,Average,National currency (former currencies of the euro area countries),Italian lira,1984-11-15,1388.92,,
ESTAT:ERT_H_EUR_D(1.0),08/01/26 11:00:00,Daily,Average,National currency (former currencies of the euro area countries),Italian lira,1984-11-16,1388.19,,
ESTAT:ERT_H_EUR_D(1.0),08/01/26 11:00:00,Daily,Average,National currency (former currencies of the euro area countries),Italian lira,1984-11-19,1387.39,,
ESTAT:ERT_H_EUR_D(1.0),08/01/26 11:00:00,Daily,Average,National currency (former currencies of the euro area countries),Italian lira,1984-11-20,1387.86,,
ESTAT:ERT_H_EUR_D(1.0),08/01/26 11:00:00,Daily,Average,National currency (former currencies of the euro area countries),Italian lira,1984-11-21,1386.03,,
ESTAT:ERT_H_EUR_D(1.0),08/01/26 11:00:00,Daily,Average,National currency (former currencies of the euro area countries),Italian lira,1984-11-22,1386.78,,
ESTAT:ERT_H_EUR_D(1.0),08/01/26 11:00:00,Daily,Average,National currency (former currencies of the euro area countries),Italian lira,1984-11-23,1383.36,,
ESTAT:ERT_H_EUR_D(1.0),08/01/26 11:00:00,Daily,Average,National currency (former currencies of the euro area countries),Italian lira,1984-11-26,1381.70,,
ESTAT:ERT_H_EUR_D(1.0),08/01/26 11:00:00,Daily,Average,National currency (former currencies of the euro area countries),Italian lira,1984-11-27,1381.17,,
ESTAT:ERT_H_EUR_D(1.0),08/01/26 11:00:00,Daily,Average,National currency (former currencies of the euro area countries),Italian lira,1984-11-28,1384.09,,
ESTAT:ERT_H_EUR_D(1.0),08/01/26 11:00:00,Daily,Average,National currency (former currencies of the euro area countries),Italian lira,1984-11-29,1382.73,,
ESTAT:ERT_H_EUR_D(1.0),08/01/26 11:00:00,Daily,Average,National currency (former currencies of the euro area countries),Italian lira,1984-11-30,1382.08,,
ESTAT:ERT_H_EUR_D(1.0),08/01/26 11:00:00,Daily,Average,National currency (former currencies of the euro area countries),Italian lira,1984-12-03,1380.25,,
ESTAT:ERT_H_EUR_D(1.0),08/01/26 11:00:00,Daily,Average,National currency (former currencies of the euro area countries),Italian lira,1984-12-04,1380.65,,
ESTAT:ERT_H_EUR_D(1.0),08/01/26 11:00:00,Daily,Average,National currency (former currencies of the euro area countries),Italian lira,1984-12-05,1380.39,,
ESTAT:ERT_H_EUR_D(1.0),08/01/26 11:00:00,Daily,Average,National currency (former currencies of the euro area countries),Italian lira,1984-12-06,1379.09,,
ESTAT:ERT_H_EUR_D(1.0),08/01/26 11:00:00,Daily,Average,National currency (former currencies of the euro area countries),Italian lira,1984-12-07,1378.45,,
ESTAT:ERT_H_EUR_D(1.0),08/01/26 11:00:00,Daily,Average,National currency (former currencies of the euro area countries),Italian lira,1984-12-10,1378.17,,
ESTAT:ERT_H_EUR_D(1.0),08/01/26 11:00:00,Daily,Average,National currency (former currencies of the euro area countries),Italian lira,1984-12-11,1376.80,,
ESTAT:ERT_H_EUR_D(1.0),08/01/26 11:00:00,Daily,Average,National currency (former currencies of the euro area countries),Italian lira,1984-12-12,1375.89,,
ESTAT:ERT_H_EUR_D(1.0),08/01/26 11:00:00,Daily,Average,National currency (former currencies of the euro area countries),Italian lira,1984-12-13,1377.38,,
ESTAT:ERT_H_EUR_D(1.0),08/01/26 11:00:00,Daily,Average,National currency (former currencies of the euro area countries),Italian lira,1984-12-14,1374.45,,
ESTAT:ERT_H_EUR_D(1.0),08/01/26 11:00:00,Daily,Average,National currency (former currencies of the euro area countries),Italian lira,1984-12-17,1375.46,,
ESTAT:ERT_H_EUR_D(1.0),08/01/26 11:00:00,Daily,Average,National currency (former currencies of the euro area countries),Italian lira,1984-12-18,1373.71,,
ESTAT:ERT_H_EUR_D(1.0),08/01/26 11:00:00,Daily,Average,National currency (former currencies of the euro area countries),Italian lira,1984-12-19,1372.52,,
ESTAT:ERT_H_EUR_D(1.0),08/01/26 11:00:00,Daily,Average,National currency (former currencies of the euro area countries),Italian lira,1984-12-20,1370.85,,
ESTAT:ERT_H_EUR_D(1.0),08/01/26 11:00:00,Daily,Average,National currency (former currencies of the euro area countries),Italian lira,1984-12-21,1372.71,,
ESTAT:ERT_H_EUR_D(1.0),08/01/26 11:00:00,Daily,Average,National currency (former currencies of the euro area countries),Italian lira,1984-12-27,1375.22,,
ESTAT:ERT_H_EUR_D(1.0),08/01/26 11:00:00,Daily,Average,National currency (former currencies of the euro area countries),Italian lira,1984-12-28,1368.84,,
ESTAT:ERT_H_EUR_D(1.0),08/01/26 11:00:00,Daily,Average,National currency (former currencies of the euro area countries),Italian lira,1984-12-31,1371.10,,
ESTAT:ERT_H_EUR_D(1.0),08/01/26 11:00:00,Daily,Average,National currency (former currencies of the euro area countries),Italian lira,1985-01-02,1368.52,,
ESTAT:ERT_H_EUR_D(1.0),08/01/26 11:00:00,Daily,Average,National currency (former currencies of the euro area countries),Italian lira,1985-01-03,1371.44,,
ESTAT:ERT_H_EUR_D(1.0),08/01/26 11:00:00,Daily,Average,National currency (former currencies of the euro area countries),Italian lira,1985-01-04,1369.97,,
ESTAT:ERT_H_EUR_D(1.0),08/01/26 11:00:00,Daily,Average,National currency (former currencies of the euro area countries),Italian lira,1985-01-07,1369.08,,
ESTAT:ERT_H_EUR_D(1.0),08/01/26 11:00:00,Daily,Average,National currency (former currencies of the euro area countries),Italian lira,1985-01-08,1368.64,,
ESTAT:ERT_H_EUR_D(1.0),08/01/26 11:00:00,Daily,Average,National currency (former currencies of the euro area countries),Italian lira,1985-01-09,1367.64,,
ESTAT:ERT_H_EUR_D(1.0),08/01/26 11:00:00,Daily,Average,National currency (former currencies of the euro area countries),Italian lira,1985-01-10,1369.03,,
ESTAT:ERT_H_EUR_D(1.0),08/01/26 11:00:00,Daily,Average,National currency (former currencies of the euro area countries),Italian lira,1985-01-11,1366.84,,
ESTAT:ERT_H_EUR_D(1.0),08/01/26 11:00:00,Daily,Average,National currency (former currencies of the euro area countries),Italian lira,1985-01-14,1366.36,,
ESTAT:ERT_H_EUR_D(1.0),08/01/26 11:00:00,Daily,Average,National currency (former currencies of the euro area countries),Italian lira,1985-01-15,1364.00,,
ESTAT:ERT_H_EUR_D(1.0),08/01/26 11:00:00,Daily,Average,National currency (former currencies of the euro area countries),Italian lira,1985-01-16,1364.24,,
ESTAT:ERT_H_EUR_D(1.0),08/01/26 11:00:00,Daily,Average,National currency (former currencies of the euro area countries),Italian lira,1985-01-17,1365.11,,
ESTAT:ERT_H_EUR_D(1.0),08/01/26 11:00:00,Daily,Average,National currency (former currencies of the euro area countries),Italian lira,1985-01-18,1365.11,,
ESTAT:ERT_H_EUR_D(1.0),08/01/26 11:00:00,Daily,Average,National currency (former currencies of the euro area countries),Italian lira,1985-01-21,1366.20,,
ESTAT:ERT_H_EUR_D(1.0),08/01/26 11:00:00,Daily,Average,National currency (former currencies of the euro area countries),Italian lira,1985-01-22,1366.59,,
ESTAT:ERT_H_EUR_D(1.0),08/01/26 11:00:00,Daily,Average,National currency (former currencies of the euro area countries),Italian lira,1985-01-23,1366.39,,
ESTAT:ERT_H_EUR_D(1.0),08/01/26 11:00:00,Daily,Average,National currency (former currencies of the euro area countries),Italian lira,1985-01-24,1367.24,,
ESTAT:ERT_H_EUR_D(1.0),08/01/26 11:00:00,Daily,Average,National currency (former currencies of the euro area countries),Italian lira,1985-01-25,1369.15,,
ESTAT:ERT_H_EUR_D(1.0),08/01/26 11:00:00,Daily,Average,National currency (former currencies of the euro area countries),Italian lira,1985-01-28,1367.72,,
ESTAT:ERT_H_EUR_D(1.0),08/01/26 11:00:00,Daily,Average,National currency (former currencies of the euro area countries),Italian lira,1985-01-29,1369.90,,
ESTAT:ERT_H_EUR_D(1.0),08/01/26 11:00:00,Daily,Average,National currency (former currencies of the euro area countries),Italian lira,1985-01-30,1370.38,,
ESTAT:ERT_H_EUR_D(1.0),08/01/26 11:00:00,Daily,Average,National currency (former currencies of the euro area countries),Italian lira,1985-01-31,1371.78,,
ESTAT:ERT_H_EUR_D(1.0),08/01/26 11:00:00,Daily,Average,National currency (former currencies of the euro area countries),Italian lira,1985-02-01,1371.27,,
ESTAT:ERT_H_EUR_D(1.0),08/01/26 11:00:00,Daily,Average,National currency (former currencies of the euro area countries),Italian lira,1985-02-04,1367.37,,
ESTAT:ERT_H_EUR_D(1.0),08/01/26 11:00:00,Daily,Average,National currency (former currencies of the euro area countries),Italian lira,1985-02-05,1367.89,,
ESTAT:ERT_H_EUR_D(1.0),08/01/26 11:00:00,Daily,Average,National currency (former currencies of the euro area countries),Italian lira,1985-02-06,1368.40,,
ESTAT:ERT_H_EUR_D(1.0),08/01/26 11:00:00,Daily,Average,National currency (former currencies of the euro area countries),Italian lira,1985-02-07,1369.71,,
ESTAT:ERT_H_EUR_D(1.0),08/01/26 11:00:00,Daily,Average,National currency (former currencies of the euro area countries),Italian lira,1985-02-08,1369.87,,
ESTAT:ERT_H_EUR_D(1.0),08/01/26 11:00:00,Daily,Average,National currency (former currencies of the euro area countries),Italian lira,1985-02-11,1368.87,,
ESTAT:ERT_H_EUR_D(1.0),08/01/26 11:00:00,Daily,Average,National currency (former currencies of the euro area countries),Italian lira,1985-02-12,1368.99,,
ESTAT:ERT_H_EUR_D(1.0),08/01/26 11:00:00,Daily,Average,National currency (former currencies of the euro area countries),Italian lira,1985-02-13,1368.59,,
ESTAT:ERT_H_EUR_D(1.0),08/01/26 11:00:00,Daily,Average,National currency (former currencies of the euro area countries),Italian lira,1985-02-14,1372.35,,
ESTAT:ERT_H_EUR_D(1.0),08/01/26 11:00:00,Daily,Average,National currency (former currencies of the euro area countries),Italian lira,1985-02-15,1375.99,,
ESTAT:ERT_H_EUR_D(1.0),08/01/26 11:00:00,Daily,Average,National currency (former currencies of the euro area countries),Italian lira,1985-02-18,1374.33,,
ESTAT:ERT_H_EUR_D(1.0),08/01/26 11:00:00,Daily,Average,National currency (former currencies of the euro area countries),Italian lira,1985-02-19,1373.03,,
ESTAT:ERT_H_EUR_D(1.0),08/01/26 11:00:00,Daily,Average,National currency (former currencies of the euro area countries),Italian lira,1985-02-20,1375.56,,
ESTAT:ERT_H_EUR_D(1.0),08/01/26 11:00:00,Daily,Average,National currency (former currencies of the euro area countries),Italian lira,1985-02-21,1382.95,,
ESTAT:ERT_H_EUR_D(1.0),08/01/26 11:00:00,Daily,Average,National currency (former currencies of the euro area countries),Italian lira,1985-02-22,1386.16,,
ESTAT:ERT_H_EUR_D(1.0),08/01/26 11:00:00,Daily,Average,National currency (former currencies of the euro area countries),Italian lira,1985-02-25,1390.19,,
ESTAT:ERT_H_EUR_D(1.0),08/01/26 11:00:00,Daily,Average,National currency (former currencies of the euro area countries),Italian lira,1985-02-26,1389.69,,
ESTAT:ERT_H_EUR_D(1.0),08/01/26 11:00:00,Daily,Average,National currency (former currencies of the euro area countries),Italian lira,1985-02-27,1387.47,,
ESTAT:ERT_H_EUR_D(1.0),08/01/26 11:00:00,Daily,Average,National currency (former currencies of the euro area countries),Italian lira,1985-02-28,1384.03,,
ESTAT:ERT_H_EUR_D(1.0),08/01/26 11:00:00,Daily,Average,National currency (former currencies of the euro area countries),Italian lira,1985-03-01,1382.06,,
ESTAT:ERT_H_EUR_D(1.0),08/01/26 11:00:00,Daily,Average,National currency (former currencies of the euro area countries),Italian lira,1985-03-04,1382.58,,
ESTAT:ERT_H_EUR_D(1.0),08/01/26 11:00:00,Daily,Average,National currency (former currencies of the euro area countries),Italian lira,1985-03-05,1384.15,,
ESTAT:ERT_H_EUR_D(1.0),08/01/26 11:00:00,Daily,Average,National currency (former currencies of the euro area countries),Italian lira,1985-03-06,1383.54,,
ESTAT:ERT_H_EUR_D(1.0),08/01/26 11:00:00,Daily,Average,National currency (former currencies of the euro area countries),Italian lira,1985-03-07,1386.50,,
ESTAT:ERT_H_EUR_D(1.0),08/01/26 11:00:00,Daily,Average,National currency (former currencies of the euro area countries),Italian lira,1985-03-08,1387.39,,
ESTAT:ERT_H_EUR_D(1.0),08/01/26 11:00:00,Daily,Average,National currency (former currencies of the euro area countries),Italian lira,1985-03-11,1387.03,,
ESTAT:ERT_H_EUR_D(1.0),08/01/26 11:00:00,Daily,Average,National currency (former currencies of the euro area countries),Italian lira,1985-03-12,1389.52,,
ESTAT:ERT_H_EUR_D(1.0),08/01/26 11:00:00,Daily,Average,National currency (former currencies of the euro area countries),Italian lira,1985-03-13,1392.28,,
ESTAT:ERT_H_EUR_D(1.0),08/01/26 11:00:00,Daily,Average,National currency (former currencies of the euro area countries),Italian lira,1985-03-14,1396.80,,
ESTAT:ERT_H_EUR_D(1.0),08/01/26 11:00:00,Daily,Average,National currency (former currencies of the euro area countries),Italian lira,1985-03-15,1402.04,,
ESTAT:ERT_H_EUR_D(1.0),08/01/26 11:00:00,Daily,Average,National currency (former currencies of the euro area countries),Italian lira,1985-03-18,1406.59,,
ESTAT:ERT_H_EUR_D(1.0),08/01/26 11:00:00,Daily,Average,National currency (former currencies of the euro area countries),Italian lira,1985-03-19,1412.40,,
ESTAT:ERT_H_EUR_D(1.0),08/01/26 11:00:00,Daily,Average,National currency (former currencies of the euro area countries),Italian lira,1985-03-20,1413.03,,
ESTAT:ERT_H_EUR_D(1.0),08/01/26 11:00:00,Daily,Average,National currency (former currencies of the euro area countries),Italian lira,1985-03-21,1419.56,,
ESTAT:ERT_H_EUR_D(1.0),08/01/26 11:00:00,Daily,Average,National currency (former currencies of the euro area countries),Italian lira,1985-03-22,1420.05,,
ESTAT:ERT_H_EUR_D(1.0),08/01/26 11:00:00,Daily,Average,National currency (former currencies of the euro area countries),Italian lira,1985-03-25,1420.57,,
ESTAT:ERT_H_EUR_D(1.0),08/01/26 11:00:00,Daily,Average,National currency (former currencies of the euro area countries),Italian lira,1985-03-26,1421.22,,
ESTAT:ERT_H_EUR_D(1.0),08/01/26 11:00:00,Daily,Average,National currency (former currencies of the euro area countries),Italian lira,1985-03-27,1427.71,,
ESTAT:ERT_H_EUR_D(1.0),08/01/26 11:00:00,Daily,Average,National currency (former currencies of the euro area countries),Italian lira,1985-03-28,1432.12,,
ESTAT:ERT_H_EUR_D(1.0),08/01/26 11:00:00,Daily,Average,National currency (former currencies of the euro area countries),Italian lira,1985-03-29,1428.77,,
ESTAT:ERT_H_EUR_D(1.0),08/01/26 11:00:00,Daily,Average,National currency (former currencies of the euro area countries),Italian lira,1985-04-01,1426.30,,
ESTAT:ERT_H_EUR_D(1.0),08/01/26 11:00:00,Daily,Average,National currency (former currencies of the euro area countries),Italian lira,1985-04-02,1425.20,,
ESTAT:ERT_H_EUR_D(1.0),08/01/26 11:00:00,Daily,Average,National currency (former currencies of the euro area countries),Italian lira,1985-04-03,1425.84,,
ESTAT:ERT_H_EUR_D(1.0),08/01/26 11:00:00,Daily,Average,National currency (former currencies of the euro area countries),Italian lira,1985-04-04,1422.18,,
ESTAT:ERT_H_EUR_D(1.0),08/01/26 11:00:00,Daily,Average,National currency (former currencies of the euro area countries),Italian lira,1985-04-09,1424.37,,
ESTAT:ERT_H_EUR_D(1.0),08/01/26 11:00:00,Daily,Average,National currency (former currencies of the euro area countries),Italian lira,1985-04-10,1425.31,,
ESTAT:ERT_H_EUR_D(1.0),08/01/26 11:00:00,Daily,Average,National currency (former currencies of the euro area countries),Italian lira,1985-04-11,1430.43,,
ESTAT:ERT_H_EUR_D(1.0),08/01/26 11:00:00,Daily,Average,National currency (former currencies of the euro area countries),Italian lira,1985-04-12,1429.80,,
ESTAT:ERT_H_EUR_D(1.0),08/01/26 11:00:00,Daily,Average,National currency (former currencies of the euro area countries),Italian lira,1985-04-15,1431.07,,
ESTAT:ERT_H_EUR_D(1.0),08/01/26 11:00:00,Daily,Average,National currency (former currencies of the euro area countries),Italian lira,1985-04-16,1430.75,,
ESTAT:ERT_H_EUR_D(1.0),08/01/26 11:00:00,Daily,Average,National currency (former currencies of the euro area countries),Italian lira,1985-04-17,1431.96,,
ESTAT:ERT_H_EUR_D(1.0),08/01/26 11:00:00,Daily,Average,National currency (former currencies of the euro area countries),Italian lira,1985-04-18,1431.39,,
ESTAT:ERT_H_EUR_D(1.0),08/01/26 11:00:00,Daily,Average,National currency (former currencies of the euro area countries),Italian lira,1985-04-19,1430.31,,
ESTAT:ERT_H_EUR_D(1.0),08/01/26 11:00:00,Daily,Average,National currency (former currencies of the euro area countries),Italian lira,1985-04-22,1429.08,,
ESTAT:ERT_H_EUR_D(1.0),08/01/26 11:00:00,Daily,Average,National currency (former currencies of the euro area countries),Italian lira,1985-04-23,1431.76,,
ESTAT:ERT_H_EUR_D(1.0),08/01/26 11:00:00,Daily,Average,National currency (former currencies of the euro area countries),Italian lira,1985-04-24,1429.90,,
ESTAT:ERT_H_EUR_D(1.0),08/01/26 11:00:00,Daily,Average,National currency (former currencies of the euro area countries),Italian lira,1985-04-25,1424.68,,
ESTAT:ERT_H_EUR_D(1.0),08/01/26 11:00:00,Daily,Average,National currency (former currencies of the euro area countries),Italian lira,1985-04-26,1426.21,,
ESTAT:ERT_H_EUR_D(1.0),08/01/26 11:00:00,Daily,Average,National currency (former currencies of the euro area countries),Italian lira,1985-04-29,1427.06,,
ESTAT:ERT_H_EUR_D(1.0),08/01/26 11:00:00,Daily,Average,National currency (former currencies of the euro area countries),Italian lira,1985-04-30,1429.73,,
ESTAT:ERT_H_EUR_D(1.0),08/01/26 11:00:00,Daily,Average,National currency (former currencies of the euro area countries),Italian lira,1985-05-02,1425.75,,
ESTAT:ERT_H_EUR_D(1.0),08/01/26 11:00:00,Daily,Average,National currency (former currencies of the euro area countries),Italian lira,1985-05-03,1422.80,,
ESTAT:ERT_H_EUR_D(1.0),08/01/26 11:00:00,Daily,Average,National currency (former currencies of the euro area countries),Italian lira,1985-05-06,1419.00,,
ESTAT:ERT_H_EUR_D(1.0),08/01/26 11:00:00,Daily,Average,National currency (former currencies of the euro area countries),Italian lira,1985-05-07,1421.12,,
ESTAT:ERT_H_EUR_D(1.0),08/01/26 11:00:00,Daily,Average,National currency (former currencies of the euro area countries),Italian lira,1985-05-08,1422.30,,
ESTAT:ERT_H_EUR_D(1.0),08/01/26 11:00:00,Daily,Average,National currency (former currencies of the euro area countries),Italian lira,1985-05-09,1426.32,,
ESTAT:ERT_H_EUR_D(1.0),08/01/26 11:00:00,Daily,Average,National currency (former currencies of the euro area countries),Italian lira,1985-05-10,1427.22,,
ESTAT:ERT_H_EUR_D(1.0),08/01/26 11:00:00,Daily,Average,National currency (former currencies of the euro area countries),Italian lira,1985-05-13,1428.58,,
ESTAT:ERT_H_EUR_D(1.0),08/01/26 11:00:00,Daily,Average,National currency (former currencies of the euro area countries),Italian lira,1985-05-14,1429.92,,
ESTAT:ERT_H_EUR_D(1.0),08/01/26 11:00:00,Daily,Average,National currency (former currencies of the euro area countries),Italian lira,1985-05-15,1429.36,,
ESTAT:ERT_H_EUR_D(1.0),08/01/26 11:00:00,Daily,Average,National currency (former currencies of the euro area countries),Italian lira,1985-05-17,1430.68,,
ESTAT:ERT_H_EUR_D(1.0),08/01/26 11:00:00,Daily,Average,National currency (former currencies of the euro area countries),Italian lira,1985-05-20,1434.12,,
ESTAT:ERT_H_EUR_D(1.0),08/01/26 11:00:00,Daily,Average,National currency (former currencies of the euro area countries),Italian lira,1985-05-21,1433.23,,
ESTAT:ERT_H_EUR_D(1.0),08/01/26 11:00:00,Daily,Average,National currency (former currencies of the euro area countries),Italian lira,1985-05-22,1432.13,,
ESTAT:ERT_H_EUR_D(1.0),08/01/26 11:00:00,Daily,Average,National currency (former currencies of the euro area countries),Italian lira,1985-05-23,1431.34,,
ESTAT:ERT_H_EUR_D(1.0),08/01/26 11:00:00,Daily,Average,National currency (former currencies of the euro area countries),Italian lira,1985-05-24,1430.72,,
ESTAT:ERT_H_EUR_D(1.0),08/01/26 11:00:00,Daily,Average,National currency (former currencies of the euro area countries),Italian lira,1985-05-28,1429.03,,
ESTAT:ERT_H_EUR_D(1.0),08/01/26 11:00:00,Daily,Average,National currency (former currencies of the euro area countries),Italian lira,1985-05-29,1431.71,,
ESTAT:ERT_H_EUR_D(1.0),08/01/26 11:00:00,Daily,Average,National currency (former currencies of the euro area countries),Italian lira,1985-05-30,1434.09,,
ESTAT:ERT_H_EUR_D(1.0),08/01/26 11:00:00,Daily,Average,National currency (former currencies of the euro area countries),Italian lira,1985-05-31,1432.31,,
ESTAT:ERT_H_EUR_D(1.0),08/01/26 11:00:00,Daily,Average,National currency (former currencies of the euro area countries),Italian lira,1985-06-03,1435.56,,
ESTAT:ERT_H_EUR_D(1.0),08/01/26 11:00:00,Daily,Average,National currency (former currencies of the euro area countries),Italian lira,1985-06-04,1432.78,,
ESTAT:ERT_H_EUR_D(1.0),08/01/26 11:00:00,Daily,Average,National currency (former currencies of the euro area countries),Italian lira,1985-06-05,1430.30,,
ESTAT:ERT_H_EUR_D(1.0),08/01/26 11:00:00,Daily,Average,National currency (former currencies of the euro area countries),Italian lira,1985-06-06,1431.64,,
ESTAT:ERT_H_EUR_D(1.0),08/01/26 11:00:00,Daily,Average,National currency (former currencies of the euro area countries),Italian lira,1985-06-07,1430.67,,
ESTAT:ERT_H_EUR_D(1.0),08/01/26 11:00:00,Daily,Average,National currency (former currencies of the euro area countries),Italian lira,1985-06-10,1429.92,,
ESTAT:ERT_H_EUR_D(1.0),08/01/26 11:00:00,Daily,Average,National currency (former currencies of the euro area countries),Italian lira,1985-06-11,1427.81,,
ESTAT:ERT_H_EUR_D(1.0),08/01/26 11:00:00,Daily,Average,National currency (former currencies of the euro area countries),Italian lira,1985-06-12,1426.72,,
ESTAT:ERT_H_EUR_D(1.0),08/01/26 11:00:00,Daily,Average,National currency (former currencies of the euro area countries),Italian lira,1985-06-13,1428.37,,
ESTAT:ERT_H_EUR_D(1.0),08/01/26 11:00:00,Daily,Average,National currency (former currencies of the euro area countries),Italian lira,1985-06-14,1428.80,,
ESTAT:ERT_H_EUR_D(1.0),08/01/26 11:00:00,Daily,Average,National currency (former currencies of the euro area countries),Italian lira,1985-06-17,1429.66,,
ESTAT:ERT_H_EUR_D(1.0),08/01/26 11:00:00,Daily,Average,National currency (former currencies of the euro area countries),Italian lira,1985-06-18,1432.62,,
ESTAT:ERT_H_EUR_D(1.0),08/01/26 11:00:00,Daily,Average,National currency (former currencies of the euro area countries),Italian lira,1985-06-19,1436.39,,
ESTAT:ERT_H_EUR_D(1.0),08/01/26 11:00:00,Daily,Average,National currency (former currencies of the euro area countries),Italian lira,1985-06-20,1434.07,,
ESTAT:ERT_H_EUR_D(1.0),08/01/26 11:00:00,Daily,Average,National currency (former currencies of the euro area countries),Italian lira,1985-06-21,1432.28,,
ESTAT:ERT_H_EUR_D(1.0),08/01/26 11:00:00,Daily,Average,National currency (former currencies of the euro area countries),Italian lira,1985-06-24,1434.29,,
ESTAT:ERT_H_EUR_D(1.0),08/01/26 11:00:00,Daily,Average,National currency (former currencies of the euro area countries),Italian lira,1985-06-25,1430.47,,
ESTAT:ERT_H_EUR_D(1.0),08/01/26 11:00:00,Daily,Average,National currency (former currencies of the euro area countries),Italian lira,1985-06-26,1435.83,,
ESTAT:ERT_H_EUR_D(1.0),08/01/26 11:00:00,Daily,Average,National currency (former currencies of the euro area countries),Italian lira,1985-06-27,1435.17,,
ESTAT:ERT_H_EUR_D(1.0),08/01/26 11:00:00,Daily,Average,National currency (former currencies of the euro area countries),Italian lira,1985-06-28,1433.15,,
ESTAT:ERT_H_EUR_D(1.0),08/01/26 11:00:00,Daily,Average,National currency (former currencies of the euro area countries),Italian lira,1985-07-01,1436.73,,
ESTAT:ERT_H_EUR_D(1.0),08/01/26 11:00:00,Daily,Average,National currency (former currencies of the euro area countries),Italian lira,1985-07-02,1435.02,,
ESTAT:ERT_H_EUR_D(1.0),08/01/26 11:00:00,Daily,Average,National currency (former currencies of the euro area countries),Italian lira,1985-07-03,1432.56,,
ESTAT:ERT_H_EUR_D(1.0),08/01/26 11:00:00,Daily,Average,National currency (former currencies of the euro area countries),Italian lira,1985-07-04,1436.98,,
ESTAT:ERT_H_EUR_D(1.0),08/01/26 11:00:00,Daily,Average,National currency (former currencies of the euro area countries),Italian lira,1985-07-05,1435.44,,
ESTAT:ERT_H_EUR_D(1.0),08/01/26 11:00:00,Daily,Average,National currency (former currencies of the euro area countries),Italian lira,1985-07-08,1437.38,,
ESTAT:ERT_H_EUR_D(1.0),08/01/26 11:00:00,Daily,Average,National currency (former currencies of the euro area countries),Italian lira,1985-07-09,1437.72,,
ESTAT:ERT_H_EUR_D(1.0),08/01/26 11:00:00,Daily,Average,National currency (former currencies of the euro area countries),Italian lira,1985-07-10,1447.76,,
ESTAT:ERT_H_EUR_D(1.0),08/01/26 11:00:00,Daily,Average,National currency (former currencies of the euro area countries),Italian lira,1985-07-11,1450.81,,
ESTAT:ERT_H_EUR_D(1.0),08/01/26 11:00:00,Daily,Average,National currency (former currencies of the euro area countries),Italian lira,1985-07-12,1455.13,,
ESTAT:ERT_H_EUR_D(1.0),08/01/26 11:00:00,Daily,Average,National currency (former currencies of the euro area countries),Italian lira,1985-07-15,1458.67,,
ESTAT:ERT_H_EUR_D(1.0),08/01/26 11:00:00,Daily,Average,National currency (former currencies of the euro area countries),Italian lira,1985-07-16,1458.66,,
ESTAT:ERT_H_EUR_D(1.0),08/01/26 11:00:00,Daily,Average,National currency (former currencies of the euro area countries),Italian lira,1985-07-17,1459.16,,
ESTAT:ERT_H_EUR_D(1.0),08/01/26 11:00:00,Daily,Average,National currency (former currencies of the euro area countries),Italian lira,1985-07-18,1458.55,,
ESTAT:ERT_H_EUR_D(1.0),08/01/26 11:00:00,Daily,Average,National currency (former currencies of the euro area countries),Italian lira,1985-07-19,1460.46,,
ESTAT:ERT_H_EUR_D(1.0),08/01/26 11:00:00,Daily,Average,National currency (former currencies of the euro area countries),Italian lira,1985-07-22,1501.24,,
ESTAT:ERT_H_EUR_D(1.0),08/01/26 11:00:00,Daily,Average,National currency (former currencies of the euro area countries),Italian lira,1985-07-23,1503.12,,
ESTAT:ERT_H_EUR_D(1.0),08/01/26 11:00:00,Daily,Average,National currency (former currencies of the euro area countries),Italian lira,1985-07-24,1501.00,,
ESTAT:ERT_H_EUR_D(1.0),08/01/26 11:00:00,Daily,Average,National currency (former currencies of the euro area countries),Italian lira,1985-07-25,1501.09,,
ESTAT:ERT_H_EUR_D(1.0),08/01/26 11:00:00,Daily,Average,National currency (former currencies of the euro area countries),Italian lira,1985-07-26,1499.54,,
ESTAT:ERT_H_EUR_D(1.0),08/01/26 11:00:00,Daily,Average,National currency (former currencies of the euro area countries),Italian lira,1985-07-29,1504.60,,
ESTAT:ERT_H_EUR_D(1.0),08/01/26 11:00:00,Daily,Average,National currency (former currencies of the euro area countries),Italian lira,1985-07-30,1504.17,,
ESTAT:ERT_H_EUR_D(1.0),08/01/26 11:00:00,Daily,Average,National currency (former currencies of the euro area countries),Italian lira,1985-07-31,1501.91,,
ESTAT:ERT_H_EUR_D(1.0),08/01/26 11:00:00,Daily,Average,National currency (former currencies of the euro area countries),Italian lira,1985-08-01,1498.16,,
ESTAT:ERT_H_EUR_D(1.0),08/01/26 11:00:00,Daily,Average,National currency (former currencies of the euro area countries),Italian lira,1985-08-02,1490.88,,
ESTAT:ERT_H_EUR_D(1.0),08/01/26 11:00:00,Daily,Average,National currency (former currencies of the euro area countries),Italian lira,1985-08-05,1493.37,,
ESTAT:ERT_H_EUR_D(1.0),08/01/26 11:00:00,Daily,Average,National currency (former currencies of the euro area countries),Italian lira,1985-08-06,1487.07,,
ESTAT:ERT_H_EUR_D(1.0),08/01/26 11:00:00,Daily,Average,National currency (former currencies of the euro area countries),Italian lira,1985-08-07,1483.16,,
ESTAT:ERT_H_EUR_D(1.0),08/01/26 11:00:00,Daily,Average,National currency (former currencies of the euro area countries),Italian lira,1985-08-08,1488.31,,
ESTAT:ERT_H_EUR_D(1.0),08/01/26 11:00:00,Daily,Average,National currency (former currencies of the euro area countries),Italian lira,1985-08-09,1489.00,,
ESTAT:ERT_H_EUR_D(1.0),08/01/26 11:00:00,Daily,Average,National currency (former currencies of the euro area countries),Italian lira,1985-08-12,1494.16,,
ESTAT:ERT_H_EUR_D(1.0),08/01/26 11:00:00,Daily,Average,National currency (former currencies of the euro area countries),Italian lira,1985-08-13,1495.16,,
ESTAT:ERT_H_EUR_D(1.0),08/01/26 11:00:00,Daily,Average,National currency (former currencies of the euro area countries),Italian lira,1985-08-14,1494.36,,
ESTAT:ERT_H_EUR_D(1.0),08/01/26 11:00:00,Daily,Average,National currency (former currencies of the euro area countries),Italian lira,1985-08-15,1492.70,,
ESTAT:ERT_H_EUR_D(1.0),08/01/26 11:00:00,Daily,Average,National currency (former currencies of the euro area countries),Italian lira,1985-08-16,1490.86,,
ESTAT:ERT_H_EUR_D(1.0),08/01/26 11:00:00,Daily,Average,National currency (former currencies of the euro area countries),Italian lira,1985-08-19,1492.08,,
ESTAT:ERT_H_EUR_D(1.0),08/01/26 11:00:00,Daily,Average,National currency (former currencies of the euro area countries),Italian lira,1985-08-20,1491.75,,
ESTAT:ERT_H_EUR_D(1.0),08/01/26 11:00:00,Daily,Average,National currency (former currencies of the euro area countries),Italian lira,1985-08-21,1490.92,,
ESTAT:ERT_H_EUR_D(1.0),08/01/26 11:00:00,Daily,Average,National currency (former currencies of the euro area countries),Italian lira,1985-08-22,1493.04,,
ESTAT:ERT_H_EUR_D(1.0),08/01/26 11:00:00,Daily,Average,National currency (former currencies of the euro area countries),Italian lira,1985-08-23,1493.82,,
ESTAT:ERT_H_EUR_D(1.0),08/01/26 11:00:00,Daily,Average,National currency (former currencies of the euro area countries),Italian lira,1985-08-26,1494.13,,
ESTAT:ERT_H_EUR_D(1.0),08/01/26 11:00:00,Daily,Average,National currency (former currencies of the euro area countries),Italian lira,1985-08-27,1493.90,,
ESTAT:ERT_H_EUR_D(1.0),08/01/26 11:00:00,Daily,Average,National currency (former currencies of the euro area countries),Italian lira,1985-08-28,1495.95,,
ESTAT:ERT_H_EUR_D(1.0),08/01/26 11:00:00,Daily,Average,National currency (former currencies of the euro area countries),Italian lira,1985-08-29,1496.16,,
ESTAT:ERT_H_EUR_D(1.0),08/01/26 11:00:00,Daily,Average,National currency (former currencies of the euro area countries),Italian lira,1985-08-30,1496.56,,
ESTAT:ERT_H_EUR_D(1.0),08/01/26 11:00:00,Daily,Average,National currency (former currencies of the euro area countries),Italian lira,1985-09-02,1491.56,,
ESTAT:ERT_H_EUR_D(1.0),08/01/26 11:00:00,Daily,Average,National currency (former currencies of the euro area countries),Italian lira,1985-09-03,1490.09,,
ESTAT:ERT_H_EUR_D(1.0),08/01/26 11:00:00,Daily,Average,National currency (former currencies of the euro area countries),Italian lira,1985-09-04,1491.14,,
ESTAT:ERT_H_EUR_D(1.0),08/01/26 11:00:00,Daily,Average,National currency (former currencies of the euro area countries),Italian lira,1985-09-05,1490.28,,
ESTAT:ERT_H_EUR_D(1.0),08/01/26 11:00:00,Daily,Average,National currency (former currencies of the euro area countries),Italian lira,1985-09-06,1484.38,,
ESTAT:ERT_H_EUR_D(1.0),08/01/26 11:00:00,Daily,Average,National currency (former currencies of the euro area countries),Italian lira,1985-09-09,1480.46,,
ESTAT:ERT_H_EUR_D(1.0),08/01/26 11:00:00,Daily,Average,National currency (former currencies of the euro area countries),Italian lira,1985-09-10,1483.42,,
ESTAT:ERT_H_EUR_D(1.0),08/01/26 11:00:00,Daily,Average,National currency (former currencies of the euro area countries),Italian lira,1985-09-11,1481.21,,
ESTAT:ERT_H_EUR_D(1.0),08/01/26 11:00:00,Daily,Average,National currency (former currencies of the euro area countries),Italian lira,1985-09-12,1483.99,,
ESTAT:ERT_H_EUR_D(1.0),08/01/26 11:00:00,Daily,Average,National currency (former currencies of the euro area countries),Italian lira,1985-09-13,1492.55,,
ESTAT:ERT_H_EUR_D(1.0),08/01/26 11:00:00,Daily,Average,National currency (former currencies of the euro area countries),Italian lira,1985-09-16,1491.86,,
ESTAT:ERT_H_EUR_D(1.0),08/01/26 11:00:00,Daily,Average,National currency (former currencies of the euro area countries),Italian lira,1985-09-17,1494.61,,
ESTAT:ERT_H_EUR_D(1.0),08/01/26 11:00:00,Daily,Average,National currency (former currencies of the euro area countries),Italian lira,1985-09-18,1494.14,,
ESTAT:ERT_H_EUR_D(1.0),08/01/26 11:00:00,Daily,Average,National currency (former currencies of the euro area countries),Italian lira,1985-09-19,1496.51,,
ESTAT:ERT_H_EUR_D(1.0),08/01/26 11:00:00,Daily,Average,National currency (former currencies of the euro area countries),Italian lira,1985-09-20,1498.38,,
ESTAT:ERT_H_EUR_D(1.0),08/01/26 11:00:00,Daily,Average,National currency (former currencies of the euro area countries),Italian lira,1985-09-23,1504.26,,
ESTAT:ERT_H_EUR_D(1.0),08/01/26 11:00:00,Daily,Average,National currency (former currencies of the euro area countries),Italian lira,1985-09-24,1505.71,,
ESTAT:ERT_H_EUR_D(1.0),08/01/26 11:00:00,Daily,Average,National currency (former currencies of the euro area countries),Italian lira,1985-09-25,1502.80,,
ESTAT:ERT_H_EUR_D(1.0),08/01/26 11:00:00,Daily,Average,National currency (former currencies of the euro area countries),Italian lira,1985-09-26,1500.81,,
ESTAT:ERT_H_EUR_D(1.0),08/01/26 11:00:00,Daily,Average,National currency (former currencies of the euro area countries),Italian lira,1985-09-27,1493.96,,
ESTAT:ERT_H_EUR_D(1.0),08/01/26 11:00:00,Daily,Average,National currency (former currencies of the euro area countries),Italian lira,1985-09-30,1494.63,,
ESTAT:ERT_H_EUR_D(1.0),08/01/26 11:00:00,Daily,Average,National currency (former currencies of the euro area countries),Italian lira,1985-10-01,1495.66,,
ESTAT:ERT_H_EUR_D(1.0),08/01/26 11:00:00,Daily,Average,National currency (former currencies of the euro area countries),Italian lira,1985-10-02,1492.95,,
ESTAT:ERT_H_EUR_D(1.0),08/01/26 11:00:00,Daily,Average,National currency (former currencies of the euro area countries),Italian lira,1985-10-03,1494.88,,
ESTAT:ERT_H_EUR_D(1.0),08/01/26 11:00:00,Daily,Average,National currency (former currencies of the euro area countries),Italian lira,1985-10-04,1493.80,,
ESTAT:ERT_H_EUR_D(1.0),08/01/26 11:00:00,Daily,Average,National currency (former currencies of the euro area countries),Italian lira,1985-10-07,1490.97,,
ESTAT:ERT_H_EUR_D(1.0),08/01/26 11:00:00,Daily,Average,National currency (former currencies of the euro area countries),Italian lira,1985-10-08,1492.48,,
ESTAT:ERT_H_EUR_D(1.0),08/01/26 11:00:00,Daily,Average,National currency (former currencies of the euro area countries),Italian lira,1985-10-09,1491.85,,
ESTAT:ERT_H_EUR_D(1.0),08/01/26 11:00:00,Daily,Average,National currency (former currencies of the euro area countries),Italian lira,1985-10-10,1495.13,,
ESTAT:ERT_H_EUR_D(1.0),08/01/26 11:00:00,Daily,Average,National currency (former currencies of the euro area countries),Italian lira,1985-10-11,1492.14,,
ESTAT:ERT_H_EUR_D(1.0),08/01/26 11:00:00,Daily,Average,National currency (former currencies of the euro area countries),Italian lira,1985-10-14,1490.95,,
ESTAT:ERT_H_EUR_D(1.0),08/01/26 11:00:00,Daily,Average,National currency (former currencies of the euro area countries),Italian lira,1985-10-15,1491.50,,
ESTAT:ERT_H_EUR_D(1.0),08/01/26 11:00:00,Daily,Average,National currency (former currencies of the euro area countries),Italian lira,1985-10-16,1491.79,,
ESTAT:ERT_H_EUR_D(1.0),08/01/26 11:00:00,Daily,Average,National currency (former currencies of the euro area countries),Italian lira,1985-10-17,1492.67,,
ESTAT:ERT_H_EUR_D(1.0),08/01/26 11:00:00,Daily,Average,National currency (former currencies of the euro area countries),Italian lira,1985-10-18,1491.54,,
ESTAT:ERT_H_EUR_D(1.0),08/01/26 11:00:00,Daily,Average,National currency (former currencies of the euro area countries),Italian lira,1985-10-21,1493.16,,
ESTAT:ERT_H_EUR_D(1.0),08/01/26 11:00:00,Daily,Average,National currency (former currencies of the euro area countries),Italian lira,1985-10-22,1492.82,,
ESTAT:ERT_H_EUR_D(1.0),08/01/26 11:00:00,Daily,Average,National currency (former currencies of the euro area countries),Italian lira,1985-10-23,1491.20,,
ESTAT:ERT_H_EUR_D(1.0),08/01/26 11:00:00,Daily,Average,National currency (former currencies of the euro area countries),Italian lira,1985-10-24,1492.83,,
ESTAT:ERT_H_EUR_D(1.0),08/01/26 11:00:00,Daily,Average,National currency (former currencies of the euro area countries),Italian lira,1985-10-25,1491.44,,
ESTAT:ERT_H_EUR_D(1.0),08/01/26 11:00:00,Daily,Average,National currency (former currencies of the euro area countries),Italian lira,1985-10-28,1492.19,,
ESTAT:ERT_H_EUR_D(1.0),08/01/26 11:00:00,Daily,Average,National currency (former currencies of the euro area countries),Italian lira,1985-10-29,1493.03,,
ESTAT:ERT_H_EUR_D(1.0),08/01/26 11:00:00,Daily,Average,National currency (former currencies of the euro area countries),Italian lira,1985-10-30,1493.67,,
ESTAT:ERT_H_EUR_D(1.0),08/01/26 11:00:00,Daily,Average,National currency (former currencies of the euro area countries),Italian lira,1985-10-31,1493.10,,
ESTAT:ERT_H_EUR_D(1.0),08/01/26 11:00:00,Daily,Average,National currency (former currencies of the euro area countries),Italian lira,1985-11-01,1490.08,,
ESTAT:ERT_H_EUR_D(1.0),08/01/26 11:00:00,Daily,Average,National currency (former currencies of the euro area countries),Italian lira,1985-11-04,1491.28,,
ESTAT:ERT_H_EUR_D(1.0),08/01/26 11:00:00,Daily,Average,National currency (former currencies of the euro area countries),Italian lira,1985-11-05,1491.23,,
ESTAT:ERT_H_EUR_D(1.0),08/01/26 11:00:00,Daily,Average,National currency (former currencies of the euro area countries),Italian lira,1985-11-06,1490.81,,
ESTAT:ERT_H_EUR_D(1.0),08/01/26 11:00:00,Daily,Average,National currency (former currencies of the euro area countries),Italian lira,1985-11-07,1490.49,,
ESTAT:ERT_H_EUR_D(1.0),08/01/26 11:00:00,Daily,Average,National currency (former currencies of the euro area countries),Italian lira,1985-11-08,1488.24,,
ESTAT:ERT_H_EUR_D(1.0),08/01/26 11:00:00,Daily,Average,National currency (former currencies of the euro area countries),Italian lira,1985-11-11,1490.41,,
ESTAT:ERT_H_EUR_D(1.0),08/01/26 11:00:00,Daily,Average,National currency (former currencies of the euro area countries),Italian lira,1985-11-12,1489.68,,
ESTAT:ERT_H_EUR_D(1.0),08/01/26 11:00:00,Daily,Average,National currency (former currencies of the euro area countries),Italian lira,1985-11-13,1489.96,,
ESTAT:ERT_H_EUR_D(1.0),08/01/26 11:00:00,Daily,Average,National currency (former currencies of the euro area countries),Italian lira,1985-11-14,1492.03,,
ESTAT:ERT_H_EUR_D(1.0),08/01/26 11:00:00,Daily,Average,National currency (former currencies of the euro area countries),Italian lira,1985-11-15,1490.88,,
ESTAT:ERT_H_EUR_D(1.0),08/01/26 11:00:00,Daily,Average,National currency (former currencies of the euro area countries),Italian lira,1985-11-18,1491.49,,
ESTAT:ERT_H_EUR_D(1.0),08/01/26 11:00:00,Daily,Average,National currency (former currencies of the euro area countries),Italian lira,1985-11-19,1493.37,,
ESTAT:ERT_H_EUR_D(1.0),08/01/26 11:00:00,Daily,Average,National currency (former currencies of the euro area countries),Italian lira,1985-11-20,1491.52,,
ESTAT:ERT_H_EUR_D(1.0),08/01/26 11:00:00,Daily,Average,National currency (former currencies of the euro area countries),Italian lira,1985-11-21,1493.57,,
ESTAT:ERT_H_EUR_D(1.0),08/01/26 11:00:00,Daily,Average,National currency (former currencies of the euro area countries),Italian lira,1985-11-22,1491.49,,
ESTAT:ERT_H_EUR_D(1.0),08/01/26 11:00:00,Daily,Average,National currency (former currencies of the euro area countries),Italian lira,1985-11-25,1492.54,,
ESTAT:ERT_H_EUR_D(1.0),08/01/26 11:00:00,Daily,Average,National currency (former currencies of the euro area countries),Italian lira,1985-11-26,1493.20,,
ESTAT:ERT_H_EUR_D(1.0),08/01/26 11:00:00,Daily,Average,National currency (former currencies of the euro area countries),Italian lira,1985-11-27,1493.40,,
ESTAT:ERT_H_EUR_D(1.0),08/01/26 11:00:00,Daily,Average,National currency (former currencies of the euro area countries),Italian lira,1985-11-28,1492.26,,
ESTAT:ERT_H_EUR_D(1.0),08/01/26 11:00:00,Daily,Average,National currency (former currencies of the euro area countries),Italian lira,1985-11-29,1501.56,,
ESTAT:ERT_H_EUR_D(1.0),08/01/26 11:00:00,Daily,Average,National currency (former currencies of the euro area countries),Italian lira,1985-12-02,1503.72,,
ESTAT:ERT_H_EUR_D(1.0),08/01/26 11:00:00,Daily,Average,National currency (former currencies of the euro area countries),Italian lira,1985-12-03,1501.89,,
ESTAT:ERT_H_EUR_D(1.0),08/01/26 11:00:00,Daily,Average,National currency (former currencies of the euro area countries),Italian lira,1985-12-04,1504.68,,
ESTAT:ERT_H_EUR_D(1.0),08/01/26 11:00:00,Daily,Average,National currency (former currencies of the euro area countries),Italian lira,1985-12-05,1505.00,,
ESTAT:ERT_H_EUR_D(1.0),08/01/26 11:00:00,Daily,Average,National currency (former currencies of the euro area countries),Italian lira,1985-12-06,1503.73,,
ESTAT:ERT_H_EUR_D(1.0),08/01/26 11:00:00,Daily,Average,National currency (former currencies of the euro area countries),Italian lira,1985-12-09,1499.27,,
ESTAT:ERT_H_EUR_D(1.0),08/01/26 11:00:00,Daily,Average,National currency (former currencies of the euro area countries),Italian lira,1985-12-10,1495.33,,
ESTAT:ERT_H_EUR_D(1.0),08/01/26 11:00:00,Daily,Average,National currency (former currencies of the euro area countries),Italian lira,1985-12-11,1494.58,,
ESTAT:ERT_H_EUR_D(1.0),08/01/26 11:00:00,Daily,Average,National currency (former currencies of the euro area countries),Italian lira,1985-12-12,1496.21,,
ESTAT:ERT_H_EUR_D(1.0),08/01/26 11:00:00,Daily,Average,National currency (former currencies of the euro area countries),Italian lira,1985-12-13,1497.30,,
ESTAT:ERT_H_EUR_D(1.0),08/01/26 11:00:00,Daily,Average,National currency (former currencies of the euro area countries),Italian lira,1985-12-16,1496.69,,
ESTAT:ERT_H_EUR_D(1.0),08/01/26 11:00:00,Daily,Average,National currency (former currencies of the euro area countries),Italian lira,1985-12-17,1494.84,,
ESTAT:ERT_H_EUR_D(1.0),08/01/26 11:00:00,Daily,Average,National currency (former currencies of the euro area countries),Italian lira,1985-12-18,1493.29,,
ESTAT:ERT_H_EUR_D(1.0),08/01/26 11:00:00,Daily,Average,National currency (former currencies of the euro area countries),Italian lira,1985-12-19,1492.75,,
ESTAT:ERT_H_EUR_D(1.0),08/01/26 11:00:00,Daily,Average,National currency (former currencies of the euro area countries),Italian lira,1985-12-20,1493.02,,
ESTAT:ERT_H_EUR_D(1.0),08/01/26 11:00:00,Daily,Average,National currency (former currencies of the euro area countries),Italian lira,1985-12-23,1493.60,,
ESTAT:ERT_H_EUR_D(1.0),08/01/26 11:00:00,Daily,Average,National currency (former currencies of the euro area countries),Italian lira,1985-12-24,1491.36,,
ESTAT:ERT_H_EUR_D(1.0),08/01/26 11:00:00,Daily,Average,National currency (former currencies of the euro area countries),Italian lira,1985-12-27,1491.41,,
ESTAT:ERT_H_EUR_D(1.0),08/01/26 11:00:00,Daily,Average,National currency (former currencies of the euro area countries),Italian lira,1985-12-30,1489.59,,
ESTAT:ERT_H_EUR_D(1.0),08/01/26 11:00:00,Daily,Average,National currency (former currencies of the euro area countries),Italian lira,1985-12-31,1489.94,,
ESTAT:ERT_H_EUR_D(1.0),08/01/26 11:00:00,Daily,Average,National currency (former currencies of the euro area countries),Italian lira,1986-01-02,1488.66,,
ESTAT:ERT_H_EUR_D(1.0),08/01/26 11:00:00,Daily,Average,National currency (former currencies of the euro area countries),Italian lira,1986-01-03,1490.69,,
ESTAT:ERT_H_EUR_D(1.0),08/01/26 11:00:00,Daily,Average,National currency (former currencies of the euro area countries),Italian lira,1986-01-06,1488.41,,
ESTAT:ERT_H_EUR_D(1.0),08/01/26 11:00:00,Daily,Average,National currency (former currencies of the euro area countries),Italian lira,1986-01-07,1488.17,,
ESTAT:ERT_H_EUR_D(1.0),08/01/26 11:00:00,Daily,Average,National currency (former currencies of the euro area countries),Italian lira,1986-01-08,1489.23,,
ESTAT:ERT_H_EUR_D(1.0),08/01/26 11:00:00,Daily,Average,National currency (former currencies of the euro area countries),Italian lira,1986-01-09,1490.40,,
ESTAT:ERT_H_EUR_D(1.0),08/01/26 11:00:00,Daily,Average,National currency (former currencies of the euro area countries),Italian lira,1986-01-10,1490.39,,
ESTAT:ERT_H_EUR_D(1.0),08/01/26 11:00:00,Daily,Average,National currency (former currencies of the euro area countries),Italian lira,1986-01-13,1489.18,,
ESTAT:ERT_H_EUR_D(1.0),08/01/26 11:00:00,Daily,Average,National currency (former currencies of the euro area countries),Italian lira,1986-01-14,1489.62,,
ESTAT:ERT_H_EUR_D(1.0),08/01/26 11:00:00,Daily,Average,National currency (former currencies of the euro area countries),Italian lira,1986-01-15,1489.85,,
ESTAT:ERT_H_EUR_D(1.0),08/01/26 11:00:00,Daily,Average,National currency (former currencies of the euro area countries),Italian lira,1986-01-16,1489.53,,
ESTAT:ERT_H_EUR_D(1.0),08/01/26 11:00:00,Daily,Average,National currency (former currencies of the euro area countries),Italian lira,1986-01-17,1488.60,,
ESTAT:ERT_H_EUR_D(1.0),08/01/26 11:00:00,Daily,Average,National currency (former currencies of the euro area countries),Italian lira,1986-01-20,1486.81,,
ESTAT:ERT_H_EUR_D(1.0),08/01/26 11:00:00,Daily,Average,National currency (former currencies of the euro area countries),Italian lira,1986-01-21,1483.78,,
ESTAT:ERT_H_EUR_D(1.0),08/01/26 11:00:00,Daily,Average,National currency (former currencies of the euro area countries),Italian lira,1986-01-22,1481.37,,
ESTAT:ERT_H_EUR_D(1.0),08/01/26 11:00:00,Daily,Average,National currency (former currencies of the euro area countries),Italian lira,1986-01-23,1478.71,,
ESTAT:ERT_H_EUR_D(1.0),08/01/26 11:00:00,Daily,Average,National currency (former currencies of the euro area countries),Italian lira,1986-01-24,1476.95,,
ESTAT:ERT_H_EUR_D(1.0),08/01/26 11:00:00,Daily,Average,National currency (former currencies of the euro area countries),Italian lira,1986-01-27,1473.67,,
ESTAT:ERT_H_EUR_D(1.0),08/01/26 11:00:00,Daily,Average,National currency (former currencies of the euro area countries),Italian lira,1986-01-28,1476.28,,
ESTAT:ERT_H_EUR_D(1.0),08/01/26 11:00:00,Daily,Average,National currency (former currencies of the euro area countries),Italian lira,1986-01-29,1474.97,,
ESTAT:ERT_H_EUR_D(1.0),08/01/26 11:00:00,Daily,Average,National currency (former currencies of the euro area countries),Italian lira,1986-01-30,1475.97,,
ESTAT:ERT_H_EUR_D(1.0),08/01/26 11:00:00,Daily,Average,National currency (former currencies of the euro area countries),Italian lira,1986-01-31,1477.41,,
ESTAT:ERT_H_EUR_D(1.0),08/01/26 11:00:00,Daily,Average,National currency (former currencies of the euro area countries),Italian lira,1986-02-03,1472.62,,
ESTAT:ERT_H_EUR_D(1.0),08/01/26 11:00:00,Daily,Average,National currency (former currencies of the euro area countries),Italian lira,1986-02-04,1471.37,,
ESTAT:ERT_H_EUR_D(1.0),08/01/26 11:00:00,Daily,Average,National currency (former currencies of the euro area countries),Italian lira,1986-02-05,1472.52,,
ESTAT:ERT_H_EUR_D(1.0),08/01/26 11:00:00,Daily,Average,National currency (former currencies of the euro area countries),Italian lira,1986-02-06,1472.22,,
ESTAT:ERT_H_EUR_D(1.0),08/01/26 11:00:00,Daily,Average,National currency (former currencies of the euro area countries),Italian lira,1986-02-07,1475.13,,
ESTAT:ERT_H_EUR_D(1.0),08/01/26 11:00:00,Daily,Average,National currency (former currencies of the euro area countries),Italian lira,1986-02-10,1473.98,,
ESTAT:ERT_H_EUR_D(1.0),08/01/26 11:00:00,Daily,Average,National currency (former currencies of the euro area countries),Italian lira,1986-02-11,1473.88,,
ESTAT:ERT_H_EUR_D(1.0),08/01/26 11:00:00,Daily,Average,National currency (former currencies of the euro area countries),Italian lira,1986-02-12,1473.44,,
ESTAT:ERT_H_EUR_D(1.0),08/01/26 11:00:00,Daily,Average,National currency (former currencies of the euro area countries),Italian lira,1986-02-13,1472.47,,
ESTAT:ERT_H_EUR_D(1.0),08/01/26 11:00:00,Daily,Average,National currency (former currencies of the euro area countries),Italian lira,1986-02-14,1472.98,,
ESTAT:ERT_H_EUR_D(1.0),08/01/26 11:00:00,Daily,Average,National currency (former currencies of the euro area countries),Italian lira,1986-02-17,1471.35,,
ESTAT:ERT_H_EUR_D(1.0),08/01/26 11:00:00,Daily,Average,National currency (former currencies of the euro area countries),Italian lira,1986-02-18,1474.05,,
ESTAT:ERT_H_EUR_D(1.0),08/01/26 11:00:00,Daily,Average,National currency (former currencies of the euro area countries),Italian lira,1986-02-19,1471.83,,
ESTAT:ERT_H_EUR_D(1.0),08/01/26 11:00:00,Daily,Average,National currency (former currencies of the euro area countries),Italian lira,1986-02-20,1473.79,,
ESTAT:ERT_H_EUR_D(1.0),08/01/26 11:00:00,Daily,Average,National currency (former currencies of the euro area countries),Italian lira,1986-02-21,1472.00,,
ESTAT:ERT_H_EUR_D(1.0),08/01/26 11:00:00,Daily,Average,National currency (former currencies of the euro area countries),Italian lira,1986-02-24,1471.61,,
ESTAT:ERT_H_EUR_D(1.0),08/01/26 11:00:00,Daily,Average,National currency (former currencies of the euro area countries),Italian lira,1986-02-25,1472.71,,
ESTAT:ERT_H_EUR_D(1.0),08/01/26 11:00:00,Daily,Average,National currency (former currencies of the euro area countries),Italian lira,1986-02-26,1471.42,,
ESTAT:ERT_H_EUR_D(1.0),08/01/26 11:00:00,Daily,Average,National currency (former currencies of the euro area countries),Italian lira,1986-02-27,1469.84,,
ESTAT:ERT_H_EUR_D(1.0),08/01/26 11:00:00,Daily,Average,National currency (former currencies of the euro area countries),Italian lira,1986-02-28,1467.70,,
ESTAT:ERT_H_EUR_D(1.0),08/01/26 11:00:00,Daily,Average,National currency (former currencies of the euro area countries),Italian lira,1986-03-03,1462.59,,
ESTAT:ERT_H_EUR_D(1.0),08/01/26 11:00:00,Daily,Average,National currency (former currencies of the euro area countries),Italian lira,1986-03-04,1463.68,,
ESTAT:ERT_H_EUR_D(1.0),08/01/26 11:00:00,Daily,Average,National currency (former currencies of the euro area countries),Italian lira,1986-03-05,1465.13,,
ESTAT:ERT_H_EUR_D(1.0),08/01/26 11:00:00,Daily,Average,National currency (former currencies of the euro area countries),Italian lira,1986-03-06,1466.22,,
ESTAT:ERT_H_EUR_D(1.0),08/01/26 11:00:00,Daily,Average,National currency (former currencies of the euro area countries),Italian lira,1986-03-07,1466.13,,
ESTAT:ERT_H_EUR_D(1.0),08/01/26 11:00:00,Daily,Average,National currency (former currencies of the euro area countries),Italian lira,1986-03-10,1468.08,,
ESTAT:ERT_H_EUR_D(1.0),08/01/26 11:00:00,Daily,Average,National currency (former currencies of the euro area countries),Italian lira,1986-03-11,1469.01,,
ESTAT:ERT_H_EUR_D(1.0),08/01/26 11:00:00,Daily,Average,National currency (former currencies of the euro area countries),Italian lira,1986-03-12,1471.32,,
ESTAT:ERT_H_EUR_D(1.0),08/01/26 11:00:00,Daily,Average,National currency (former currencies of the euro area countries),Italian lira,1986-03-13,1471.07,,
ESTAT:ERT_H_EUR_D(1.0),08/01/26 11:00:00,Daily,Average,National currency (former currencies of the euro area countries),Italian lira,1986-03-14,1470.09,,
ESTAT:ERT_H_EUR_D(1.0),08/01/26 11:00:00,Daily,Average,National currency (former currencies of the euro area countries),Italian lira,1986-03-17,1468.06,,
ESTAT:ERT_H_EUR_D(1.0),08/01/26 11:00:00,Daily,Average,National currency (former currencies of the euro area countries),Italian lira,1986-03-18,1469.35,,
ESTAT:ERT_H_EUR_D(1.0),08/01/26 11:00:00,Daily,Average,National currency (former currencies of the euro area countries),Italian lira,1986-03-19,1471.75,,
ESTAT:ERT_H_EUR_D(1.0),08/01/26 11:00:00,Daily,Average,National currency (former currencies of the euro area countries),Italian lira,1986-03-20,1472.21,,
ESTAT:ERT_H_EUR_D(1.0),08/01/26 11:00:00,Daily,Average,National currency (former currencies of the euro area countries),Italian lira,1986-03-21,1474.41,,
ESTAT:ERT_H_EUR_D(1.0),08/01/26 11:00:00,Daily,Average,National currency (former currencies of the euro area countries),Italian lira,1986-03-24,1476.24,,
ESTAT:ERT_H_EUR_D(1.0),08/01/26 11:00:00,Daily,Average,National currency (former currencies of the euro area countries),Italian lira,1986-03-25,1475.53,,
ESTAT:ERT_H_EUR_D(1.0),08/01/26 11:00:00,Daily,Average,National currency (former currencies of the euro area countries),Italian lira,1986-03-26,1476.58,,
ESTAT:ERT_H_EUR_D(1.0),08/01/26 11:00:00,Daily,Average,National currency (former currencies of the euro area countries),Italian lira,1986-03-27,1477.47,,
ESTAT:ERT_H_EUR_D(1.0),08/01/26 11:00:00,Daily,Average,National currency (former currencies of the euro area countries),Italian lira,1986-04-01,1476.68,,
ESTAT:ERT_H_EUR_D(1.0),08/01/26 11:00:00,Daily,Average,National currency (former currencies of the euro area countries),Italian lira,1986-04-02,1479.26,,
ESTAT:ERT_H_EUR_D(1.0),08/01/26 11:00:00,Daily,Average,National currency (former currencies of the euro area countries),Italian lira,1986-04-03,1481.05,,
ESTAT:ERT_H_EUR_D(1.0),08/01/26 11:00:00,Daily,Average,National currency (former currencies of the euro area countries),Italian lira,1986-04-07,1480.28,,
ESTAT:ERT_H_EUR_D(1.0),08/01/26 11:00:00,Daily,Average,National currency (former currencies of the euro area countries),Italian lira,1986-04-08,1480.38,,
ESTAT:ERT_H_EUR_D(1.0),08/01/26 11:00:00,Daily,Average,National currency (former currencies of the euro area countries),Italian lira,1986-04-09,1474.86,,
ESTAT:ERT_H_EUR_D(1.0),08/01/26 11:00:00,Daily,Average,National currency (former currencies of the euro area countries),Italian lira,1986-04-10,1476.48,,
ESTAT:ERT_H_EUR_D(1.0),08/01/26 11:00:00,Daily,Average,National currency (former currencies of the euro area countries),Italian lira,1986-04-11,1476.04,,
ESTAT:ERT_H_EUR_D(1.0),08/01/26 11:00:00,Daily,Average,National currency (former currencies of the euro area countries),Italian lira,1986-04-14,1477.36,,
ESTAT:ERT_H_EUR_D(1.0),08/01/26 11:00:00,Daily,Average,National currency (former currencies of the euro area countries),Italian lira,1986-04-15,1478.56,,
ESTAT:ERT_H_EUR_D(1.0),08/01/26 11:00:00,Daily,Average,National currency (former currencies of the euro area countries),Italian lira,1986-04-16,1475.32,,
ESTAT:ERT_H_EUR_D(1.0),08/01/26 11:00:00,Daily,Average,National currency (former currencies of the euro area countries),Italian lira,1986-04-17,1474.56,,
ESTAT:ERT_H_EUR_D(1.0),08/01/26 11:00:00,Daily,Average,National currency (former currencies of the euro area countries),Italian lira,1986-04-18,1473.39,,
ESTAT:ERT_H_EUR_D(1.0),08/01/26 11:00:00,Daily,Average,National currency (former currencies of the euro area countries),Italian lira,1986-04-21,1472.23,,
ESTAT:ERT_H_EUR_D(1.0),08/01/26 11:00:00,Daily,Average,National currency (former currencies of the euro area countries),Italian lira,1986-04-22,1471.59,,
ESTAT:ERT_H_EUR_D(1.0),08/01/26 11:00:00,Daily,Average,National currency (former currencies of the euro area countries),Italian lira,1986-04-23,1472.81,,
ESTAT:ERT_H_EUR_D(1.0),08/01/26 11:00:00,Daily,Average,National currency (former currencies of the euro area countries),Italian lira,1986-04-24,1474.78,,
ESTAT:ERT_H_EUR_D(1.0),08/01/26 11:00:00,Daily,Average,National currency (former currencies of the euro area countries),Italian lira,1986-04-25,1474.50,,
ESTAT:ERT_H_EUR_D(1.0),08/01/26 11:00:00,Daily,Average,National currency (former currencies of the euro area countries),Italian lira,1986-04-28,1475.28,,
ESTAT:ERT_H_EUR_D(1.0),08/01/26 11:00:00,Daily,Average,National currency (former currencies of the euro area countries),Italian lira,1986-04-29,1475.77,,
ESTAT:ERT_H_EUR_D(1.0),08/01/26 11:00:00,Daily,Average,National currency (former currencies of the euro area countries),Italian lira,1986-04-30,1475.98,,
ESTAT:ERT_H_EUR_D(1.0),08/01/26 11:00:00,Daily,Average,National currency (former currencies of the euro area countries),Italian lira,1986-05-02,1472.94,,
ESTAT:ERT_H_EUR_D(1.0),08/01/26 11:00:00,Daily,Average,National currency (former currencies of the euro area countries),Italian lira,1986-05-05,1475.40,,
ESTAT:ERT_H_EUR_D(1.0),08/01/26 11:00:00,Daily,Average,National currency (former currencies of the euro area countries),Italian lira,1986-05-06,1478.66,,
ESTAT:ERT_H_EUR_D(1.0),08/01/26 11:00:00,Daily,Average,National currency (former currencies of the euro area countries),Italian lira,1986-05-07,1476.14,,
ESTAT:ERT_H_EUR_D(1.0),08/01/26 11:00:00,Daily,Average,National currency (former currencies of the euro area countries),Italian lira,1986-05-09,1474.61,,
ESTAT:ERT_H_EUR_D(1.0),08/01/26 11:00:00,Daily,Average,National currency (former currencies of the euro area countries),Italian lira,1986-05-12,1476.06,,
ESTAT:ERT_H_EUR_D(1.0),08/01/26 11:00:00,Daily,Average,National currency (former currencies of the euro area countries),Italian lira,1986-05-13,1474.88,,
ESTAT:ERT_H_EUR_D(1.0),08/01/26 11:00:00,Daily,Average,National currency (former currencies of the euro area countries),Italian lira,1986-05-14,1474.67,,
ESTAT:ERT_H_EUR_D(1.0),08/01/26 11:00:00,Daily,Average,National currency (former currencies of the euro area countries),Italian lira,1986-05-15,1474.82,,
ESTAT:ERT_H_EUR_D(1.0),08/01/26 11:00:00,Daily,Average,National currency (former currencies of the euro area countries),Italian lira,1986-05-16,1474.40,,
ESTAT:ERT_H_EUR_D(1.0),08/01/26 11:00:00,Daily,Average,National currency (former currencies of the euro area countries),Italian lira,1986-05-20,1475.47,,
ESTAT:ERT_H_EUR_D(1.0),08/01/26 11:00:00,Daily,Average,National currency (former currencies of the euro area countries),Italian lira,1986-05-21,1476.89,,
ESTAT:ERT_H_EUR_D(1.0),08/01/26 11:00:00,Daily,Average,National currency (former currencies of the euro area countries),Italian lira,1986-05-22,1477.41,,
ESTAT:ERT_H_EUR_D(1.0),08/01/26 11:00:00,Daily,Average,National currency (former currencies of the euro area countries),Italian lira,1986-05-23,1477.07,,
ESTAT:ERT_H_EUR_D(1.0),08/01/26 11:00:00,Daily,Average,National currency (former currencies of the euro area countries),Italian lira,1986-05-26,1477.14,,
ESTAT:ERT_H_EUR_D(1.0),08/01/26 11:00:00,Daily,Average,National currency (former currencies of the euro area countries),Italian lira,1986-05-27,1477.75,,
ESTAT:ERT_H_EUR_D(1.0),08/01/26 11:00:00,Daily,Average,National currency (former currencies of the euro area countries),Italian lira,1986-05-28,1478.17,,
ESTAT:ERT_H_EUR_D(1.0),08/01/26 11:00:00,Daily,Average,National currency (former currencies of the euro area countries),Italian lira,1986-05-29,1477.96,,
ESTAT:ERT_H_EUR_D(1.0),08/01/26 11:00:00,Daily,Average,National currency (former currencies of the euro area countries),Italian lira,1986-05-30,1477.44,,
ESTAT:ERT_H_EUR_D(1.0),08/01/26 11:00:00,Daily,Average,National currency (former currencies of the euro area countries),Italian lira,1986-06-02,1476.08,,
ESTAT:ERT_H_EUR_D(1.0),08/01/26 11:00:00,Daily,Average,National currency (former currencies of the euro area countries),Italian lira,1986-06-03,1476.33,,
ESTAT:ERT_H_EUR_D(1.0),08/01/26 11:00:00,Daily,Average,National currency (former currencies of the euro area countries),Italian lira,1986-06-04,1474.49,,
ESTAT:ERT_H_EUR_D(1.0),08/01/26 11:00:00,Daily,Average,National currency (former currencies of the euro area countries),Italian lira,1986-06-05,1473.05,,
ESTAT:ERT_H_EUR_D(1.0),08/01/26 11:00:00,Daily,Average,National currency (former currencies of the euro area countries),Italian lira,1986-06-06,1474.57,,
ESTAT:ERT_H_EUR_D(1.0),08/01/26 11:00:00,Daily,Average,National currency (former currencies of the euro area countries),Italian lira,1986-06-09,1475.06,,
ESTAT:ERT_H_EUR_D(1.0),08/01/26 11:00:00,Daily,Average,National currency (former currencies of the euro area countries),Italian lira,1986-06-10,1475.40,,
ESTAT:ERT_H_EUR_D(1.0),08/01/26 11:00:00,Daily,Average,National currency (former currencies of the euro area countries),Italian lira,1986-06-11,1477.59,,
ESTAT:ERT_H_EUR_D(1.0),08/01/26 11:00:00,Daily,Average,National currency (former currencies of the euro area countries),Italian lira,1986-06-12,1477.49,,
ESTAT:ERT_H_EUR_D(1.0),08/01/26 11:00:00,Daily,Average,National currency (former currencies of the euro area countries),Italian lira,1986-06-13,1475.90,,
ESTAT:ERT_H_EUR_D(1.0),08/01/26 11:00:00,Daily,Average,National currency (former currencies of the euro area countries),Italian lira,1986-06-16,1475.10,,
ESTAT:ERT_H_EUR_D(1.0),08/01/26 11:00:00,Daily,Average,National currency (former currencies of the euro area countries),Italian lira,1986-06-17,1473.77,,
ESTAT:ERT_H_EUR_D(1.0),08/01/26 11:00:00,Daily,Average,National currency (former currencies of the euro area countries),Italian lira,1986-06-18,1472.55,,
ESTAT:ERT_H_EUR_D(1.0),08/01/26 11:00:00,Daily,Average,National currency (former currencies of the euro area countries),Italian lira,1986-06-19,1474.45,,
ESTAT:ERT_H_EUR_D(1.0),08/01/26 11:00:00,Daily,Average,National currency (former currencies of the euro area countries),Italian lira,1986-06-20,1473.67,,
ESTAT:ERT_H_EUR_D(1.0),08/01/26 11:00:00,Daily,Average,National currency (former currencies of the euro area countries),Italian lira,1986-06-23,1474.78,,
ESTAT:ERT_H_EUR_D(1.0),08/01/26 11:00:00,Daily,Average,National currency (former currencies of the euro area countries),Italian lira,1986-06-24,1474.72,,
ESTAT:ERT_H_EUR_D(1.0),08/01/26 11:00:00,Daily,Average,National currency (former currencies of the euro area countries),Italian lira,1986-06-25,1473.86,,
ESTAT:ERT_H_EUR_D(1.0),08/01/26 11:00:00,Daily,Average,National currency (former currencies of the euro area countries),Italian lira,1986-06-26,1474.41,,
ESTAT:ERT_H_EUR_D(1.0),08/01/26 11:00:00,Daily,Average,National currency (former currencies of the euro area countries),Italian lira,1986-06-27,1477.69,,
ESTAT:ERT_H_EUR_D(1.0),08/01/26 11:00:00,Daily,Average,National currency (former currencies of the euro area countries),Italian lira,1986-06-30,1475.89,,
ESTAT:ERT_H_EUR_D(1.0),08/01/26 11:00:00,Daily,Average,National currency (former currencies of the euro area countries),Italian lira,1986-07-01,1475.11,,
ESTAT:ERT_H_EUR_D(1.0),08/01/26 11:00:00,Daily,Average,National currency (former currencies of the euro area countries),Italian lira,1986-07-02,1475.08,,
ESTAT:ERT_H_EUR_D(1.0),08/01/26 11:00:00,Daily,Average,National currency (former currencies of the euro area countries),Italian lira,1986-07-03,1473.62,,
ESTAT:ERT_H_EUR_D(1.0),08/01/26 11:00:00,Daily,Average,National currency (former currencies of the euro area countries),Italian lira,1986-07-04,1473.07,,
ESTAT:ERT_H_EUR_D(1.0),08/01/26 11:00:00,Daily,Average,National currency (former currencies of the euro area countries),Italian lira,1986-07-07,1472.52,,
ESTAT:ERT_H_EUR_D(1.0),08/01/26 11:00:00,Daily,Average,National currency (former currencies of the euro area countries),Italian lira,1986-07-08,1469.70,,
ESTAT:ERT_H_EUR_D(1.0),08/01/26 11:00:00,Daily,Average,National currency (former currencies of the euro area countries),Italian lira,1986-07-09,1469.36,,
ESTAT:ERT_H_EUR_D(1.0),08/01/26 11:00:00,Daily,Average,National currency (former currencies of the euro area countries),Italian lira,1986-07-10,1468.52,,
ESTAT:ERT_H_EUR_D(1.0),08/01/26 11:00:00,Daily,Average,National currency (former currencies of the euro area countries),Italian lira,1986-07-11,1467.69,,
ESTAT:ERT_H_EUR_D(1.0),08/01/26 11:00:00,Daily,Average,National currency (former currencies of the euro area countries),Italian lira,1986-07-14,1463.46,,
ESTAT:ERT_H_EUR_D(1.0),08/01/26 11:00:00,Daily,Average,National currency (former currencies of the euro area countries),Italian lira,1986-07-15,1460.17,,
ESTAT:ERT_H_EUR_D(1.0),08/01/26 11:00:00,Daily,Average,National currency (former currencies of the euro area countries),Italian lira,1986-07-16,1463.82,,
ESTAT:ERT_H_EUR_D(1.0),08/01/26 11:00:00,Daily,Average,National currency (former currencies of the euro area countries),Italian lira,1986-07-17,1462.71,,
ESTAT:ERT_H_EUR_D(1.0),08/01/26 11:00:00,Daily,Average,National currency (former currencies of the euro area countries),Italian lira,1986-07-18,1460.50,,
ESTAT:ERT_H_EUR_D(1.0),08/01/26 11:00:00,Daily,Average,National currency (former currencies of the euro area countries),Italian lira,1986-07-21,1458.49,,
ESTAT:ERT_H_EUR_D(1.0),08/01/26 11:00:00,Daily,Average,National currency (former currencies of the euro area countries),Italian lira,1986-07-22,1456.62,,
ESTAT:ERT_H_EUR_D(1.0),08/01/26 11:00:00,Daily,Average,National currency (former currencies of the euro area countries),Italian lira,1986-07-23,1457.54,,
ESTAT:ERT_H_EUR_D(1.0),08/01/26 11:00:00,Daily,Average,National currency (former currencies of the euro area countries),Italian lira,1986-07-24,1458.03,,
ESTAT:ERT_H_EUR_D(1.0),08/01/26 11:00:00,Daily,Average,National currency (former currencies of the euro area countries),Italian lira,1986-07-25,1459.02,,
ESTAT:ERT_H_EUR_D(1.0),08/01/26 11:00:00,Daily,Average,National currency (former currencies of the euro area countries),Italian lira,1986-07-28,1455.92,,
ESTAT:ERT_H_EUR_D(1.0),08/01/26 11:00:00,Daily,Average,National currency (former currencies of the euro area countries),Italian lira,1986-07-29,1455.13,,
ESTAT:ERT_H_EUR_D(1.0),08/01/26 11:00:00,Daily,Average,National currency (former currencies of the euro area countries),Italian lira,1986-07-30,1456.61,,
ESTAT:ERT_H_EUR_D(1.0),08/01/26 11:00:00,Daily,Average,National currency (former currencies of the euro area countries),Italian lira,1986-07-31,1453.86,,
ESTAT:ERT_H_EUR_D(1.0),08/01/26 11:00:00,Daily,Average,National currency (former currencies of the euro area countries),Italian lira,1986-08-01,1451.10,,
ESTAT:ERT_H_EUR_D(1.0),08/01/26 11:00:00,Daily,Average,National currency (former currencies of the euro area countries),Italian lira,1986-08-04,1449.29,,
ESTAT:ERT_H_EUR_D(1.0),08/01/26 11:00:00,Daily,Average,National currency (former currencies of the euro area countries),Italian lira,1986-08-05,1454.24,,
ESTAT:ERT_H_EUR_D(1.0),08/01/26 11:00:00,Daily,Average,National currency (former currencies of the euro area countries),Italian lira,1986-08-06,1452.66,,
ESTAT:ERT_H_EUR_D(1.0),08/01/26 11:00:00,Daily,Average,National currency (former currencies of the euro area countries),Italian lira,1986-08-07,1450.35,,
ESTAT:ERT_H_EUR_D(1.0),08/01/26 11:00:00,Daily,Average,National currency (former currencies of the euro area countries),Italian lira,1986-08-08,1449.99,,
ESTAT:ERT_H_EUR_D(1.0),08/01/26 11:00:00,Daily,Average,National currency (former currencies of the euro area countries),Italian lira,1986-08-11,1447.73,,
ESTAT:ERT_H_EUR_D(1.0),08/01/26 11:00:00,Daily,Average,National currency (former currencies of the euro area countries),Italian lira,1986-08-12,1450.70,,
ESTAT:ERT_H_EUR_D(1.0),08/01/26 11:00:00,Daily,Average,National currency (former currencies of the euro area countries),Italian lira,1986-08-13,1451.48,,
ESTAT:ERT_H_EUR_D(1.0),08/01/26 11:00:00,Daily,Average,National currency (former currencies of the euro area countries),Italian lira,1986-08-14,1451.56,,
ESTAT:ERT_H_EUR_D(1.0),08/01/26 11:00:00,Daily,Average,National currency (former currencies of the euro area countries),Italian lira,1986-08-15,1451.65,,
ESTAT:ERT_H_EUR_D(1.0),08/01/26 11:00:00,Daily,Average,National currency (former currencies of the euro area countries),Italian lira,1986-08-18,1451.26,,
ESTAT:ERT_H_EUR_D(1.0),08/01/26 11:00:00,Daily,Average,National currency (former currencies of the euro area countries),Italian lira,1986-08-19,1452.29,,
ESTAT:ERT_H_EUR_D(1.0),08/01/26 11:00:00,Daily,Average,National currency (former currencies of the euro area countries),Italian lira,1986-08-20,1451.63,,
ESTAT:ERT_H_EUR_D(1.0),08/01/26 11:00:00,Daily,Average,National currency (former currencies of the euro area countries),Italian lira,1986-08-21,1450.87,,
ESTAT:ERT_H_EUR_D(1.0),08/01/26 11:00:00,Daily,Average,National currency (former currencies of the euro area countries),Italian lira,1986-08-22,1449.36,,
ESTAT:ERT_H_EUR_D(1.0),08/01/26 11:00:00,Daily,Average,National currency (former currencies of the euro area countries),Italian lira,1986-08-25,1447.92,,
ESTAT:ERT_H_EUR_D(1.0),08/01/26 11:00:00,Daily,Average,National currency (former currencies of the euro area countries),Italian lira,1986-08-26,1447.80,,
ESTAT:ERT_H_EUR_D(1.0),08/01/26 11:00:00,Daily,Average,National currency (former currencies of the euro area countries),Italian lira,1986-08-27,1449.31,,
ESTAT:ERT_H_EUR_D(1.0),08/01/26 11:00:00,Daily,Average,National currency (former currencies of the euro area countries),Italian lira,1986-08-28,1449.78,,
ESTAT:ERT_H_EUR_D(1.0),08/01/26 11:00:00,Daily,Average,National currency (former currencies of the euro area countries),Italian lira,1986-08-29,1449.13,,
ESTAT:ERT_H_EUR_D(1.0),08/01/26 11:00:00,Daily,Average,National currency (former currencies of the euro area countries),Italian lira,1986-09-01,1448.79,,
ESTAT:ERT_H_EUR_D(1.0),08/01/26 11:00:00,Daily,Average,National currency (former currencies of the euro area countries),Italian lira,1986-09-02,1448.70,,
ESTAT:ERT_H_EUR_D(1.0),08/01/26 11:00:00,Daily,Average,National currency (former currencies of the euro area countries),Italian lira,1986-09-03,1449.56,,
ESTAT:ERT_H_EUR_D(1.0),08/01/26 11:00:00,Daily,Average,National currency (former currencies of the euro area countries),Italian lira,1986-09-04,1450.37,,
ESTAT:ERT_H_EUR_D(1.0),08/01/26 11:00:00,Daily,Average,National currency (former currencies of the euro area countries),Italian lira,1986-09-05,1450.15,,
ESTAT:ERT_H_EUR_D(1.0),08/01/26 11:00:00,Daily,Average,National currency (former currencies of the euro area countries),Italian lira,1986-09-08,1451.81,,
ESTAT:ERT_H_EUR_D(1.0),08/01/26 11:00:00,Daily,Average,National currency (former currencies of the euro area countries),Italian lira,1986-09-09,1451.66,,
ESTAT:ERT_H_EUR_D(1.0),08/01/26 11:00:00,Daily,Average,National currency (former currencies of the euro area countries),Italian lira,1986-09-10,1450.30,,
ESTAT:ERT_H_EUR_D(1.0),08/01/26 11:00:00,Daily,Average,National currency (former currencies of the euro area countries),Italian lira,1986-09-11,1450.94,,
ESTAT:ERT_H_EUR_D(1.0),08/01/26 11:00:00,Daily,Average,National currency (former currencies of the euro area countries),Italian lira,1986-09-12,1449.79,,
ESTAT:ERT_H_EUR_D(1.0),08/01/26 11:00:00,Daily,Average,National currency (former currencies of the euro area countries),Italian lira,1986-09-15,1449.14,,
ESTAT:ERT_H_EUR_D(1.0),08/01/26 11:00:00,Daily,Average,National currency (former currencies of the euro area countries),Italian lira,1986-09-16,1447.67,,
ESTAT:ERT_H_EUR_D(1.0),08/01/26 11:00:00,Daily,Average,National currency (former currencies of the euro area countries),Italian lira,1986-09-17,1448.40,,
ESTAT:ERT_H_EUR_D(1.0),08/01/26 11:00:00,Daily,Average,National currency (former currencies of the euro area countries),Italian lira,1986-09-18,1446.05,,
ESTAT:ERT_H_EUR_D(1.0),08/01/26 11:00:00,Daily,Average,National currency (former currencies of the euro area countries),Italian lira,1986-09-19,1445.28,,
ESTAT:ERT_H_EUR_D(1.0),08/01/26 11:00:00,Daily,Average,National currency (former currencies of the euro area countries),Italian lira,1986-09-22,1444.97,,
ESTAT:ERT_H_EUR_D(1.0),08/01/26 11:00:00,Daily,Average,National currency (former currencies of the euro area countries),Italian lira,1986-09-23,1445.01,,
ESTAT:ERT_H_EUR_D(1.0),08/01/26 11:00:00,Daily,Average,National currency (former currencies of the euro area countries),Italian lira,1986-09-24,1445.71,,
ESTAT:ERT_H_EUR_D(1.0),08/01/26 11:00:00,Daily,Average,National currency (former currencies of the euro area countries),Italian lira,1986-09-25,1446.97,,
ESTAT:ERT_H_EUR_D(1.0),08/01/26 11:00:00,Daily,Average,National currency (former currencies of the euro area countries),Italian lira,1986-09-26,1445.28,,
ESTAT:ERT_H_EUR_D(1.0),08/01/26 11:00:00,Daily,Average,National currency (former currencies of the euro area countries),Italian lira,1986-09-29,1443.71,,
ESTAT:ERT_H_EUR_D(1.0),08/01/26 11:00:00,Daily,Average,National currency (former currencies of the euro area countries),Italian lira,1986-09-30,1445.29,,
ESTAT:ERT_H_EUR_D(1.0),08/01/26 11:00:00,Daily,Average,National currency (former currencies of the euro area countries),Italian lira,1986-10-01,1444.90,,
ESTAT:ERT_H_EUR_D(1.0),08/01/26 11:00:00,Daily,Average,National currency (former currencies of the euro area countries),Italian lira,1986-10-02,1443.68,,
ESTAT:ERT_H_EUR_D(1.0),08/01/26 11:00:00,Daily,Average,National currency (former currencies of the euro area countries),Italian lira,1986-10-03,1441.58,,
ESTAT:ERT_H_EUR_D(1.0),08/01/26 11:00:00,Daily,Average,National currency (former currencies of the euro area countries),Italian lira,1986-10-06,1443.09,,
ESTAT:ERT_H_EUR_D(1.0),08/01/26 11:00:00,Daily,Average,National currency (former currencies of the euro area countries),Italian lira,1986-10-07,1442.77,,
ESTAT:ERT_H_EUR_D(1.0),08/01/26 11:00:00,Daily,Average,National currency (former currencies of the euro area countries),Italian lira,1986-10-08,1440.64,,
ESTAT:ERT_H_EUR_D(1.0),08/01/26 11:00:00,Daily,Average,National currency (former currencies of the euro area countries),Italian lira,1986-10-09,1441.10,,
ESTAT:ERT_H_EUR_D(1.0),08/01/26 11:00:00,Daily,Average,National currency (former currencies of the euro area countries),Italian lira,1986-10-10,1441.09,,
ESTAT:ERT_H_EUR_D(1.0),08/01/26 11:00:00,Daily,Average,National currency (former currencies of the euro area countries),Italian lira,1986-10-13,1440.05,,
ESTAT:ERT_H_EUR_D(1.0),08/01/26 11:00:00,Daily,Average,National currency (former currencies of the euro area countries),Italian lira,1986-10-14,1440.83,,
ESTAT:ERT_H_EUR_D(1.0),08/01/26 11:00:00,Daily,Average,National currency (former currencies of the euro area countries),Italian lira,1986-10-15,1440.69,,
ESTAT:ERT_H_EUR_D(1.0),08/01/26 11:00:00,Daily,Average,National currency (former currencies of the euro area countries),Italian lira,1986-10-16,1440.67,,
ESTAT:ERT_H_EUR_D(1.0),08/01/26 11:00:00,Daily,Average,National currency (former currencies of the euro area countries),Italian lira,1986-10-17,1439.70,,
ESTAT:ERT_H_EUR_D(1.0),08/01/26 11:00:00,Daily,Average,National currency (former currencies of the euro area countries),Italian lira,1986-10-20,1440.39,,
ESTAT:ERT_H_EUR_D(1.0),08/01/26 11:00:00,Daily,Average,National currency (former currencies of the euro area countries),Italian lira,1986-10-21,1442.12,,
ESTAT:ERT_H_EUR_D(1.0),08/01/26 11:00:00,Daily,Average,National currency (former currencies of the euro area countries),Italian lira,1986-10-22,1440.47,,
ESTAT:ERT_H_EUR_D(1.0),08/01/26 11:00:00,Daily,Average,National currency (former currencies of the euro area countries),Italian lira,1986-10-23,1440.48,,
ESTAT:ERT_H_EUR_D(1.0),08/01/26 11:00:00,Daily,Average,National currency (former currencies of the euro area countries),Italian lira,1986-10-24,1441.59,,
ESTAT:ERT_H_EUR_D(1.0),08/01/26 11:00:00,Daily,Average,National currency (former currencies of the euro area countries),Italian lira,1986-10-27,1442.76,,
ESTAT:ERT_H_EUR_D(1.0),08/01/26 11:00:00,Daily,Average,National currency (former currencies of the euro area countries),Italian lira,1986-10-28,1441.82,,
ESTAT:ERT_H_EUR_D(1.0),08/01/26 11:00:00,Daily,Average,National currency (former currencies of the euro area countries),Italian lira,1986-10-29,1440.92,,
ESTAT:ERT_H_EUR_D(1.0),08/01/26 11:00:00,Daily,Average,National currency (former currencies of the euro area countries),Italian lira,1986-10-30,1440.34,,
ESTAT:ERT_H_EUR_D(1.0),08/01/26 11:00:00,Daily,Average,National currency (former currencies of the euro area countries),Italian lira,1986-10-31,1444.35,,
ESTAT:ERT_H_EUR_D(1.0),08/01/26 11:00:00,Daily,Average,National currency (former currencies of the euro area countries),Italian lira,1986-11-03,1444.69,,
ESTAT:ERT_H_EUR_D(1.0),08/01/26 11:00:00,Daily,Average,National currency (former currencies of the euro area countries),Italian lira,1986-11-04,1443.79,,
ESTAT:ERT_H_EUR_D(1.0),08/01/26 11:00:00,Daily,Average,National currency (former currencies of the euro area countries),Italian lira,1986-11-05,1443.78,,
ESTAT:ERT_H_EUR_D(1.0),08/01/26 11:00:00,Daily,Average,National currency (former currencies of the euro area countries),Italian lira,1986-11-06,1446.27,,
ESTAT:ERT_H_EUR_D(1.0),08/01/26 11:00:00,Daily,Average,National currency (former currencies of the euro area countries),Italian lira,1986-11-07,1446.16,,
ESTAT:ERT_H_EUR_D(1.0),08/01/26 11:00:00,Daily,Average,National currency (former currencies of the euro area countries),Italian lira,1986-11-10,1446.52,,
ESTAT:ERT_H_EUR_D(1.0),08/01/26 11:00:00,Daily,Average,National currency (former currencies of the euro area countries),Italian lira,1986-11-11,1445.11,,
ESTAT:ERT_H_EUR_D(1.0),08/01/26 11:00:00,Daily,Average,National currency (former currencies of the euro area countries),Italian lira,1986-11-12,1443.25,,
ESTAT:ERT_H_EUR_D(1.0),08/01/26 11:00:00,Daily,Average,National currency (former currencies of the euro area countries),Italian lira,1986-11-13,1442.81,,
ESTAT:ERT_H_EUR_D(1.0),08/01/26 11:00:00,Daily,Average,National currency (former currencies of the euro area countries),Italian lira,1986-11-14,1442.77,,
ESTAT:ERT_H_EUR_D(1.0),08/01/26 11:00:00,Daily,Average,National currency (former currencies of the euro area countries),Italian lira,1986-11-17,1443.10,,
ESTAT:ERT_H_EUR_D(1.0),08/01/26 11:00:00,Daily,Average,National currency (former currencies of the euro area countries),Italian lira,1986-11-18,1443.53,,
ESTAT:ERT_H_EUR_D(1.0),08/01/26 11:00:00,Daily,Average,National currency (former currencies of the euro area countries),Italian lira,1986-11-19,1441.83,,
ESTAT:ERT_H_EUR_D(1.0),08/01/26 11:00:00,Daily,Average,National currency (former currencies of the euro area countries),Italian lira,1986-11-20,1440.77,,
ESTAT:ERT_H_EUR_D(1.0),08/01/26 11:00:00,Daily,Average,National currency (former currencies of the euro area countries),Italian lira,1986-11-21,1441.88,,
ESTAT:ERT_H_EUR_D(1.0),08/01/26 11:00:00,Daily,Average,National currency (former currencies of the euro area countries),Italian lira,1986-11-24,1442.59,,
ESTAT:ERT_H_EUR_D(1.0),08/01/26 11:00:00,Daily,Average,National currency (former currencies of the euro area countries),Italian lira,1986-11-25,1442.07,,
ESTAT:ERT_H_EUR_D(1.0),08/01/26 11:00:00,Daily,Average,National currency (former currencies of the euro area countries),Italian lira,1986-11-26,1442.39,,
ESTAT:ERT_H_EUR_D(1.0),08/01/26 11:00:00,Daily,Average,National currency (former currencies of the euro area countries),Italian lira,1986-11-27,1441.41,,
ESTAT:ERT_H_EUR_D(1.0),08/01/26 11:00:00,Daily,Average,National currency (former currencies of the euro area countries),Italian lira,1986-11-28,1442.09,,
ESTAT:ERT_H_EUR_D(1.0),08/01/26 11:00:00,Daily,Average,National currency (former currencies of the euro area countries),Italian lira,1986-12-01,1440.74,,
ESTAT:ERT_H_EUR_D(1.0),08/01/26 11:00:00,Daily,Average,National currency (former currencies of the euro area countries),Italian lira,1986-12-02,1441.19,,
ESTAT:ERT_H_EUR_D(1.0),08/01/26 11:00:00,Daily,Average,National currency (former currencies of the euro area countries),Italian lira,1986-12-03,1441.26,,
ESTAT:ERT_H_EUR_D(1.0),08/01/26 11:00:00,Daily,Average,National currency (former currencies of the euro area countries),Italian lira,1986-12-04,1441.71,,
ESTAT:ERT_H_EUR_D(1.0),08/01/26 11:00:00,Daily,Average,National currency (former currencies of the euro area countries),Italian lira,1986-12-05,1441.81,,
ESTAT:ERT_H_EUR_D(1.0),08/01/26 11:00:00,Daily,Average,National currency (former currencies of the euro area countries),Italian lira,1986-12-08,1442.53,,
ESTAT:ERT_H_EUR_D(1.0),08/01/26 11:00:00,Daily,Average,National currency (former currencies of the euro area countries),Italian lira,1986-12-09,1442.94,,
ESTAT:ERT_H_EUR_D(1.0),08/01/26 11:00:00,Daily,Average,National currency (former currencies of the euro area countries),Italian lira,1986-12-10,1442.70,,
ESTAT:ERT_H_EUR_D(1.0),08/01/26 11:00:00,Daily,Average,National currency (former currencies of the euro area countries),Italian lira,1986-12-11,1442.88,,
ESTAT:ERT_H_EUR_D(1.0),08/01/26 11:00:00,Daily,Average,National currency (former currencies of the euro area countries),Italian lira,1986-12-12,1444.12,,
ESTAT:ERT_H_EUR_D(1.0),08/01/26 11:00:00,Daily,Average,National currency (former currencies of the euro area countries),Italian lira,1986-12-15,1444.54,,
ESTAT:ERT_H_EUR_D(1.0),08/01/26 11:00:00,Daily,Average,National currency (former currencies of the euro area countries),Italian lira,1986-12-16,1444.94,,
ESTAT:ERT_H_EUR_D(1.0),08/01/26 11:00:00,Daily,Average,National currency (former currencies of the euro area countries),Italian lira,1986-12-17,1444.31,,
ESTAT:ERT_H_EUR_D(1.0),08/01/26 11:00:00,Daily,Average,National currency (former currencies of the euro area countries),Italian lira,1986-12-18,1443.96,,
ESTAT:ERT_H_EUR_D(1.0),08/01/26 11:00:00,Daily,Average,National currency (former currencies of the euro area countries),Italian lira,1986-12-19,1443.86,,
ESTAT:ERT_H_EUR_D(1.0),08/01/26 11:00:00,Daily,Average,National currency (former currencies of the euro area countries),Italian lira,1986-12-22,1443.03,,
ESTAT:ERT_H_EUR_D(1.0),08/01/26 11:00:00,Daily,Average,National currency (former currencies of the euro area countries),Italian lira,1986-12-23,1442.39,,
ESTAT:ERT_H_EUR_D(1.0),08/01/26 11:00:00,Daily,Average,National currency (former currencies of the euro area countries),Italian lira,1986-12-29,1443.77,,
ESTAT:ERT_H_EUR_D(1.0),08/01/26 11:00:00,Daily,Average,National currency (former currencies of the euro area countries),Italian lira,1986-12-30,1444.42,,
ESTAT:ERT_H_EUR_D(1.0),08/01/26 11:00:00,Daily,Average,National currency (former currencies of the euro area countries),Italian lira,1986-12-31,1446.19,,
ESTAT:ERT_H_EUR_D(1.0),08/01/26 11:00:00,Daily,Average,National currency (former currencies of the euro area countries),Italian lira,1987-01-02,1446.93,,
ESTAT:ERT_H_EUR_D(1.0),08/01/26 11:00:00,Daily,Average,National currency (former currencies of the euro area countries),Italian lira,1987-01-05,1445.72,,
ESTAT:ERT_H_EUR_D(1.0),08/01/26 11:00:00,Daily,Average,National currency (former currencies of the euro area countries),Italian lira,1987-01-06,1444.82,,
ESTAT:ERT_H_EUR_D(1.0),08/01/26 11:00:00,Daily,Average,National currency (former currencies of the euro area countries),Italian lira,1987-01-07,1450.37,,
ESTAT:ERT_H_EUR_D(1.0),08/01/26 11:00:00,Daily,Average,National currency (former currencies of the euro area countries),Italian lira,1987-01-08,1467.60,,
ESTAT:ERT_H_EUR_D(1.0),08/01/26 11:00:00,Daily,Average,National currency (former currencies of the euro area countries),Italian lira,1987-01-09,1464.32,,
ESTAT:ERT_H_EUR_D(1.0),08/01/26 11:00:00,Daily,Average,National currency (former currencies of the euro area countries),Italian lira,1987-01-12,1464.23,,
ESTAT:ERT_H_EUR_D(1.0),08/01/26 11:00:00,Daily,Average,National currency (former currencies of the euro area countries),Italian lira,1987-01-13,1466.86,,
ESTAT:ERT_H_EUR_D(1.0),08/01/26 11:00:00,Daily,Average,National currency (former currencies of the euro area countries),Italian lira,1987-01-14,1465.76,,
ESTAT:ERT_H_EUR_D(1.0),08/01/26 11:00:00,Daily,Average,National currency (former currencies of the euro area countries),Italian lira,1987-01-15,1466.96,,
ESTAT:ERT_H_EUR_D(1.0),08/01/26 11:00:00,Daily,Average,National currency (former currencies of the euro area countries),Italian lira,1987-01-16,1466.52,,
ESTAT:ERT_H_EUR_D(1.0),08/01/26 11:00:00,Daily,Average,National currency (former currencies of the euro area countries),Italian lira,1987-01-19,1467.76,,
ESTAT:ERT_H_EUR_D(1.0),08/01/26 11:00:00,Daily,Average,National currency (former currencies of the euro area countries),Italian lira,1987-01-20,1466.91,,
ESTAT:ERT_H_EUR_D(1.0),08/01/26 11:00:00,Daily,Average,National currency (former currencies of the euro area countries),Italian lira,1987-01-21,1467.36,,
ESTAT:ERT_H_EUR_D(1.0),08/01/26 11:00:00,Daily,Average,National currency (former currencies of the euro area countries),Italian lira,1987-01-22,1467.44,,
ESTAT:ERT_H_EUR_D(1.0),08/01/26 11:00:00,Daily,Average,National currency (former currencies of the euro area countries),Italian lira,1987-01-23,1466.41,,
ESTAT:ERT_H_EUR_D(1.0),08/01/26 11:00:00,Daily,Average,National currency (former currencies of the euro area countries),Italian lira,1987-01-26,1466.22,,
ESTAT:ERT_H_EUR_D(1.0),08/01/26 11:00:00,Daily,Average,National currency (former currencies of the euro area countries),Italian lira,1987-01-27,1466.30,,
ESTAT:ERT_H_EUR_D(1.0),08/01/26 11:00:00,Daily,Average,National currency (former currencies of the euro area countries),Italian lira,1987-01-28,1467.19,,
ESTAT:ERT_H_EUR_D(1.0),08/01/26 11:00:00,Daily,Average,National currency (former currencies of the euro area countries),Italian lira,1987-01-29,1467.59,,
ESTAT:ERT_H_EUR_D(1.0),08/01/26 11:00:00,Daily,Average,National currency (former currencies of the euro area countries),Italian lira,1987-01-30,1468.19,,
ESTAT:ERT_H_EUR_D(1.0),08/01/26 11:00:00,Daily,Average,National currency (former currencies of the euro area countries),Italian lira,1987-02-02,1466.81,,
ESTAT:ERT_H_EUR_D(1.0),08/01/26 11:00:00,Daily,Average,National currency (former currencies of the euro area countries),Italian lira,1987-02-03,1466.70,,
ESTAT:ERT_H_EUR_D(1.0),08/01/26 11:00:00,Daily,Average,National currency (former currencies of the euro area countries),Italian lira,1987-02-04,1466.63,,
ESTAT:ERT_H_EUR_D(1.0),08/01/26 11:00:00,Daily,Average,National currency (former currencies of the euro area countries),Italian lira,1987-02-05,1467.46,,
ESTAT:ERT_H_EUR_D(1.0),08/01/26 11:00:00,Daily,Average,National currency (former currencies of the euro area countries),Italian lira,1987-02-06,1468.38,,
ESTAT:ERT_H_EUR_D(1.0),08/01/26 11:00:00,Daily,Average,National currency (former currencies of the euro area countries),Italian lira,1987-02-09,1466.39,,
ESTAT:ERT_H_EUR_D(1.0),08/01/26 11:00:00,Daily,Average,National currency (former currencies of the euro area countries),Italian lira,1987-02-10,1467.44,,
ESTAT:ERT_H_EUR_D(1.0),08/01/26 11:00:00,Daily,Average,National currency (former currencies of the euro area countries),Italian lira,1987-02-11,1467.35,,
ESTAT:ERT_H_EUR_D(1.0),08/01/26 11:00:00,Daily,Average,National currency (former currencies of the euro area countries),Italian lira,1987-02-12,1467.25,,
ESTAT:ERT_H_EUR_D(1.0),08/01/26 11:00:00,Daily,Average,National currency (former currencies of the euro area countries),Italian lira,1987-02-13,1468.20,,
ESTAT:ERT_H_EUR_D(1.0),08/01/26 11:00:00,Daily,Average,National currency (former currencies of the euro area countries),Italian lira,1987-02-16,1467.26,,
ESTAT:ERT_H_EUR_D(1.0),08/01/26 11:00:00,Daily,Average,National currency (former currencies of the euro area countries),Italian lira,1987-02-17,1467.11,,
ESTAT:ERT_H_EUR_D(1.0),08/01/26 11:00:00,Daily,Average,National currency (former currencies of the euro area countries),Italian lira,1987-02-18,1468.25,,
ESTAT:ERT_H_EUR_D(1.0),08/01/26 11:00:00,Daily,Average,National currency (former currencies of the euro area countries),Italian lira,1987-02-19,1469.68,,
ESTAT:ERT_H_EUR_D(1.0),08/01/26 11:00:00,Daily,Average,National currency (former currencies of the euro area countries),Italian lira,1987-02-20,1467.62,,
ESTAT:ERT_H_EUR_D(1.0),08/01/26 11:00:00,Daily,Average,National currency (former currencies of the euro area countries),Italian lira,1987-02-23,1468.30,,
ESTAT:ERT_H_EUR_D(1.0),08/01/26 11:00:00,Daily,Average,National currency (former currencies of the euro area countries),Italian lira,1987-02-24,1469.99,,
ESTAT:ERT_H_EUR_D(1.0),08/01/26 11:00:00,Daily,Average,National currency (former currencies of the euro area countries),Italian lira,1987-02-25,1468.36,,
ESTAT:ERT_H_EUR_D(1.0),08/01/26 11:00:00,Daily,Average,National currency (former currencies of the euro area countries),Italian lira,1987-02-26,1468.79,,
ESTAT:ERT_H_EUR_D(1.0),08/01/26 11:00:00,Daily,Average,National currency (former currencies of the euro area countries),Italian lira,1987-02-27,1469.89,,
ESTAT:ERT_H_EUR_D(1.0),08/01/26 11:00:00,Daily,Average,National currency (former currencies of the euro area countries),Italian lira,1987-03-02,1471.39,,
ESTAT:ERT_H_EUR_D(1.0),08/01/26 11:00:00,Daily,Average,National currency (former currencies of the euro area countries),Italian lira,1987-03-03,1472.87,,
ESTAT:ERT_H_EUR_D(1.0),08/01/26 11:00:00,Daily,Average,National currency (former currencies of the euro area countries),Italian lira,1987-03-04,1471.96,,
ESTAT:ERT_H_EUR_D(1.0),08/01/26 11:00:00,Daily,Average,National currency (former currencies of the euro area countries),Italian lira,1987-03-05,1473.72,,
ESTAT:ERT_H_EUR_D(1.0),08/01/26 11:00:00,Daily,Average,National currency (former currencies of the euro area countries),Italian lira,1987-03-06,1474.83,,
ESTAT:ERT_H_EUR_D(1.0),08/01/26 11:00:00,Daily,Average,National currency (former currencies of the euro area countries),Italian lira,1987-03-09,1477.04,,
ESTAT:ERT_H_EUR_D(1.0),08/01/26 11:00:00,Daily,Average,National currency (former currencies of the euro area countries),Italian lira,1987-03-10,1476.36,,
ESTAT:ERT_H_EUR_D(1.0),08/01/26 11:00:00,Daily,Average,National currency (former currencies of the euro area countries),Italian lira,1987-03-11,1478.68,,
ESTAT:ERT_H_EUR_D(1.0),08/01/26 11:00:00,Daily,Average,National currency (former currencies of the euro area countries),Italian lira,1987-03-12,1477.32,,
ESTAT:ERT_H_EUR_D(1.0),08/01/26 11:00:00,Daily,Average,National currency (former currencies of the euro area countries),Italian lira,1987-03-13,1475.01,,
ESTAT:ERT_H_EUR_D(1.0),08/01/26 11:00:00,Daily,Average,National currency (former currencies of the euro area countries),Italian lira,1987-03-16,1474.35,,
ESTAT:ERT_H_EUR_D(1.0),08/01/26 11:00:00,Daily,Average,National currency (former currencies of the euro area countries),Italian lira,1987-03-17,1474.48,,
ESTAT:ERT_H_EUR_D(1.0),08/01/26 11:00:00,Daily,Average,National currency (former currencies of the euro area countries),Italian lira,1987-03-18,1476.35,,
ESTAT:ERT_H_EUR_D(1.0),08/01/26 11:00:00,Daily,Average,National currency (former currencies of the euro area countries),Italian lira,1987-03-19,1477.36,,
ESTAT:ERT_H_EUR_D(1.0),08/01/26 11:00:00,Daily,Average,National currency (former currencies of the euro area countries),Italian lira,1987-03-20,1476.50,,
ESTAT:ERT_H_EUR_D(1.0),08/01/26 11:00:00,Daily,Average,National currency (former currencies of the euro area countries),Italian lira,1987-03-23,1477.72,,
ESTAT:ERT_H_EUR_D(1.0),08/01/26 11:00:00,Daily,Average,National currency (former currencies of the euro area countries),Italian lira,1987-03-24,1478.69,,
ESTAT:ERT_H_EUR_D(1.0),08/01/26 11:00:00,Daily,Average,National currency (former currencies of the euro area countries),Italian lira,1987-03-25,1478.83,,
ESTAT:ERT_H_EUR_D(1.0),08/01/26 11:00:00,Daily,Average,National currency (former currencies of the euro area countries),Italian lira,1987-03-26,1480.64,,
ESTAT:ERT_H_EUR_D(1.0),08/01/26 11:00:00,Daily,Average,National currency (former currencies of the euro area countries),Italian lira,1987-03-27,1478.92,,
ESTAT:ERT_H_EUR_D(1.0),08/01/26 11:00:00,Daily,Average,National currency (former currencies of the euro area countries),Italian lira,1987-03-30,1477.85,,
ESTAT:ERT_H_EUR_D(1.0),08/01/26 11:00:00,Daily,Average,National currency (former currencies of the euro area countries),Italian lira,1987-03-31,1477.24,,
ESTAT:ERT_H_EUR_D(1.0),08/01/26 11:00:00,Daily,Average,National currency (former currencies of the euro area countries),Italian lira,1987-04-01,1478.29,,
ESTAT:ERT_H_EUR_D(1.0),08/01/26 11:00:00,Daily,Average,National currency (former currencies of the euro area countries),Italian lira,1987-04-02,1477.91,,
ESTAT:ERT_H_EUR_D(1.0),08/01/26 11:00:00,Daily,Average,National currency (former currencies of the euro area countries),Italian lira,1987-04-03,1479.35,,
ESTAT:ERT_H_EUR_D(1.0),08/01/26 11:00:00,Daily,Average,National currency (former currencies of the euro area countries),Italian lira,1987-04-06,1481.04,,
ESTAT:ERT_H_EUR_D(1.0),08/01/26 11:00:00,Daily,Average,National currency (former currencies of the euro area countries),Italian lira,1987-04-07,1480.74,,
ESTAT:ERT_H_EUR_D(1.0),08/01/26 11:00:00,Daily,Average,National currency (former currencies of the euro area countries),Italian lira,1987-04-08,1481.34,,
ESTAT:ERT_H_EUR_D(1.0),08/01/26 11:00:00,Daily,Average,National currency (former currencies of the euro area countries),Italian lira,1987-04-09,1481.99,,
ESTAT:ERT_H_EUR_D(1.0),08/01/26 11:00:00,Daily,Average,National currency (former currencies of the euro area countries),Italian lira,1987-04-10,1481.06,,
ESTAT:ERT_H_EUR_D(1.0),08/01/26 11:00:00,Daily,Average,National currency (former currencies of the euro area countries),Italian lira,1987-04-13,1481.16,,
ESTAT:ERT_H_EUR_D(1.0),08/01/26 11:00:00,Daily,Average,National currency (former currencies of the euro area countries),Italian lira,1987-04-14,1481.00,,
ESTAT:ERT_H_EUR_D(1.0),08/01/26 11:00:00,Daily,Average,National currency (former currencies of the euro area countries),Italian lira,1987-04-15,1481.46,,
ESTAT:ERT_H_EUR_D(1.0),08/01/26 11:00:00,Daily,Average,National currency (former currencies of the euro area countries),Italian lira,1987-04-16,1481.63,,
ESTAT:ERT_H_EUR_D(1.0),08/01/26 11:00:00,Daily,Average,National currency (former currencies of the euro area countries),Italian lira,1987-04-21,1482.19,,
ESTAT:ERT_H_EUR_D(1.0),08/01/26 11:00:00,Daily,Average,National currency (former currencies of the euro area countries),Italian lira,1987-04-22,1482.47,,
ESTAT:ERT_H_EUR_D(1.0),08/01/26 11:00:00,Daily,Average,National currency (former currencies of the euro area countries),Italian lira,1987-04-23,1482.85,,
ESTAT:ERT_H_EUR_D(1.0),08/01/26 11:00:00,Daily,Average,National currency (former currencies of the euro area countries),Italian lira,1987-04-24,1482.77,,
ESTAT:ERT_H_EUR_D(1.0),08/01/26 11:00:00,Daily,Average,National currency (former currencies of the euro area countries),Italian lira,1987-04-27,1485.62,,
ESTAT:ERT_H_EUR_D(1.0),08/01/26 11:00:00,Daily,Average,National currency (former currencies of the euro area countries),Italian lira,1987-04-28,1485.55,,
ESTAT:ERT_H_EUR_D(1.0),08/01/26 11:00:00,Daily,Average,National currency (former currencies of the euro area countries),Italian lira,1987-04-29,1486.51,,
ESTAT:ERT_H_EUR_D(1.0),08/01/26 11:00:00,Daily,Average,National currency (former currencies of the euro area countries),Italian lira,1987-04-30,1486.70,,
ESTAT:ERT_H_EUR_D(1.0),08/01/26 11:00:00,Daily,Average,National currency (former currencies of the euro area countries),Italian lira,1987-05-04,1487.50,,
ESTAT:ERT_H_EUR_D(1.0),08/01/26 11:00:00,Daily,Average,National currency (former currencies of the euro area countries),Italian lira,1987-05-05,1487.78,,
ESTAT:ERT_H_EUR_D(1.0),08/01/26 11:00:00,Daily,Average,National currency (former currencies of the euro area countries),Italian lira,1987-05-06,1488.85,,
ESTAT:ERT_H_EUR_D(1.0),08/01/26 11:00:00,Daily,Average,National currency (former currencies of the euro area countries),Italian lira,1987-05-07,1490.42,,
ESTAT:ERT_H_EUR_D(1.0),08/01/26 11:00:00,Daily,Average,National currency (former currencies of the euro area countries),Italian lira,1987-05-08,1505.83,,
ESTAT:ERT_H_EUR_D(1.0),08/01/26 11:00:00,Daily,Average,National currency (former currencies of the euro area countries),Italian lira,1987-05-11,1500.35,,
ESTAT:ERT_H_EUR_D(1.0),08/01/26 11:00:00,Daily,Average,National currency (former currencies of the euro area countries),Italian lira,1987-05-12,1500.57,,
ESTAT:ERT_H_EUR_D(1.0),08/01/26 11:00:00,Daily,Average,National currency (former currencies of the euro area countries),Italian lira,1987-05-13,1500.54,,
ESTAT:ERT_H_EUR_D(1.0),08/01/26 11:00:00,Daily,Average,National currency (former currencies of the euro area countries),Italian lira,1987-05-14,1505.26,,
ESTAT:ERT_H_EUR_D(1.0),08/01/26 11:00:00,Daily,Average,National currency (former currencies of the euro area countries),Italian lira,1987-05-15,1504.30,,
ESTAT:ERT_H_EUR_D(1.0),08/01/26 11:00:00,Daily,Average,National currency (former currencies of the euro area countries),Italian lira,1987-05-18,1505.76,,
ESTAT:ERT_H_EUR_D(1.0),08/01/26 11:00:00,Daily,Average,National currency (former currencies of the euro area countries),Italian lira,1987-05-19,1505.59,,
ESTAT:ERT_H_EUR_D(1.0),08/01/26 11:00:00,Daily,Average,National currency (former currencies of the euro area countries),Italian lira,1987-05-20,1504.91,,
ESTAT:ERT_H_EUR_D(1.0),08/01/26 11:00:00,Daily,Average,National currency (former currencies of the euro area countries),Italian lira,1987-05-21,1505.72,,
ESTAT:ERT_H_EUR_D(1.0),08/01/26 11:00:00,Daily,Average,National currency (former currencies of the euro area countries),Italian lira,1987-05-22,1502.93,,
ESTAT:ERT_H_EUR_D(1.0),08/01/26 11:00:00,Daily,Average,National currency (former currencies of the euro area countries),Italian lira,1987-05-25,1501.02,,
ESTAT:ERT_H_EUR_D(1.0),08/01/26 11:00:00,Daily,Average,National currency (former currencies of the euro area countries),Italian lira,1987-05-26,1499.82,,
ESTAT:ERT_H_EUR_D(1.0),08/01/26 11:00:00,Daily,Average,National currency (former currencies of the euro area countries),Italian lira,1987-05-27,1498.16,,
ESTAT:ERT_H_EUR_D(1.0),08/01/26 11:00:00,Daily,Average,National currency (former currencies of the euro area countries),Italian lira,1987-05-29,1498.90,,
ESTAT:ERT_H_EUR_D(1.0),08/01/26 11:00:00,Daily,Average,National currency (former currencies of the euro area countries),Italian lira,1987-06-01,1499.15,,
ESTAT:ERT_H_EUR_D(1.0),08/01/26 11:00:00,Daily,Average,National currency (former currencies of the euro area countries),Italian lira,1987-06-02,1500.75,,
ESTAT:ERT_H_EUR_D(1.0),08/01/26 11:00:00,Daily,Average,National currency (former currencies of the euro area countries),Italian lira,1987-06-03,1501.96,,
ESTAT:ERT_H_EUR_D(1.0),08/01/26 11:00:00,Daily,Average,National currency (former currencies of the euro area countries),Italian lira,1987-06-04,1501.51,,
ESTAT:ERT_H_EUR_D(1.0),08/01/26 11:00:00,Daily,Average,National currency (former currencies of the euro area countries),Italian lira,1987-06-05,1502.06,,
ESTAT:ERT_H_EUR_D(1.0),08/01/26 11:00:00,Daily,Average,National currency (former currencies of the euro area countries),Italian lira,1987-06-09,1503.60,,
ESTAT:ERT_H_EUR_D(1.0),08/01/26 11:00:00,Daily,Average,National currency (former currencies of the euro area countries),Italian lira,1987-06-10,1503.88,,
ESTAT:ERT_H_EUR_D(1.0),08/01/26 11:00:00,Daily,Average,National currency (former currencies of the euro area countries),Italian lira,1987-06-11,1504.50,,
ESTAT:ERT_H_EUR_D(1.0),08/01/26 11:00:00,Daily,Average,National currency (former currencies of the euro area countries),Italian lira,1987-06-12,1504.47,,
ESTAT:ERT_H_EUR_D(1.0),08/01/26 11:00:00,Daily,Average,National currency (former currencies of the euro area countries),Italian lira,1987-06-15,1502.66,,
ESTAT:ERT_H_EUR_D(1.0),08/01/26 11:00:00,Daily,Average,National currency (former currencies of the euro area countries),Italian lira,1987-06-16,1502.48,,
ESTAT:ERT_H_EUR_D(1.0),08/01/26 11:00:00,Daily,Average,National currency (former currencies of the euro area countries),Italian lira,1987-06-17,1499.95,,
ESTAT:ERT_H_EUR_D(1.0),08/01/26 11:00:00,Daily,Average,National currency (former currencies of the euro area countries),Italian lira,1987-06-18,1501.32,,
ESTAT:ERT_H_EUR_D(1.0),08/01/26 11:00:00,Daily,Average,National currency (former currencies of the euro area countries),Italian lira,1987-06-19,1500.13,,
ESTAT:ERT_H_EUR_D(1.0),08/01/26 11:00:00,Daily,Average,National currency (former currencies of the euro area countries),Italian lira,1987-06-22,1497.83,,
ESTAT:ERT_H_EUR_D(1.0),08/01/26 11:00:00,Daily,Average,National currency (former currencies of the euro area countries),Italian lira,1987-06-23,1497.19,,
ESTAT:ERT_H_EUR_D(1.0),08/01/26 11:00:00,Daily,Average,National currency (former currencies of the euro area countries),Italian lira,1987-06-24,1499.87,,
ESTAT:ERT_H_EUR_D(1.0),08/01/26 11:00:00,Daily,Average,National currency (former currencies of the euro area countries),Italian lira,1987-06-25,1500.74,,
ESTAT:ERT_H_EUR_D(1.0),08/01/26 11:00:00,Daily,Average,National currency (former currencies of the euro area countries),Italian lira,1987-06-26,1502.87,,
ESTAT:ERT_H_EUR_D(1.0),08/01/26 11:00:00,Daily,Average,National currency (former currencies of the euro area countries),Italian lira,1987-06-29,1501.62,,
ESTAT:ERT_H_EUR_D(1.0),08/01/26 11:00:00,Daily,Average,National currency (former currencies of the euro area countries),Italian lira,1987-06-30,1501.62,,
ESTAT:ERT_H_EUR_D(1.0),08/01/26 11:00:00,Daily,Average,National currency (former currencies of the euro area countries),Italian lira,1987-07-01,1502.18,,
ESTAT:ERT_H_EUR_D(1.0),08/01/26 11:00:00,Daily,Average,National currency (former currencies of the euro area countries),Italian lira,1987-07-02,1502.23,,
ESTAT:ERT_H_EUR_D(1.0),08/01/26 11:00:00,Daily,Average,National currency (former currencies of the euro area countries),Italian lira,1987-07-03,1502.28,,
ESTAT:ERT_H_EUR_D(1.0),08/01/26 11:00:00,Daily,Average,National currency (former currencies of the euro area countries),Italian lira,1987-07-06,1502.28,,
ESTAT:ERT_H_EUR_D(1.0),08/01/26 11:00:00,Daily,Average,National currency (former currencies of the euro area countries),Italian lira,1987-07-07,1503.63,,
ESTAT:ERT_H_EUR_D(1.0),08/01/26 11:00:00,Daily,Average,National currency (former currencies of the euro area countries),Italian lira,1987-07-08,1503.19,,
ESTAT:ERT_H_EUR_D(1.0),08/01/26 11:00:00,Daily,Average,National currency (former currencies of the euro area countries),Italian lira,1987-07-09,1503.66,,
ESTAT:ERT_H_EUR_D(1.0),08/01/26 11:00:00,Daily,Average,National currency (former currencies of the euro area countries),Italian lira,1987-07-10,1503.17,,
ESTAT:ERT_H_EUR_D(1.0),08/01/26 11:00:00,Daily,Average,National currency (former currencies of the euro area countries),Italian lira,1987-07-13,1503.72,,
ESTAT:ERT_H_EUR_D(1.0),08/01/26 11:00:00,Daily,Average,National currency (former currencies of the euro area countries),Italian lira,1987-07-14,1502.93,,
ESTAT:ERT_H_EUR_D(1.0),08/01/26 11:00:00,Daily,Average,National currency (former currencies of the euro area countries),Italian lira,1987-07-15,1502.77,,
ESTAT:ERT_H_EUR_D(1.0),08/01/26 11:00:00,Daily,Average,National currency (former currencies of the euro area countries),Italian lira,1987-07-16,1504.18,,
ESTAT:ERT_H_EUR_D(1.0),08/01/26 11:00:00,Daily,Average,National currency (former currencies of the euro area countries),Italian lira,1987-07-17,1503.90,,
ESTAT:ERT_H_EUR_D(1.0),08/01/26 11:00:00,Daily,Average,National currency (former currencies of the euro area countries),Italian lira,1987-07-20,1502.64,,
ESTAT:ERT_H_EUR_D(1.0),08/01/26 11:00:00,Daily,Average,National currency (former currencies of the euro area countries),Italian lira,1987-07-21,1501.79,,
ESTAT:ERT_H_EUR_D(1.0),08/01/26 11:00:00,Daily,Average,National currency (former currencies of the euro area countries),Italian lira,1987-07-22,1501.78,,
ESTAT:ERT_H_EUR_D(1.0),08/01/26 11:00:00,Daily,Average,National currency (former currencies of the euro area countries),Italian lira,1987-07-23,1502.37,,
ESTAT:ERT_H_EUR_D(1.0),08/01/26 11:00:00,Daily,Average,National currency (former currencies of the euro area countries),Italian lira,1987-07-24,1502.70,,
ESTAT:ERT_H_EUR_D(1.0),08/01/26 11:00:00,Daily,Average,National currency (former currencies of the euro area countries),Italian lira,1987-07-27,1501.71,,
ESTAT:ERT_H_EUR_D(1.0),08/01/26 11:00:00,Daily,Average,National currency (former currencies of the euro area countries),Italian lira,1987-07-28,1502.26,,
ESTAT:ERT_H_EUR_D(1.0),08/01/26 11:00:00,Daily,Average,National currency (former currencies of the euro area countries),Italian lira,1987-07-29,1502.89,,
ESTAT:ERT_H_EUR_D(1.0),08/01/26 11:00:00,Daily,Average,National currency (former currencies of the euro area countries),Italian lira,1987-07-30,1503.75,,
ESTAT:ERT_H_EUR_D(1.0),08/01/26 11:00:00,Daily,Average,National currency (former currencies of the euro area countries),Italian lira,1987-07-31,1502.47,,
ESTAT:ERT_H_EUR_D(1.0),08/01/26 11:00:00,Daily,Average,National currency (former currencies of the euro area countries),Italian lira,1987-08-03,1503.66,,
ESTAT:ERT_H_EUR_D(1.0),08/01/26 11:00:00,Daily,Average,National currency (former currencies of the euro area countries),Italian lira,1987-08-04,1503.57,,
ESTAT:ERT_H_EUR_D(1.0),08/01/26 11:00:00,Daily,Average,National currency (former currencies of the euro area countries),Italian lira,1987-08-05,1502.62,,
ESTAT:ERT_H_EUR_D(1.0),08/01/26 11:00:00,Daily,Average,National currency (former currencies of the euro area countries),Italian lira,1987-08-06,1503.27,,
ESTAT:ERT_H_EUR_D(1.0),08/01/26 11:00:00,Daily,Average,National currency (former currencies of the euro area countries),Italian lira,1987-08-07,1503.65,,
ESTAT:ERT_H_EUR_D(1.0),08/01/26 11:00:00,Daily,Average,National currency (former currencies of the euro area countries),Italian lira,1987-08-10,1502.78,,
ESTAT:ERT_H_EUR_D(1.0),08/01/26 11:00:00,Daily,Average,National currency (former currencies of the euro area countries),Italian lira,1987-08-11,1503.23,,
ESTAT:ERT_H_EUR_D(1.0),08/01/26 11:00:00,Daily,Average,National currency (former currencies of the euro area countries),Italian lira,1987-08-12,1503.80,,
ESTAT:ERT_H_EUR_D(1.0),08/01/26 11:00:00,Daily,Average,National currency (former currencies of the euro area countries),Italian lira,1987-08-13,1503.50,,
ESTAT:ERT_H_EUR_D(1.0),08/01/26 11:00:00,Daily,Average,National currency (former currencies of the euro area countries),Italian lira,1987-08-14,1503.62,,
ESTAT:ERT_H_EUR_D(1.0),08/01/26 11:00:00,Daily,Average,National currency (former currencies of the euro area countries),Italian lira,1987-08-17,1501.92,,
ESTAT:ERT_H_EUR_D(1.0),08/01/26 11:00:00,Daily,Average,National currency (former currencies of the euro area countries),Italian lira,1987-08-18,1501.10,,
ESTAT:ERT_H_EUR_D(1.0),08/01/26 11:00:00,Daily,Average,National currency (former currencies of the euro area countries),Italian lira,1987-08-19,1500.65,,
ESTAT:ERT_H_EUR_D(1.0),08/01/26 11:00:00,Daily,Average,National currency (former currencies of the euro area countries),Italian lira,1987-08-20,1501.14,,
ESTAT:ERT_H_EUR_D(1.0),08/01/26 11:00:00,Daily,Average,National currency (former currencies of the euro area countries),Italian lira,1987-08-21,1500.96,,
ESTAT:ERT_H_EUR_D(1.0),08/01/26 11:00:00,Daily,Average,National currency (former currencies of the euro area countries),Italian lira,1987-08-24,1500.85,,
ESTAT:ERT_H_EUR_D(1.0),08/01/26 11:00:00,Daily,Average,National currency (former currencies of the euro area countries),Italian lira,1987-08-25,1500.29,,
ESTAT:ERT_H_EUR_D(1.0),08/01/26 11:00:00,Daily,Average,National currency (former currencies of the euro area countries),Italian lira,1987-08-26,1499.15,,
ESTAT:ERT_H_EUR_D(1.0),08/01/26 11:00:00,Daily,Average,National currency (former currencies of the euro area countries),Italian lira,1987-08-27,1501.04,,
ESTAT:ERT_H_EUR_D(1.0),08/01/26 11:00:00,Daily,Average,National currency (former currencies of the euro area countries),Italian lira,1987-08-28,1500.57,,
ESTAT:ERT_H_EUR_D(1.0),08/01/26 11:00:00,Daily,Average,National currency (former currencies of the euro area countries),Italian lira,1987-08-31,1500.21,,
ESTAT:ERT_H_EUR_D(1.0),08/01/26 11:00:00,Daily,Average,National currency (former currencies of the euro area countries),Italian lira,1987-09-01,1500.34,,
ESTAT:ERT_H_EUR_D(1.0),08/01/26 11:00:00,Daily,Average,National currency (former currencies of the euro area countries),Italian lira,1987-09-02,1500.75,,
ESTAT:ERT_H_EUR_D(1.0),08/01/26 11:00:00,Daily,Average,National currency (former currencies of the euro area countries),Italian lira,1987-09-03,1501.33,,
ESTAT:ERT_H_EUR_D(1.0),08/01/26 11:00:00,Daily,Average,National currency (former currencies of the euro area countries),Italian lira,1987-09-04,1501.24,,
ESTAT:ERT_H_EUR_D(1.0),08/01/26 11:00:00,Daily,Average,National currency (former currencies of the euro area countries),Italian lira,1987-09-07,1501.03,,
ESTAT:ERT_H_EUR_D(1.0),08/01/26 11:00:00,Daily,Average,National currency (former currencies of the euro area countries),Italian lira,1987-09-08,1501.58,,
ESTAT:ERT_H_EUR_D(1.0),08/01/26 11:00:00,Daily,Average,National currency (former currencies of the euro area countries),Italian lira,1987-09-09,1501.89,,
ESTAT:ERT_H_EUR_D(1.0),08/01/26 11:00:00,Daily,Average,National currency (former currencies of the euro area countries),Italian lira,1987-09-10,1501.78,,
ESTAT:ERT_H_EUR_D(1.0),08/01/26 11:00:00,Daily,Average,National currency (former currencies of the euro area countries),Italian lira,1987-09-11,1502.13,,
ESTAT:ERT_H_EUR_D(1.0),08/01/26 11:00:00,Daily,Average,National currency (former currencies of the euro area countries),Italian lira,1987-09-14,1497.31,,
ESTAT:ERT_H_EUR_D(1.0),08/01/26 11:00:00,Daily,Average,National currency (former currencies of the euro area countries),Italian lira,1987-09-15,1497.83,,
ESTAT:ERT_H_EUR_D(1.0),08/01/26 11:00:00,Daily,Average,National currency (former currencies of the euro area countries),Italian lira,1987-09-16,1498.08,,
ESTAT:ERT_H_EUR_D(1.0),08/01/26 11:00:00,Daily,Average,National currency (former currencies of the euro area countries),Italian lira,1987-09-17,1499.17,,
ESTAT:ERT_H_EUR_D(1.0),08/01/26 11:00:00,Daily,Average,National currency (former currencies of the euro area countries),Italian lira,1987-09-18,1499.27,,
ESTAT:ERT_H_EUR_D(1.0),08/01/26 11:00:00,Daily,Average,National currency (former currencies of the euro area countries),Italian lira,1987-09-21,1499.83,,
ESTAT:ERT_H_EUR_D(1.0),08/01/26 11:00:00,Daily,Average,National currency (former currencies of the euro area countries),Italian lira,1987-09-22,1499.32,,
ESTAT:ERT_H_EUR_D(1.0),08/01/26 11:00:00,Daily,Average,National currency (former currencies of the euro area countries),Italian lira,1987-09-23,1498.68,,
ESTAT:ERT_H_EUR_D(1.0),08/01/26 11:00:00,Daily,Average,National currency (former currencies of the euro area countries),Italian lira,1987-09-24,1497.94,,
ESTAT:ERT_H_EUR_D(1.0),08/01/26 11:00:00,Daily,Average,National currency (former currencies of the euro area countries),Italian lira,1987-09-25,1498.17,,
ESTAT:ERT_H_EUR_D(1.0),08/01/26 11:00:00,Daily,Average,National currency (former currencies of the euro area countries),Italian lira,1987-09-28,1498.40,,
ESTAT:ERT_H_EUR_D(1.0),08/01/26 11:00:00,Daily,Average,National currency (former currencies of the euro area countries),Italian lira,1987-09-29,1498.85,,
ESTAT:ERT_H_EUR_D(1.0),08/01/26 11:00:00,Daily,Average,National currency (former currencies of the euro area countries),Italian lira,1987-09-30,1499.05,,
ESTAT:ERT_H_EUR_D(1.0),08/01/26 11:00:00,Daily,Average,National currency (former currencies of the euro area countries),Italian lira,1987-10-01,1498.98,,
ESTAT:ERT_H_EUR_D(1.0),08/01/26 11:00:00,Daily,Average,National currency (former currencies of the euro area countries),Italian lira,1987-10-02,1498.78,,
ESTAT:ERT_H_EUR_D(1.0),08/01/26 11:00:00,Daily,Average,National currency (former currencies of the euro area countries),Italian lira,1987-10-05,1498.99,,
ESTAT:ERT_H_EUR_D(1.0),08/01/26 11:00:00,Daily,Average,National currency (former currencies of the euro area countries),Italian lira,1987-10-06,1499.11,,
ESTAT:ERT_H_EUR_D(1.0),08/01/26 11:00:00,Daily,Average,National currency (former currencies of the euro area countries),Italian lira,1987-10-07,1499.10,,
ESTAT:ERT_H_EUR_D(1.0),08/01/26 11:00:00,Daily,Average,National currency (former currencies of the euro area countries),Italian lira,1987-10-08,1499.15,,
ESTAT:ERT_H_EUR_D(1.0),08/01/26 11:00:00,Daily,Average,National currency (former currencies of the euro area countries),Italian lira,1987-10-09,1499.19,,
ESTAT:ERT_H_EUR_D(1.0),08/01/26 11:00:00,Daily,Average,National currency (former currencies of the euro area countries),Italian lira,1987-10-12,1498.94,,
ESTAT:ERT_H_EUR_D(1.0),08/01/26 11:00:00,Daily,Average,National currency (former currencies of the euro area countries),Italian lira,1987-10-13,1499.04,,
ESTAT:ERT_H_EUR_D(1.0),08/01/26 11:00:00,Daily,Average,National currency (former currencies of the euro area countries),Italian lira,1987-10-14,1498.37,,
ESTAT:ERT_H_EUR_D(1.0),08/01/26 11:00:00,Daily,Average,National currency (former currencies of the euro area countries),Italian lira,1987-10-15,1499.70,,
ESTAT:ERT_H_EUR_D(1.0),08/01/26 11:00:00,Daily,Average,National currency (former currencies of the euro area countries),Italian lira,1987-10-16,1498.84,,
ESTAT:ERT_H_EUR_D(1.0),08/01/26 11:00:00,Daily,Average,National currency (former currencies of the euro area countries),Italian lira,1987-10-19,1500.23,,
ESTAT:ERT_H_EUR_D(1.0),08/01/26 11:00:00,Daily,Average,National currency (former currencies of the euro area countries),Italian lira,1987-10-20,1498.26,,
ESTAT:ERT_H_EUR_D(1.0),08/01/26 11:00:00,Daily,Average,National currency (former currencies of the euro area countries),Italian lira,1987-10-21,1498.05,,
ESTAT:ERT_H_EUR_D(1.0),08/01/26 11:00:00,Daily,Average,National currency (former currencies of the euro area countries),Italian lira,1987-10-22,1498.52,,
ESTAT:ERT_H_EUR_D(1.0),08/01/26 11:00:00,Daily,Average,National currency (former currencies of the euro area countries),Italian lira,1987-10-23,1497.34,,
ESTAT:ERT_H_EUR_D(1.0),08/01/26 11:00:00,Daily,Average,National currency (former currencies of the euro area countries),Italian lira,1987-10-26,1499.40,,
ESTAT:ERT_H_EUR_D(1.0),08/01/26 11:00:00,Daily,Average,National currency (former currencies of the euro area countries),Italian lira,1987-10-27,1500.02,,
ESTAT:ERT_H_EUR_D(1.0),08/01/26 11:00:00,Daily,Average,National currency (former currencies of the euro area countries),Italian lira,1987-10-28,1501.86,,
ESTAT:ERT_H_EUR_D(1.0),08/01/26 11:00:00,Daily,Average,National currency (former currencies of the euro area countries),Italian lira,1987-10-29,1509.74,,
ESTAT:ERT_H_EUR_D(1.0),08/01/26 11:00:00,Daily,Average,National currency (former currencies of the euro area countries),Italian lira,1987-10-30,1517.03,,
ESTAT:ERT_H_EUR_D(1.0),08/01/26 11:00:00,Daily,Average,National currency (former currencies of the euro area countries),Italian lira,1987-11-02,1519.32,,
ESTAT:ERT_H_EUR_D(1.0),08/01/26 11:00:00,Daily,Average,National currency (former currencies of the euro area countries),Italian lira,1987-11-03,1525.02,,
ESTAT:ERT_H_EUR_D(1.0),08/01/26 11:00:00,Daily,Average,National currency (former currencies of the euro area countries),Italian lira,1987-11-04,1522.04,,
ESTAT:ERT_H_EUR_D(1.0),08/01/26 11:00:00,Daily,Average,National currency (former currencies of the euro area countries),Italian lira,1987-11-05,1523.81,,
ESTAT:ERT_H_EUR_D(1.0),08/01/26 11:00:00,Daily,Average,National currency (former currencies of the euro area countries),Italian lira,1987-11-06,1522.32,,
ESTAT:ERT_H_EUR_D(1.0),08/01/26 11:00:00,Daily,Average,National currency (former currencies of the euro area countries),Italian lira,1987-11-09,1522.00,,
ESTAT:ERT_H_EUR_D(1.0),08/01/26 11:00:00,Daily,Average,National currency (former currencies of the euro area countries),Italian lira,1987-11-10,1520.41,,
ESTAT:ERT_H_EUR_D(1.0),08/01/26 11:00:00,Daily,Average,National currency (former currencies of the euro area countries),Italian lira,1987-11-11,1519.43,,
ESTAT:ERT_H_EUR_D(1.0),08/01/26 11:00:00,Daily,Average,National currency (former currencies of the euro area countries),Italian lira,1987-11-12,1521.42,,
ESTAT:ERT_H_EUR_D(1.0),08/01/26 11:00:00,Daily,Average,National currency (former currencies of the euro area countries),Italian lira,1987-11-13,1519.43,,
ESTAT:ERT_H_EUR_D(1.0),08/01/26 11:00:00,Daily,Average,National currency (former currencies of the euro area countries),Italian lira,1987-11-16,1514.08,,
ESTAT:ERT_H_EUR_D(1.0),08/01/26 11:00:00,Daily,Average,National currency (former currencies of the euro area countries),Italian lira,1987-11-17,1515.32,,
ESTAT:ERT_H_EUR_D(1.0),08/01/26 11:00:00,Daily,Average,National currency (former currencies of the euro area countries),Italian lira,1987-11-18,1514.96,,
ESTAT:ERT_H_EUR_D(1.0),08/01/26 11:00:00,Daily,Average,National currency (former currencies of the euro area countries),Italian lira,1987-11-19,1517.95,,
ESTAT:ERT_H_EUR_D(1.0),08/01/26 11:00:00,Daily,Average,National currency (former currencies of the euro area countries),Italian lira,1987-11-20,1519.53,,
ESTAT:ERT_H_EUR_D(1.0),08/01/26 11:00:00,Daily,Average,National currency (former currencies of the euro area countries),Italian lira,1987-11-23,1520.34,,
ESTAT:ERT_H_EUR_D(1.0),08/01/26 11:00:00,Daily,Average,National currency (former currencies of the euro area countries),Italian lira,1987-11-24,1517.33,,
ESTAT:ERT_H_EUR_D(1.0),08/01/26 11:00:00,Daily,Average,National currency (former currencies of the euro area countries),Italian lira,1987-11-25,1518.46,,
ESTAT:ERT_H_EUR_D(1.0),08/01/26 11:00:00,Daily,Average,National currency (former currencies of the euro area countries),Italian lira,1987-11-26,1520.14,,
ESTAT:ERT_H_EUR_D(1.0),08/01/26 11:00:00,Daily,Average,National currency (former currencies of the euro area countries),Italian lira,1987-11-27,1523.08,,
ESTAT:ERT_H_EUR_D(1.0),08/01/26 11:00:00,Daily,Average,National currency (former currencies of the euro area countries),Italian lira,1987-11-30,1523.56,,
ESTAT:ERT_H_EUR_D(1.0),08/01/26 11:00:00,Daily,Average,National currency (former currencies of the euro area countries),Italian lira,1987-12-01,1521.40,,
ESTAT:ERT_H_EUR_D(1.0),08/01/26 11:00:00,Daily,Average,National currency (former currencies of the euro area countries),Italian lira,1987-12-02,1521.74,,
ESTAT:ERT_H_EUR_D(1.0),08/01/26 11:00:00,Daily,Average,National currency (former currencies of the euro area countries),Italian lira,1987-12-03,1522.69,,
ESTAT:ERT_H_EUR_D(1.0),08/01/26 11:00:00,Daily,Average,National currency (former currencies of the euro area countries),Italian lira,1987-12-04,1522.58,,
ESTAT:ERT_H_EUR_D(1.0),08/01/26 11:00:00,Daily,Average,National currency (former currencies of the euro area countries),Italian lira,1987-12-07,1521.16,,
ESTAT:ERT_H_EUR_D(1.0),08/01/26 11:00:00,Daily,Average,National currency (former currencies of the euro area countries),Italian lira,1987-12-08,1521.30,,
ESTAT:ERT_H_EUR_D(1.0),08/01/26 11:00:00,Daily,Average,National currency (former currencies of the euro area countries),Italian lira,1987-12-09,1521.07,,
ESTAT:ERT_H_EUR_D(1.0),08/01/26 11:00:00,Daily,Average,National currency (former currencies of the euro area countries),Italian lira,1987-12-10,1521.56,,
ESTAT:ERT_H_EUR_D(1.0),08/01/26 11:00:00,Daily,Average,National currency (former currencies of the euro area countries),Italian lira,1987-12-11,1523.61,,
ESTAT:ERT_H_EUR_D(1.0),08/01/26 11:00:00,Daily,Average,National currency (former currencies of the euro area countries),Italian lira,1987-12-14,1522.46,,
ESTAT:ERT_H_EUR_D(1.0),08/01/26 11:00:00,Daily,Average,National currency (former currencies of the euro area countries),Italian lira,1987-12-15,1521.35,,
ESTAT:ERT_H_EUR_D(1.0),08/01/26 11:00:00,Daily,Average,National currency (former currencies of the euro area countries),Italian lira,1987-12-16,1520.38,,
ESTAT:ERT_H_EUR_D(1.0),08/01/26 11:00:00,Daily,Average,National currency (former currencies of the euro area countries),Italian lira,1987-12-17,1519.81,,
ESTAT:ERT_H_EUR_D(1.0),08/01/26 11:00:00,Daily,Average,National currency (former currencies of the euro area countries),Italian lira,1987-12-18,1520.34,,
ESTAT:ERT_H_EUR_D(1.0),08/01/26 11:00:00,Daily,Average,National currency (former currencies of the euro area countries),Italian lira,1987-12-21,1517.91,,
ESTAT:ERT_H_EUR_D(1.0),08/01/26 11:00:00,Daily,Average,National currency (former currencies of the euro area countries),Italian lira,1987-12-22,1518.43,,
ESTAT:ERT_H_EUR_D(1.0),08/01/26 11:00:00,Daily,Average,National currency (former currencies of the euro area countries),Italian lira,1987-12-23,1516.58,,
ESTAT:ERT_H_EUR_D(1.0),08/01/26 11:00:00,Daily,Average,National currency (former currencies of the euro area countries),Italian lira,1987-12-24,1515.88,,
ESTAT:ERT_H_EUR_D(1.0),08/01/26 11:00:00,Daily,Average,National currency (former currencies of the euro area countries),Italian lira,1987-12-28,1520.50,,
ESTAT:ERT_H_EUR_D(1.0),08/01/26 11:00:00,Daily,Average,National currency (former currencies of the euro area countries),Italian lira,1987-12-29,1520.31,,
ESTAT:ERT_H_EUR_D(1.0),08/01/26 11:00:00,Daily,Average,National currency (former currencies of the euro area countries),Italian lira,1987-12-30,1521.70,,
ESTAT:ERT_H_EUR_D(1.0),08/01/26 11:00:00,Daily,Average,National currency (former currencies of the euro area countries),Italian lira,1987-12-31,1521.66,,
ESTAT:ERT_H_EUR_D(1.0),08/01/26 11:00:00,Daily,Average,National currency (former currencies of the euro area countries),Italian lira,1988-01-04,1520.83,,
ESTAT:ERT_H_EUR_D(1.0),08/01/26 11:00:00,Daily,Average,National currency (former currencies of the euro area countries),Italian lira,1988-01-05,1520.87,,
ESTAT:ERT_H_EUR_D(1.0),08/01/26 11:00:00,Daily,Average,National currency (former currencies of the euro area countries),Italian lira,1988-01-06,1515.39,,
ESTAT:ERT_H_EUR_D(1.0),08/01/26 11:00:00,Daily,Average,National currency (former currencies of the euro area countries),Italian lira,1988-01-07,1519.25,,
ESTAT:ERT_H_EUR_D(1.0),08/01/26 11:00:00,Daily,Average,National currency (former currencies of the euro area countries),Italian lira,1988-01-08,1517.87,,
ESTAT:ERT_H_EUR_D(1.0),08/01/26 11:00:00,Daily,Average,National currency (former currencies of the euro area countries),Italian lira,1988-01-11,1519.24,,
ESTAT:ERT_H_EUR_D(1.0),08/01/26 11:00:00,Daily,Average,National currency (former currencies of the euro area countries),Italian lira,1988-01-12,1519.21,,
ESTAT:ERT_H_EUR_D(1.0),08/01/26 11:00:00,Daily,Average,National currency (former currencies of the euro area countries),Italian lira,1988-01-13,1518.42,,
ESTAT:ERT_H_EUR_D(1.0),08/01/26 11:00:00,Daily,Average,National currency (former currencies of the euro area countries),Italian lira,1988-01-14,1520.08,,
ESTAT:ERT_H_EUR_D(1.0),08/01/26 11:00:00,Daily,Average,National currency (former currencies of the euro area countries),Italian lira,1988-01-15,1519.16,,
ESTAT:ERT_H_EUR_D(1.0),08/01/26 11:00:00,Daily,Average,National currency (former currencies of the euro area countries),Italian lira,1988-01-18,1516.95,,
ESTAT:ERT_H_EUR_D(1.0),08/01/26 11:00:00,Daily,Average,National currency (former currencies of the euro area countries),Italian lira,1988-01-19,1516.84,,
ESTAT:ERT_H_EUR_D(1.0),08/01/26 11:00:00,Daily,Average,National currency (former currencies of the euro area countries),Italian lira,1988-01-20,1516.39,,
ESTAT:ERT_H_EUR_D(1.0),08/01/26 11:00:00,Daily,Average,National currency (former currencies of the euro area countries),Italian lira,1988-01-21,1519.70,,
ESTAT:ERT_H_EUR_D(1.0),08/01/26 11:00:00,Daily,Average,National currency (former currencies of the euro area countries),Italian lira,1988-01-22,1518.23,,
ESTAT:ERT_H_EUR_D(1.0),08/01/26 11:00:00,Daily,Average,National currency (former currencies of the euro area countries),Italian lira,1988-01-25,1517.85,,
ESTAT:ERT_H_EUR_D(1.0),08/01/26 11:00:00,Daily,Average,National currency (former currencies of the euro area countries),Italian lira,1988-01-26,1517.89,,
ESTAT:ERT_H_EUR_D(1.0),08/01/26 11:00:00,Daily,Average,National currency (former currencies of the euro area countries),Italian lira,1988-01-27,1520.39,,
ESTAT:ERT_H_EUR_D(1.0),08/01/26 11:00:00,Daily,Average,National currency (former currencies of the euro area countries),Italian lira,1988-01-28,1523.73,,
ESTAT:ERT_H_EUR_D(1.0),08/01/26 11:00:00,Daily,Average,National currency (former currencies of the euro area countries),Italian lira,1988-01-29,1520.82,,
ESTAT:ERT_H_EUR_D(1.0),08/01/26 11:00:00,Daily,Average,National currency (former currencies of the euro area countries),Italian lira,1988-02-01,1520.72,,
ESTAT:ERT_H_EUR_D(1.0),08/01/26 11:00:00,Daily,Average,National currency (former currencies of the euro area countries),Italian lira,1988-02-02,1520.52,,
ESTAT:ERT_H_EUR_D(1.0),08/01/26 11:00:00,Daily,Average,National currency (former currencies of the euro area countries),Italian lira,1988-02-03,1521.12,,
ESTAT:ERT_H_EUR_D(1.0),08/01/26 11:00:00,Daily,Average,National currency (former currencies of the euro area countries),Italian lira,1988-02-04,1520.36,,
ESTAT:ERT_H_EUR_D(1.0),08/01/26 11:00:00,Daily,Average,National currency (former currencies of the euro area countries),Italian lira,1988-02-05,1520.52,,
ESTAT:ERT_H_EUR_D(1.0),08/01/26 11:00:00,Daily,Average,National currency (former currencies of the euro area countries),Italian lira,1988-02-08,1520.30,,
ESTAT:ERT_H_EUR_D(1.0),08/01/26 11:00:00,Daily,Average,National currency (former currencies of the euro area countries),Italian lira,1988-02-09,1519.67,,
ESTAT:ERT_H_EUR_D(1.0),08/01/26 11:00:00,Daily,Average,National currency (former currencies of the euro area countries),Italian lira,1988-02-10,1520.25,,
ESTAT:ERT_H_EUR_D(1.0),08/01/26 11:00:00,Daily,Average,National currency (former currencies of the euro area countries),Italian lira,1988-02-11,1522.84,,
ESTAT:ERT_H_EUR_D(1.0),08/01/26 11:00:00,Daily,Average,National currency (former currencies of the euro area countries),Italian lira,1988-02-12,1521.72,,
ESTAT:ERT_H_EUR_D(1.0),08/01/26 11:00:00,Daily,Average,National currency (former currencies of the euro area countries),Italian lira,1988-02-15,1520.67,,
ESTAT:ERT_H_EUR_D(1.0),08/01/26 11:00:00,Daily,Average,National currency (former currencies of the euro area countries),Italian lira,1988-02-16,1520.34,,
ESTAT:ERT_H_EUR_D(1.0),08/01/26 11:00:00,Daily,Average,National currency (former currencies of the euro area countries),Italian lira,1988-02-17,1520.57,,
ESTAT:ERT_H_EUR_D(1.0),08/01/26 11:00:00,Daily,Average,National currency (former currencies of the euro area countries),Italian lira,1988-02-18,1521.35,,
ESTAT:ERT_H_EUR_D(1.0),08/01/26 11:00:00,Daily,Average,National currency (former currencies of the euro area countries),Italian lira,1988-02-19,1520.87,,
ESTAT:ERT_H_EUR_D(1.0),08/01/26 11:00:00,Daily,Average,National currency (former currencies of the euro area countries),Italian lira,1988-02-22,1521.14,,
ESTAT:ERT_H_EUR_D(1.0),08/01/26 11:00:00,Daily,Average,National currency (former currencies of the euro area countries),Italian lira,1988-02-23,1522.39,,
ESTAT:ERT_H_EUR_D(1.0),08/01/26 11:00:00,Daily,Average,National currency (former currencies of the euro area countries),Italian lira,1988-02-24,1521.79,,
ESTAT:ERT_H_EUR_D(1.0),08/01/26 11:00:00,Daily,Average,National currency (former currencies of the euro area countries),Italian lira,1988-02-25,1522.04,,
ESTAT:ERT_H_EUR_D(1.0),08/01/26 11:00:00,Daily,Average,National currency (former currencies of the euro area countries),Italian lira,1988-02-26,1522.48,,
ESTAT:ERT_H_EUR_D(1.0),08/01/26 11:00:00,Daily,Average,National currency (former currencies of the euro area countries),Italian lira,1988-02-29,1522.21,,
ESTAT:ERT_H_EUR_D(1.0),08/01/26 11:00:00,Daily,Average,National currency (former currencies of the euro area countries),Italian lira,1988-03-01,1523.20,,
ESTAT:ERT_H_EUR_D(1.0),08/01/26 11:00:00,Daily,Average,National currency (former currencies of the euro area countries),Italian lira,1988-03-02,1522.36,,
ESTAT:ERT_H_EUR_D(1.0),08/01/26 11:00:00,Daily,Average,National currency (former currencies of the euro area countries),Italian lira,1988-03-03,1522.85,,
ESTAT:ERT_H_EUR_D(1.0),08/01/26 11:00:00,Daily,Average,National currency (former currencies of the euro area countries),Italian lira,1988-03-04,1522.53,,
ESTAT:ERT_H_EUR_D(1.0),08/01/26 11:00:00,Daily,Average,National currency (former currencies of the euro area countries),Italian lira,1988-03-07,1526.09,,
ESTAT:ERT_H_EUR_D(1.0),08/01/26 11:00:00,Daily,Average,National currency (former currencies of the euro area countries),Italian lira,1988-03-08,1529.29,,
ESTAT:ERT_H_EUR_D(1.0),08/01/26 11:00:00,Daily,Average,National currency (former currencies of the euro area countries),Italian lira,1988-03-09,1530.67,,
ESTAT:ERT_H_EUR_D(1.0),08/01/26 11:00:00,Daily,Average,National currency (former currencies of the euro area countries),Italian lira,1988-03-10,1532.80,,
ESTAT:ERT_H_EUR_D(1.0),08/01/26 11:00:00,Daily,Average,National currency (former currencies of the euro area countries),Italian lira,1988-03-11,1535.93,,
ESTAT:ERT_H_EUR_D(1.0),08/01/26 11:00:00,Daily,Average,National currency (former currencies of the euro area countries),Italian lira,1988-03-14,1533.37,,
ESTAT:ERT_H_EUR_D(1.0),08/01/26 11:00:00,Daily,Average,National currency (former currencies of the euro area countries),Italian lira,1988-03-15,1534.39,,
ESTAT:ERT_H_EUR_D(1.0),08/01/26 11:00:00,Daily,Average,National currency (former currencies of the euro area countries),Italian lira,1988-03-16,1536.03,,
ESTAT:ERT_H_EUR_D(1.0),08/01/26 11:00:00,Daily,Average,National currency (former currencies of the euro area countries),Italian lira,1988-03-17,1536.40,,
ESTAT:ERT_H_EUR_D(1.0),08/01/26 11:00:00,Daily,Average,National currency (former currencies of the euro area countries),Italian lira,1988-03-18,1533.22,,
ESTAT:ERT_H_EUR_D(1.0),08/01/26 11:00:00,Daily,Average,National currency (former currencies of the euro area countries),Italian lira,1988-03-21,1533.53,,
ESTAT:ERT_H_EUR_D(1.0),08/01/26 11:00:00,Daily,Average,National currency (former currencies of the euro area countries),Italian lira,1988-03-22,1533.81,,
ESTAT:ERT_H_EUR_D(1.0),08/01/26 11:00:00,Daily,Average,National currency (former currencies of the euro area countries),Italian lira,1988-03-23,1534.58,,
ESTAT:ERT_H_EUR_D(1.0),08/01/26 11:00:00,Daily,Average,National currency (former currencies of the euro area countries),Italian lira,1988-03-24,1535.53,,
ESTAT:ERT_H_EUR_D(1.0),08/01/26 11:00:00,Daily,Average,National currency (former currencies of the euro area countries),Italian lira,1988-03-25,1532.24,,
ESTAT:ERT_H_EUR_D(1.0),08/01/26 11:00:00,Daily,Average,National currency (former currencies of the euro area countries),Italian lira,1988-03-28,1534.11,,
ESTAT:ERT_H_EUR_D(1.0),08/01/26 11:00:00,Daily,Average,National currency (former currencies of the euro area countries),Italian lira,1988-03-29,1535.66,,
ESTAT:ERT_H_EUR_D(1.0),08/01/26 11:00:00,Daily,Average,National currency (former currencies of the euro area countries),Italian lira,1988-03-30,1535.95,,
ESTAT:ERT_H_EUR_D(1.0),08/01/26 11:00:00,Daily,Average,National currency (former currencies of the euro area countries),Italian lira,1988-03-31,1539.01,,
ESTAT:ERT_H_EUR_D(1.0),08/01/26 11:00:00,Daily,Average,National currency (former currencies of the euro area countries),Italian lira,1988-04-05,1540.17,,
ESTAT:ERT_H_EUR_D(1.0),08/01/26 11:00:00,Daily,Average,National currency (former currencies of the euro area countries),Italian lira,1988-04-06,1539.23,,
ESTAT:ERT_H_EUR_D(1.0),08/01/26 11:00:00,Daily,Average,National currency (former currencies of the euro area countries),Italian lira,1988-04-07,1540.81,,
ESTAT:ERT_H_EUR_D(1.0),08/01/26 11:00:00,Daily,Average,National currency (former currencies of the euro area countries),Italian lira,1988-04-08,1540.08,,
ESTAT:ERT_H_EUR_D(1.0),08/01/26 11:00:00,Daily,Average,National currency (former currencies of the euro area countries),Italian lira,1988-04-11,1538.66,,
ESTAT:ERT_H_EUR_D(1.0),08/01/26 11:00:00,Daily,Average,National currency (former currencies of the euro area countries),Italian lira,1988-04-12,1538.74,,
ESTAT:ERT_H_EUR_D(1.0),08/01/26 11:00:00,Daily,Average,National currency (former currencies of the euro area countries),Italian lira,1988-04-13,1538.80,,
ESTAT:ERT_H_EUR_D(1.0),08/01/26 11:00:00,Daily,Average,National currency (former currencies of the euro area countries),Italian lira,1988-04-14,1538.52,,
ESTAT:ERT_H_EUR_D(1.0),08/01/26 11:00:00,Daily,Average,National currency (former currencies of the euro area countries),Italian lira,1988-04-15,1540.77,,
ESTAT:ERT_H_EUR_D(1.0),08/01/26 11:00:00,Daily,Average,National currency (former currencies of the euro area countries),Italian lira,1988-04-18,1542.69,,
ESTAT:ERT_H_EUR_D(1.0),08/01/26 11:00:00,Daily,Average,National currency (former currencies of the euro area countries),Italian lira,1988-04-19,1543.96,,
ESTAT:ERT_H_EUR_D(1.0),08/01/26 11:00:00,Daily,Average,National currency (former currencies of the euro area countries),Italian lira,1988-04-20,1543.60,,
ESTAT:ERT_H_EUR_D(1.0),08/01/26 11:00:00,Daily,Average,National currency (former currencies of the euro area countries),Italian lira,1988-04-21,1544.12,,
ESTAT:ERT_H_EUR_D(1.0),08/01/26 11:00:00,Daily,Average,National currency (former currencies of the euro area countries),Italian lira,1988-04-22,1544.11,,
ESTAT:ERT_H_EUR_D(1.0),08/01/26 11:00:00,Daily,Average,National currency (former currencies of the euro area countries),Italian lira,1988-04-25,1543.95,,
ESTAT:ERT_H_EUR_D(1.0),08/01/26 11:00:00,Daily,Average,National currency (former currencies of the euro area countries),Italian lira,1988-04-26,1543.54,,
ESTAT:ERT_H_EUR_D(1.0),08/01/26 11:00:00,Daily,Average,National currency (former currencies of the euro area countries),Italian lira,1988-04-27,1543.06,,
ESTAT:ERT_H_EUR_D(1.0),08/01/26 11:00:00,Daily,Average,National currency (former currencies of the euro area countries),Italian lira,1988-04-28,1542.63,,
ESTAT:ERT_H_EUR_D(1.0),08/01/26 11:00:00,Daily,Average,National currency (former currencies of the euro area countries),Italian lira,1988-04-29,1544.96,,
ESTAT:ERT_H_EUR_D(1.0),08/01/26 11:00:00,Daily,Average,National currency (former currencies of the euro area countries),Italian lira,1988-05-02,1544.14,,
ESTAT:ERT_H_EUR_D(1.0),08/01/26 11:00:00,Daily,Average,National currency (former currencies of the euro area countries),Italian lira,1988-05-03,1544.09,,
ESTAT:ERT_H_EUR_D(1.0),08/01/26 11:00:00,Daily,Average,National currency (former currencies of the euro area countries),Italian lira,1988-05-04,1543.83,,
ESTAT:ERT_H_EUR_D(1.0),08/01/26 11:00:00,Daily,Average,National currency (former currencies of the euro area countries),Italian lira,1988-05-05,1547.53,,
ESTAT:ERT_H_EUR_D(1.0),08/01/26 11:00:00,Daily,Average,National currency (former currencies of the euro area countries),Italian lira,1988-05-06,1546.24,,
ESTAT:ERT_H_EUR_D(1.0),08/01/26 11:00:00,Daily,Average,National currency (former currencies of the euro area countries),Italian lira,1988-05-09,1544.95,,
ESTAT:ERT_H_EUR_D(1.0),08/01/26 11:00:00,Daily,Average,National currency (former currencies of the euro area countries),Italian lira,1988-05-10,1545.62,,
ESTAT:ERT_H_EUR_D(1.0),08/01/26 11:00:00,Daily,Average,National currency (former currencies of the euro area countries),Italian lira,1988-05-11,1547.25,,
ESTAT:ERT_H_EUR_D(1.0),08/01/26 11:00:00,Daily,Average,National currency (former currencies of the euro area countries),Italian lira,1988-05-13,1546.40,,
ESTAT:ERT_H_EUR_D(1.0),08/01/26 11:00:00,Daily,Average,National currency (former currencies of the euro area countries),Italian lira,1988-05-16,1546.91,,
ESTAT:ERT_H_EUR_D(1.0),08/01/26 11:00:00,Daily,Average,National currency (former currencies of the euro area countries),Italian lira,1988-05-17,1545.82,,
ESTAT:ERT_H_EUR_D(1.0),08/01/26 11:00:00,Daily,Average,National currency (former currencies of the euro area countries),Italian lira,1988-05-18,1544.33,,
ESTAT:ERT_H_EUR_D(1.0),08/01/26 11:00:00,Daily,Average,National currency (former currencies of the euro area countries),Italian lira,1988-05-19,1544.88,,
ESTAT:ERT_H_EUR_D(1.0),08/01/26 11:00:00,Daily,Average,National currency (former currencies of the euro area countries),Italian lira,1988-05-20,1544.59,,
ESTAT:ERT_H_EUR_D(1.0),08/01/26 11:00:00,Daily,Average,National currency (former currencies of the euro area countries),Italian lira,1988-05-24,1546.67,,
ESTAT:ERT_H_EUR_D(1.0),08/01/26 11:00:00,Daily,Average,National currency (former currencies of the euro area countries),Italian lira,1988-05-25,1545.59,,
ESTAT:ERT_H_EUR_D(1.0),08/01/26 11:00:00,Daily,Average,National currency (former currencies of the euro area countries),Italian lira,1988-05-26,1547.29,,
ESTAT:ERT_H_EUR_D(1.0),08/01/26 11:00:00,Daily,Average,National currency (former currencies of the euro area countries),Italian lira,1988-05-27,1546.08,,
ESTAT:ERT_H_EUR_D(1.0),08/01/26 11:00:00,Daily,Average,National currency (former currencies of the euro area countries),Italian lira,1988-05-30,1545.76,,
ESTAT:ERT_H_EUR_D(1.0),08/01/26 11:00:00,Daily,Average,National currency (former currencies of the euro area countries),Italian lira,1988-05-31,1545.86,,
ESTAT:ERT_H_EUR_D(1.0),08/01/26 11:00:00,Daily,Average,National currency (former currencies of the euro area countries),Italian lira,1988-06-01,1546.89,,
ESTAT:ERT_H_EUR_D(1.0),08/01/26 11:00:00,Daily,Average,National currency (former currencies of the euro area countries),Italian lira,1988-06-02,1545.44,,
ESTAT:ERT_H_EUR_D(1.0),08/01/26 11:00:00,Daily,Average,National currency (former currencies of the euro area countries),Italian lira,1988-06-03,1542.10,,
ESTAT:ERT_H_EUR_D(1.0),08/01/26 11:00:00,Daily,Average,National currency (former currencies of the euro area countries),Italian lira,1988-06-06,1541.65,,
ESTAT:ERT_H_EUR_D(1.0),08/01/26 11:00:00,Daily,Average,National currency (former currencies of the euro area countries),Italian lira,1988-06-07,1542.16,,
ESTAT:ERT_H_EUR_D(1.0),08/01/26 11:00:00,Daily,Average,National currency (former currencies of the euro area countries),Italian lira,1988-06-08,1542.51,,
ESTAT:ERT_H_EUR_D(1.0),08/01/26 11:00:00,Daily,Average,National currency (former currencies of the euro area countries),Italian lira,1988-06-09,1542.97,,
ESTAT:ERT_H_EUR_D(1.0),08/01/26 11:00:00,Daily,Average,National currency (former currencies of the euro area countries),Italian lira,1988-06-10,1544.34,,
ESTAT:ERT_H_EUR_D(1.0),08/01/26 11:00:00,Daily,Average,National currency (former currencies of the euro area countries),Italian lira,1988-06-13,1544.97,,
ESTAT:ERT_H_EUR_D(1.0),08/01/26 11:00:00,Daily,Average,National currency (former currencies of the euro area countries),Italian lira,1988-06-14,1543.93,,
ESTAT:ERT_H_EUR_D(1.0),08/01/26 11:00:00,Daily,Average,National currency (former currencies of the euro area countries),Italian lira,1988-06-15,1542.74,,
ESTAT:ERT_H_EUR_D(1.0),08/01/26 11:00:00,Daily,Average,National currency (former currencies of the euro area countries),Italian lira,1988-06-16,1543.72,,
ESTAT:ERT_H_EUR_D(1.0),08/01/26 11:00:00,Daily,Average,National currency (former currencies of the euro area countries),Italian lira,1988-06-17,1541.91,,
ESTAT:ERT_H_EUR_D(1.0),08/01/26 11:00:00,Daily,Average,National currency (former currencies of the euro area countries),Italian lira,1988-06-20,1542.08,,
ESTAT:ERT_H_EUR_D(1.0),08/01/26 11:00:00,Daily,Average,National currency (former currencies of the euro area countries),Italian lira,1988-06-21,1542.39,,
ESTAT:ERT_H_EUR_D(1.0),08/01/26 11:00:00,Daily,Average,National currency (former currencies of the euro area countries),Italian lira,1988-06-22,1541.99,,
ESTAT:ERT_H_EUR_D(1.0),08/01/26 11:00:00,Daily,Average,National currency (former currencies of the euro area countries),Italian lira,1988-06-23,1542.15,,
ESTAT:ERT_H_EUR_D(1.0),08/01/26 11:00:00,Daily,Average,National currency (former currencies of the euro area countries),Italian lira,1988-06-24,1540.85,,
ESTAT:ERT_H_EUR_D(1.0),08/01/26 11:00:00,Daily,Average,National currency (former currencies of the euro area countries),Italian lira,1988-06-27,1537.37,,
ESTAT:ERT_H_EUR_D(1.0),08/01/26 11:00:00,Daily,Average,National currency (former currencies of the euro area countries),Italian lira,1988-06-28,1539.93,,
ESTAT:ERT_H_EUR_D(1.0),08/01/26 11:00:00,Daily,Average,National currency (former currencies of the euro area countries),Italian lira,1988-06-29,1539.79,,
ESTAT:ERT_H_EUR_D(1.0),08/01/26 11:00:00,Daily,Average,National currency (former currencies of the euro area countries),Italian lira,1988-06-30,1539.75,,
ESTAT:ERT_H_EUR_D(1.0),08/01/26 11:00:00,Daily,Average,National currency (former currencies of the euro area countries),Italian lira,1988-07-01,1539.94,,
ESTAT:ERT_H_EUR_D(1.0),08/01/26 11:00:00,Daily,Average,National currency (former currencies of the euro area countries),Italian lira,1988-07-04,1539.26,,
ESTAT:ERT_H_EUR_D(1.0),08/01/26 11:00:00,Daily,Average,National currency (former currencies of the euro area countries),Italian lira,1988-07-05,1540.06,,
ESTAT:ERT_H_EUR_D(1.0),08/01/26 11:00:00,Daily,Average,National currency (former currencies of the euro area countries),Italian lira,1988-07-06,1540.60,,
ESTAT:ERT_H_EUR_D(1.0),08/01/26 11:00:00,Daily,Average,National currency (former currencies of the euro area countries),Italian lira,1988-07-07,1541.42,,
ESTAT:ERT_H_EUR_D(1.0),08/01/26 11:00:00,Daily,Average,National currency (former currencies of the euro area countries),Italian lira,1988-07-08,1539.04,,
ESTAT:ERT_H_EUR_D(1.0),08/01/26 11:00:00,Daily,Average,National currency (former currencies of the euro area countries),Italian lira,1988-07-11,1539.88,,
ESTAT:ERT_H_EUR_D(1.0),08/01/26 11:00:00,Daily,Average,National currency (former currencies of the euro area countries),Italian lira,1988-07-12,1538.94,,
ESTAT:ERT_H_EUR_D(1.0),08/01/26 11:00:00,Daily,Average,National currency (former currencies of the euro area countries),Italian lira,1988-07-13,1539.15,,
ESTAT:ERT_H_EUR_D(1.0),08/01/26 11:00:00,Daily,Average,National currency (former currencies of the euro area countries),Italian lira,1988-07-14,1539.28,,
ESTAT:ERT_H_EUR_D(1.0),08/01/26 11:00:00,Daily,Average,National currency (former currencies of the euro area countries),Italian lira,1988-07-15,1538.87,,
ESTAT:ERT_H_EUR_D(1.0),08/01/26 11:00:00,Daily,Average,National currency (former currencies of the euro area countries),Italian lira,1988-07-18,1539.91,,
ESTAT:ERT_H_EUR_D(1.0),08/01/26 11:00:00,Daily,Average,National currency (former currencies of the euro area countries),Italian lira,1988-07-19,1540.76,,
ESTAT:ERT_H_EUR_D(1.0),08/01/26 11:00:00,Daily,Average,National currency (former currencies of the euro area countries),Italian lira,1988-07-20,1540.69,,
ESTAT:ERT_H_EUR_D(1.0),08/01/26 11:00:00,Daily,Average,National currency (former currencies of the euro area countries),Italian lira,1988-07-21,1541.84,,
ESTAT:ERT_H_EUR_D(1.0),08/01/26 11:00:00,Daily,Average,National currency (former currencies of the euro area countries),Italian lira,1988-07-22,1540.43,,
ESTAT:ERT_H_EUR_D(1.0),08/01/26 11:00:00,Daily,Average,National currency (former currencies of the euro area countries),Italian lira,1988-07-25,1540.39,,
ESTAT:ERT_H_EUR_D(1.0),08/01/26 11:00:00,Daily,Average,National currency (former currencies of the euro area countries),Italian lira,1988-07-26,1539.95,,
ESTAT:ERT_H_EUR_D(1.0),08/01/26 11:00:00,Daily,Average,National currency (former currencies of the euro area countries),Italian lira,1988-07-27,1539.86,,
ESTAT:ERT_H_EUR_D(1.0),08/01/26 11:00:00,Daily,Average,National currency (former currencies of the euro area countries),Italian lira,1988-07-28,1540.99,,
ESTAT:ERT_H_EUR_D(1.0),08/01/26 11:00:00,Daily,Average,National currency (former currencies of the euro area countries),Italian lira,1988-07-29,1538.23,,
ESTAT:ERT_H_EUR_D(1.0),08/01/26 11:00:00,Daily,Average,National currency (former currencies of the euro area countries),Italian lira,1988-08-01,1538.61,,
ESTAT:ERT_H_EUR_D(1.0),08/01/26 11:00:00,Daily,Average,National currency (former currencies of the euro area countries),Italian lira,1988-08-02,1537.41,,
ESTAT:ERT_H_EUR_D(1.0),08/01/26 11:00:00,Daily,Average,National currency (former currencies of the euro area countries),Italian lira,1988-08-03,1537.93,,
ESTAT:ERT_H_EUR_D(1.0),08/01/26 11:00:00,Daily,Average,National currency (former currencies of the euro area countries),Italian lira,1988-08-04,1538.59,,
ESTAT:ERT_H_EUR_D(1.0),08/01/26 11:00:00,Daily,Average,National currency (former currencies of the euro area countries),Italian lira,1988-08-05,1538.45,,
ESTAT:ERT_H_EUR_D(1.0),08/01/26 11:00:00,Daily,Average,National currency (former currencies of the euro area countries),Italian lira,1988-08-08,1538.96,,
ESTAT:ERT_H_EUR_D(1.0),08/01/26 11:00:00,Daily,Average,National currency (former currencies of the euro area countries),Italian lira,1988-08-09,1539.66,,
ESTAT:ERT_H_EUR_D(1.0),08/01/26 11:00:00,Daily,Average,National currency (former currencies of the euro area countries),Italian lira,1988-08-10,1541.54,,
ESTAT:ERT_H_EUR_D(1.0),08/01/26 11:00:00,Daily,Average,National currency (former currencies of the euro area countries),Italian lira,1988-08-11,1543.26,,
ESTAT:ERT_H_EUR_D(1.0),08/01/26 11:00:00,Daily,Average,National currency (former currencies of the euro area countries),Italian lira,1988-08-12,1544.22,,
ESTAT:ERT_H_EUR_D(1.0),08/01/26 11:00:00,Daily,Average,National currency (former currencies of the euro area countries),Italian lira,1988-08-15,1545.27,,
ESTAT:ERT_H_EUR_D(1.0),08/01/26 11:00:00,Daily,Average,National currency (former currencies of the euro area countries),Italian lira,1988-08-16,1544.42,,
ESTAT:ERT_H_EUR_D(1.0),08/01/26 11:00:00,Daily,Average,National currency (former currencies of the euro area countries),Italian lira,1988-08-17,1542.87,,
ESTAT:ERT_H_EUR_D(1.0),08/01/26 11:00:00,Daily,Average,National currency (former currencies of the euro area countries),Italian lira,1988-08-18,1542.41,,
ESTAT:ERT_H_EUR_D(1.0),08/01/26 11:00:00,Daily,Average,National currency (former currencies of the euro area countries),Italian lira,1988-08-19,1541.63,,
ESTAT:ERT_H_EUR_D(1.0),08/01/26 11:00:00,Daily,Average,National currency (former currencies of the euro area countries),Italian lira,1988-08-22,1540.96,,
ESTAT:ERT_H_EUR_D(1.0),08/01/26 11:00:00,Daily,Average,National currency (former currencies of the euro area countries),Italian lira,1988-08-23,1541.09,,
ESTAT:ERT_H_EUR_D(1.0),08/01/26 11:00:00,Daily,Average,National currency (former currencies of the euro area countries),Italian lira,1988-08-24,1541.51,,
ESTAT:ERT_H_EUR_D(1.0),08/01/26 11:00:00,Daily,Average,National currency (former currencies of the euro area countries),Italian lira,1988-08-25,1541.59,,
ESTAT:ERT_H_EUR_D(1.0),08/01/26 11:00:00,Daily,Average,National currency (former currencies of the euro area countries),Italian lira,1988-08-26,1540.66,,
ESTAT:ERT_H_EUR_D(1.0),08/01/26 11:00:00,Daily,Average,National currency (former currencies of the euro area countries),Italian lira,1988-08-29,1541.12,,
ESTAT:ERT_H_EUR_D(1.0),08/01/26 11:00:00,Daily,Average,National currency (former currencies of the euro area countries),Italian lira,1988-08-30,1541.69,,
ESTAT:ERT_H_EUR_D(1.0),08/01/26 11:00:00,Daily,Average,National currency (former currencies of the euro area countries),Italian lira,1988-08-31,1540.76,,
ESTAT:ERT_H_EUR_D(1.0),08/01/26 11:00:00,Daily,Average,National currency (former currencies of the euro area countries),Italian lira,1988-09-01,1542.61,,
ESTAT:ERT_H_EUR_D(1.0),08/01/26 11:00:00,Daily,Average,National currency (former currencies of the euro area countries),Italian lira,1988-09-02,1544.72,,
ESTAT:ERT_H_EUR_D(1.0),08/01/26 11:00:00,Daily,Average,National currency (former currencies of the euro area countries),Italian lira,1988-09-05,1542.70,,
ESTAT:ERT_H_EUR_D(1.0),08/01/26 11:00:00,Daily,Average,National currency (former currencies of the euro area countries),Italian lira,1988-09-06,1545.77,,
ESTAT:ERT_H_EUR_D(1.0),08/01/26 11:00:00,Daily,Average,National currency (former currencies of the euro area countries),Italian lira,1988-09-07,1548.57,,
ESTAT:ERT_H_EUR_D(1.0),08/01/26 11:00:00,Daily,Average,National currency (former currencies of the euro area countries),Italian lira,1988-09-08,1549.32,,
ESTAT:ERT_H_EUR_D(1.0),08/01/26 11:00:00,Daily,Average,National currency (former currencies of the euro area countries),Italian lira,1988-09-09,1549.08,,
ESTAT:ERT_H_EUR_D(1.0),08/01/26 11:00:00,Daily,Average,National currency (former currencies of the euro area countries),Italian lira,1988-09-12,1547.54,,
ESTAT:ERT_H_EUR_D(1.0),08/01/26 11:00:00,Daily,Average,National currency (former currencies of the euro area countries),Italian lira,1988-09-13,1546.84,,
ESTAT:ERT_H_EUR_D(1.0),08/01/26 11:00:00,Daily,Average,National currency (former currencies of the euro area countries),Italian lira,1988-09-14,1546.81,,
ESTAT:ERT_H_EUR_D(1.0),08/01/26 11:00:00,Daily,Average,National currency (former currencies of the euro area countries),Italian lira,1988-09-15,1547.50,,
ESTAT:ERT_H_EUR_D(1.0),08/01/26 11:00:00,Daily,Average,National currency (former currencies of the euro area countries),Italian lira,1988-09-16,1545.26,,
ESTAT:ERT_H_EUR_D(1.0),08/01/26 11:00:00,Daily,Average,National currency (former currencies of the euro area countries),Italian lira,1988-09-19,1545.28,,
ESTAT:ERT_H_EUR_D(1.0),08/01/26 11:00:00,Daily,Average,National currency (former currencies of the euro area countries),Italian lira,1988-09-20,1544.94,,
ESTAT:ERT_H_EUR_D(1.0),08/01/26 11:00:00,Daily,Average,National currency (former currencies of the euro area countries),Italian lira,1988-09-21,1543.59,,
ESTAT:ERT_H_EUR_D(1.0),08/01/26 11:00:00,Daily,Average,National currency (former currencies of the euro area countries),Italian lira,1988-09-22,1544.07,,
ESTAT:ERT_H_EUR_D(1.0),08/01/26 11:00:00,Daily,Average,National currency (former currencies of the euro area countries),Italian lira,1988-09-23,1547.29,,
ESTAT:ERT_H_EUR_D(1.0),08/01/26 11:00:00,Daily,Average,National currency (former currencies of the euro area countries),Italian lira,1988-09-26,1544.61,,
ESTAT:ERT_H_EUR_D(1.0),08/01/26 11:00:00,Daily,Average,National currency (former currencies of the euro area countries),Italian lira,1988-09-27,1546.44,,
ESTAT:ERT_H_EUR_D(1.0),08/01/26 11:00:00,Daily,Average,National currency (former currencies of the euro area countries),Italian lira,1988-09-28,1547.28,,
ESTAT:ERT_H_EUR_D(1.0),08/01/26 11:00:00,Daily,Average,National currency (former currencies of the euro area countries),Italian lira,1988-09-29,1546.63,,
ESTAT:ERT_H_EUR_D(1.0),08/01/26 11:00:00,Daily,Average,National currency (former currencies of the euro area countries),Italian lira,1988-09-30,1545.91,,
ESTAT:ERT_H_EUR_D(1.0),08/01/26 11:00:00,Daily,Average,National currency (former currencies of the euro area countries),Italian lira,1988-10-03,1545.51,,
ESTAT:ERT_H_EUR_D(1.0),08/01/26 11:00:00,Daily,Average,National currency (former currencies of the euro area countries),Italian lira,1988-10-04,1546.12,,
ESTAT:ERT_H_EUR_D(1.0),08/01/26 11:00:00,Daily,Average,National currency (former currencies of the euro area countries),Italian lira,1988-10-05,1545.78,,
ESTAT:ERT_H_EUR_D(1.0),08/01/26 11:00:00,Daily,Average,National currency (former currencies of the euro area countries),Italian lira,1988-10-06,1546.07,,
ESTAT:ERT_H_EUR_D(1.0),08/01/26 11:00:00,Daily,Average,National currency (former currencies of the euro area countries),Italian lira,1988-10-07,1546.38,,
ESTAT:ERT_H_EUR_D(1.0),08/01/26 11:00:00,Daily,Average,National currency (former currencies of the euro area countries),Italian lira,1988-10-10,1547.18,,
ESTAT:ERT_H_EUR_D(1.0),08/01/26 11:00:00,Daily,Average,National currency (former currencies of the euro area countries),Italian lira,1988-10-11,1546.88,,
ESTAT:ERT_H_EUR_D(1.0),08/01/26 11:00:00,Daily,Average,National currency (former currencies of the euro area countries),Italian lira,1988-10-12,1546.52,,
ESTAT:ERT_H_EUR_D(1.0),08/01/26 11:00:00,Daily,Average,National currency (former currencies of the euro area countries),Italian lira,1988-10-13,1547.02,,
ESTAT:ERT_H_EUR_D(1.0),08/01/26 11:00:00,Daily,Average,National currency (former currencies of the euro area countries),Italian lira,1988-10-14,1546.09,,
ESTAT:ERT_H_EUR_D(1.0),08/01/26 11:00:00,Daily,Average,National currency (former currencies of the euro area countries),Italian lira,1988-10-17,1545.86,,
ESTAT:ERT_H_EUR_D(1.0),08/01/26 11:00:00,Daily,Average,National currency (former currencies of the euro area countries),Italian lira,1988-10-18,1544.52,,
ESTAT:ERT_H_EUR_D(1.0),08/01/26 11:00:00,Daily,Average,National currency (former currencies of the euro area countries),Italian lira,1988-10-19,1544.40,,
ESTAT:ERT_H_EUR_D(1.0),08/01/26 11:00:00,Daily,Average,National currency (former currencies of the euro area countries),Italian lira,1988-10-20,1544.82,,
ESTAT:ERT_H_EUR_D(1.0),08/01/26 11:00:00,Daily,Average,National currency (former currencies of the euro area countries),Italian lira,1988-10-21,1544.72,,
ESTAT:ERT_H_EUR_D(1.0),08/01/26 11:00:00,Daily,Average,National currency (former currencies of the euro area countries),Italian lira,1988-10-24,1542.51,,
ESTAT:ERT_H_EUR_D(1.0),08/01/26 11:00:00,Daily,Average,National currency (former currencies of the euro area countries),Italian lira,1988-10-25,1541.75,,
ESTAT:ERT_H_EUR_D(1.0),08/01/26 11:00:00,Daily,Average,National currency (former currencies of the euro area countries),Italian lira,1988-10-26,1541.63,,
ESTAT:ERT_H_EUR_D(1.0),08/01/26 11:00:00,Daily,Average,National currency (former currencies of the euro area countries),Italian lira,1988-10-27,1543.38,,
ESTAT:ERT_H_EUR_D(1.0),08/01/26 11:00:00,Daily,Average,National currency (former currencies of the euro area countries),Italian lira,1988-10-28,1541.79,,
ESTAT:ERT_H_EUR_D(1.0),08/01/26 11:00:00,Daily,Average,National currency (former currencies of the euro area countries),Italian lira,1988-10-31,1541.06,,
ESTAT:ERT_H_EUR_D(1.0),08/01/26 11:00:00,Daily,Average,National currency (former currencies of the euro area countries),Italian lira,1988-11-01,1540.72,,
ESTAT:ERT_H_EUR_D(1.0),08/01/26 11:00:00,Daily,Average,National currency (former currencies of the euro area countries),Italian lira,1988-11-02,1540.93,,
ESTAT:ERT_H_EUR_D(1.0),08/01/26 11:00:00,Daily,Average,National currency (former currencies of the euro area countries),Italian lira,1988-11-03,1541.66,,
ESTAT:ERT_H_EUR_D(1.0),08/01/26 11:00:00,Daily,Average,National currency (former currencies of the euro area countries),Italian lira,1988-11-04,1541.91,,
ESTAT:ERT_H_EUR_D(1.0),08/01/26 11:00:00,Daily,Average,National currency (former currencies of the euro area countries),Italian lira,1988-11-07,1541.38,,
ESTAT:ERT_H_EUR_D(1.0),08/01/26 11:00:00,Daily,Average,National currency (former currencies of the euro area countries),Italian lira,1988-11-08,1541.47,,
ESTAT:ERT_H_EUR_D(1.0),08/01/26 11:00:00,Daily,Average,National currency (former currencies of the euro area countries),Italian lira,1988-11-09,1542.72,,
ESTAT:ERT_H_EUR_D(1.0),08/01/26 11:00:00,Daily,Average,National currency (former currencies of the euro area countries),Italian lira,1988-11-10,1543.46,,
ESTAT:ERT_H_EUR_D(1.0),08/01/26 11:00:00,Daily,Average,National currency (former currencies of the euro area countries),Italian lira,1988-11-11,1544.37,,
ESTAT:ERT_H_EUR_D(1.0),08/01/26 11:00:00,Daily,Average,National currency (former currencies of the euro area countries),Italian lira,1988-11-14,1543.66,,
ESTAT:ERT_H_EUR_D(1.0),08/01/26 11:00:00,Daily,Average,National currency (former currencies of the euro area countries),Italian lira,1988-11-15,1542.01,,
ESTAT:ERT_H_EUR_D(1.0),08/01/26 11:00:00,Daily,Average,National currency (former currencies of the euro area countries),Italian lira,1988-11-16,1541.67,,
ESTAT:ERT_H_EUR_D(1.0),08/01/26 11:00:00,Daily,Average,National currency (former currencies of the euro area countries),Italian lira,1988-11-17,1541.95,,
ESTAT:ERT_H_EUR_D(1.0),08/01/26 11:00:00,Daily,Average,National currency (former currencies of the euro area countries),Italian lira,1988-11-18,1541.32,,
ESTAT:ERT_H_EUR_D(1.0),08/01/26 11:00:00,Daily,Average,National currency (former currencies of the euro area countries),Italian lira,1988-11-21,1540.44,,
ESTAT:ERT_H_EUR_D(1.0),08/01/26 11:00:00,Daily,Average,National currency (former currencies of the euro area countries),Italian lira,1988-11-22,1539.77,,
ESTAT:ERT_H_EUR_D(1.0),08/01/26 11:00:00,Daily,Average,National currency (former currencies of the euro area countries),Italian lira,1988-11-23,1539.37,,
ESTAT:ERT_H_EUR_D(1.0),08/01/26 11:00:00,Daily,Average,National currency (former currencies of the euro area countries),Italian lira,1988-11-24,1539.89,,
ESTAT:ERT_H_EUR_D(1.0),08/01/26 11:00:00,Daily,Average,National currency (former currencies of the euro area countries),Italian lira,1988-11-25,1539.82,,
ESTAT:ERT_H_EUR_D(1.0),08/01/26 11:00:00,Daily,Average,National currency (former currencies of the euro area countries),Italian lira,1988-11-28,1539.79,,
ESTAT:ERT_H_EUR_D(1.0),08/01/26 11:00:00,Daily,Average,National currency (former currencies of the euro area countries),Italian lira,1988-11-29,1537.51,,
ESTAT:ERT_H_EUR_D(1.0),08/01/26 11:00:00,Daily,Average,National currency (former currencies of the euro area countries),Italian lira,1988-11-30,1536.48,,
ESTAT:ERT_H_EUR_D(1.0),08/01/26 11:00:00,Daily,Average,National currency (former currencies of the euro area countries),Italian lira,1988-12-01,1536.05,,
ESTAT:ERT_H_EUR_D(1.0),08/01/26 11:00:00,Daily,Average,National currency (former currencies of the euro area countries),Italian lira,1988-12-02,1536.17,,
ESTAT:ERT_H_EUR_D(1.0),08/01/26 11:00:00,Daily,Average,National currency (former currencies of the euro area countries),Italian lira,1988-12-05,1537.20,,
ESTAT:ERT_H_EUR_D(1.0),08/01/26 11:00:00,Daily,Average,National currency (former currencies of the euro area countries),Italian lira,1988-12-06,1537.26,,
ESTAT:ERT_H_EUR_D(1.0),08/01/26 11:00:00,Daily,Average,National currency (former currencies of the euro area countries),Italian lira,1988-12-07,1536.87,,
ESTAT:ERT_H_EUR_D(1.0),08/01/26 11:00:00,Daily,Average,National currency (former currencies of the euro area countries),Italian lira,1988-12-08,1536.67,,
ESTAT:ERT_H_EUR_D(1.0),08/01/26 11:00:00,Daily,Average,National currency (former currencies of the euro area countries),Italian lira,1988-12-09,1534.21,,
ESTAT:ERT_H_EUR_D(1.0),08/01/26 11:00:00,Daily,Average,National currency (former currencies of the euro area countries),Italian lira,1988-12-12,1532.46,,
ESTAT:ERT_H_EUR_D(1.0),08/01/26 11:00:00,Daily,Average,National currency (former currencies of the euro area countries),Italian lira,1988-12-13,1529.80,,
ESTAT:ERT_H_EUR_D(1.0),08/01/26 11:00:00,Daily,Average,National currency (former currencies of the euro area countries),Italian lira,1988-12-14,1529.58,,
ESTAT:ERT_H_EUR_D(1.0),08/01/26 11:00:00,Daily,Average,National currency (former currencies of the euro area countries),Italian lira,1988-12-15,1536.87,,
ESTAT:ERT_H_EUR_D(1.0),08/01/26 11:00:00,Daily,Average,National currency (former currencies of the euro area countries),Italian lira,1988-12-16,1532.06,,
ESTAT:ERT_H_EUR_D(1.0),08/01/26 11:00:00,Daily,Average,National currency (former currencies of the euro area countries),Italian lira,1988-12-19,1530.28,,
ESTAT:ERT_H_EUR_D(1.0),08/01/26 11:00:00,Daily,Average,National currency (former currencies of the euro area countries),Italian lira,1988-12-20,1530.66,,
ESTAT:ERT_H_EUR_D(1.0),08/01/26 11:00:00,Daily,Average,National currency (former currencies of the euro area countries),Italian lira,1988-12-21,1529.76,,
ESTAT:ERT_H_EUR_D(1.0),08/01/26 11:00:00,Daily,Average,National currency (former currencies of the euro area countries),Italian lira,1988-12-22,1530.30,,
ESTAT:ERT_H_EUR_D(1.0),08/01/26 11:00:00,Daily,Average,National currency (former currencies of the euro area countries),Italian lira,1988-12-23,1529.01,,
ESTAT:ERT_H_EUR_D(1.0),08/01/26 11:00:00,Daily,Average,National currency (former currencies of the euro area countries),Italian lira,1988-12-27,1531.61,,
ESTAT:ERT_H_EUR_D(1.0),08/01/26 11:00:00,Daily,Average,National currency (former currencies of the euro area countries),Italian lira,1988-12-28,1530.26,,
ESTAT:ERT_H_EUR_D(1.0),08/01/26 11:00:00,Daily,Average,National currency (former currencies of the euro area countries),Italian lira,1988-12-29,1528.53,,
ESTAT:ERT_H_EUR_D(1.0),08/01/26 11:00:00,Daily,Average,National currency (former currencies of the euro area countries),Italian lira,1988-12-30,1531.10,,
ESTAT:ERT_H_EUR_D(1.0),08/01/26 11:00:00,Daily,Average,National currency (former currencies of the euro area countries),Italian lira,1989-01-02,1533.93,,
ESTAT:ERT_H_EUR_D(1.0),08/01/26 11:00:00,Daily,Average,National currency (former currencies of the euro area countries),Italian lira,1989-01-03,1531.73,,
ESTAT:ERT_H_EUR_D(1.0),08/01/26 11:00:00,Daily,Average,National currency (former currencies of the euro area countries),Italian lira,1989-01-04,1531.43,,
ESTAT:ERT_H_EUR_D(1.0),08/01/26 11:00:00,Daily,Average,National currency (former currencies of the euro area countries),Italian lira,1989-01-05,1529.69,,
ESTAT:ERT_H_EUR_D(1.0),08/01/26 11:00:00,Daily,Average,National currency (former currencies of the euro area countries),Italian lira,1989-01-06,1525.20,,
ESTAT:ERT_H_EUR_D(1.0),08/01/26 11:00:00,Daily,Average,National currency (former currencies of the euro area countries),Italian lira,1989-01-09,1528.00,,
ESTAT:ERT_H_EUR_D(1.0),08/01/26 11:00:00,Daily,Average,National currency (former currencies of the euro area countries),Italian lira,1989-01-10,1526.31,,
ESTAT:ERT_H_EUR_D(1.0),08/01/26 11:00:00,Daily,Average,National currency (former currencies of the euro area countries),Italian lira,1989-01-11,1526.70,,
ESTAT:ERT_H_EUR_D(1.0),08/01/26 11:00:00,Daily,Average,National currency (former currencies of the euro area countries),Italian lira,1989-01-12,1535.10,,
ESTAT:ERT_H_EUR_D(1.0),08/01/26 11:00:00,Daily,Average,National currency (former currencies of the euro area countries),Italian lira,1989-01-13,1530.27,,
ESTAT:ERT_H_EUR_D(1.0),08/01/26 11:00:00,Daily,Average,National currency (former currencies of the euro area countries),Italian lira,1989-01-16,1528.50,,
ESTAT:ERT_H_EUR_D(1.0),08/01/26 11:00:00,Daily,Average,National currency (former currencies of the euro area countries),Italian lira,1989-01-17,1529.31,,
ESTAT:ERT_H_EUR_D(1.0),08/01/26 11:00:00,Daily,Average,National currency (former currencies of the euro area countries),Italian lira,1989-01-18,1528.58,,
ESTAT:ERT_H_EUR_D(1.0),08/01/26 11:00:00,Daily,Average,National currency (former currencies of the euro area countries),Italian lira,1989-01-19,1528.22,,
ESTAT:ERT_H_EUR_D(1.0),08/01/26 11:00:00,Daily,Average,National currency (former currencies of the euro area countries),Italian lira,1989-01-20,1528.73,,
ESTAT:ERT_H_EUR_D(1.0),08/01/26 11:00:00,Daily,Average,National currency (former currencies of the euro area countries),Italian lira,1989-01-23,1528.23,,
ESTAT:ERT_H_EUR_D(1.0),08/01/26 11:00:00,Daily,Average,National currency (former currencies of the euro area countries),Italian lira,1989-01-24,1526.85,,
ESTAT:ERT_H_EUR_D(1.0),08/01/26 11:00:00,Daily,Average,National currency (former currencies of the euro area countries),Italian lira,1989-01-25,1526.26,,
ESTAT:ERT_H_EUR_D(1.0),08/01/26 11:00:00,Daily,Average,National currency (former currencies of the euro area countries),Italian lira,1989-01-26,1527.08,,
ESTAT:ERT_H_EUR_D(1.0),08/01/26 11:00:00,Daily,Average,National currency (former currencies of the euro area countries),Italian lira,1989-01-27,1526.51,,
ESTAT:ERT_H_EUR_D(1.0),08/01/26 11:00:00,Daily,Average,National currency (former currencies of the euro area countries),Italian lira,1989-01-30,1527.28,,
ESTAT:ERT_H_EUR_D(1.0),08/01/26 11:00:00,Daily,Average,National currency (former currencies of the euro area countries),Italian lira,1989-01-31,1524.15,,
ESTAT:ERT_H_EUR_D(1.0),08/01/26 11:00:00,Daily,Average,National currency (former currencies of the euro area countries),Italian lira,1989-02-01,1525.18,,
ESTAT:ERT_H_EUR_D(1.0),08/01/26 11:00:00,Daily,Average,National currency (former currencies of the euro area countries),Italian lira,1989-02-02,1524.69,,
ESTAT:ERT_H_EUR_D(1.0),08/01/26 11:00:00,Daily,Average,National currency (former currencies of the euro area countries),Italian lira,1989-02-03,1523.88,,
ESTAT:ERT_H_EUR_D(1.0),08/01/26 11:00:00,Daily,Average,National currency (former currencies of the euro area countries),Italian lira,1989-02-06,1522.18,,
ESTAT:ERT_H_EUR_D(1.0),08/01/26 11:00:00,Daily,Average,National currency (former currencies of the euro area countries),Italian lira,1989-02-07,1521.13,,
ESTAT:ERT_H_EUR_D(1.0),08/01/26 11:00:00,Daily,Average,National currency (former currencies of the euro area countries),Italian lira,1989-02-08,1520.99,,
ESTAT:ERT_H_EUR_D(1.0),08/01/26 11:00:00,Daily,Average,National currency (former currencies of the euro area countries),Italian lira,1989-02-09,1521.22,,
ESTAT:ERT_H_EUR_D(1.0),08/01/26 11:00:00,Daily,Average,National currency (former currencies of the euro area countries),Italian lira,1989-02-10,1521.11,,
ESTAT:ERT_H_EUR_D(1.0),08/01/26 11:00:00,Daily,Average,National currency (former currencies of the euro area countries),Italian lira,1989-02-13,1520.70,,
ESTAT:ERT_H_EUR_D(1.0),08/01/26 11:00:00,Daily,Average,National currency (former currencies of the euro area countries),Italian lira,1989-02-14,1520.09,,
ESTAT:ERT_H_EUR_D(1.0),08/01/26 11:00:00,Daily,Average,National currency (former currencies of the euro area countries),Italian lira,1989-02-15,1526.33,,
ESTAT:ERT_H_EUR_D(1.0),08/01/26 11:00:00,Daily,Average,National currency (former currencies of the euro area countries),Italian lira,1989-02-16,1525.06,,
ESTAT:ERT_H_EUR_D(1.0),08/01/26 11:00:00,Daily,Average,National currency (former currencies of the euro area countries),Italian lira,1989-02-17,1526.32,,
ESTAT:ERT_H_EUR_D(1.0),08/01/26 11:00:00,Daily,Average,National currency (former currencies of the euro area countries),Italian lira,1989-02-20,1528.51,,
ESTAT:ERT_H_EUR_D(1.0),08/01/26 11:00:00,Daily,Average,National currency (former currencies of the euro area countries),Italian lira,1989-02-21,1525.93,,
ESTAT:ERT_H_EUR_D(1.0),08/01/26 11:00:00,Daily,Average,National currency (former currencies of the euro area countries),Italian lira,1989-02-22,1527.13,,
ESTAT:ERT_H_EUR_D(1.0),08/01/26 11:00:00,Daily,Average,National currency (former currencies of the euro area countries),Italian lira,1989-02-23,1531.32,,
ESTAT:ERT_H_EUR_D(1.0),08/01/26 11:00:00,Daily,Average,National currency (former currencies of the euro area countries),Italian lira,1989-02-24,1532.17,,
ESTAT:ERT_H_EUR_D(1.0),08/01/26 11:00:00,Daily,Average,National currency (former currencies of the euro area countries),Italian lira,1989-02-27,1533.11,,
ESTAT:ERT_H_EUR_D(1.0),08/01/26 11:00:00,Daily,Average,National currency (former currencies of the euro area countries),Italian lira,1989-02-28,1529.96,,
ESTAT:ERT_H_EUR_D(1.0),08/01/26 11:00:00,Daily,Average,National currency (former currencies of the euro area countries),Italian lira,1989-03-01,1530.54,,
ESTAT:ERT_H_EUR_D(1.0),08/01/26 11:00:00,Daily,Average,National currency (former currencies of the euro area countries),Italian lira,1989-03-02,1530.93,,
ESTAT:ERT_H_EUR_D(1.0),08/01/26 11:00:00,Daily,Average,National currency (former currencies of the euro area countries),Italian lira,1989-03-03,1532.45,,
ESTAT:ERT_H_EUR_D(1.0),08/01/26 11:00:00,Daily,Average,National currency (former currencies of the euro area countries),Italian lira,1989-03-06,1529.59,,
ESTAT:ERT_H_EUR_D(1.0),08/01/26 11:00:00,Daily,Average,National currency (former currencies of the euro area countries),Italian lira,1989-03-07,1528.11,,
ESTAT:ERT_H_EUR_D(1.0),08/01/26 11:00:00,Daily,Average,National currency (former currencies of the euro area countries),Italian lira,1989-03-08,1527.19,,
ESTAT:ERT_H_EUR_D(1.0),08/01/26 11:00:00,Daily,Average,National currency (former currencies of the euro area countries),Italian lira,1989-03-09,1527.33,,
ESTAT:ERT_H_EUR_D(1.0),08/01/26 11:00:00,Daily,Average,National currency (former currencies of the euro area countries),Italian lira,1989-03-10,1527.29,,
ESTAT:ERT_H_EUR_D(1.0),08/01/26 11:00:00,Daily,Average,National currency (former currencies of the euro area countries),Italian lira,1989-03-13,1527.03,,
ESTAT:ERT_H_EUR_D(1.0),08/01/26 11:00:00,Daily,Average,National currency (former currencies of the euro area countries),Italian lira,1989-03-14,1526.73,,
ESTAT:ERT_H_EUR_D(1.0),08/01/26 11:00:00,Daily,Average,National currency (former currencies of the euro area countries),Italian lira,1989-03-15,1528.26,,
ESTAT:ERT_H_EUR_D(1.0),08/01/26 11:00:00,Daily,Average,National currency (former currencies of the euro area countries),Italian lira,1989-03-16,1527.76,,
ESTAT:ERT_H_EUR_D(1.0),08/01/26 11:00:00,Daily,Average,National currency (former currencies of the euro area countries),Italian lira,1989-03-17,1528.10,,
ESTAT:ERT_H_EUR_D(1.0),08/01/26 11:00:00,Daily,Average,National currency (former currencies of the euro area countries),Italian lira,1989-03-20,1528.02,,
ESTAT:ERT_H_EUR_D(1.0),08/01/26 11:00:00,Daily,Average,National currency (former currencies of the euro area countries),Italian lira,1989-03-21,1526.57,,
ESTAT:ERT_H_EUR_D(1.0),08/01/26 11:00:00,Daily,Average,National currency (former currencies of the euro area countries),Italian lira,1989-03-22,1528.72,,
ESTAT:ERT_H_EUR_D(1.0),08/01/26 11:00:00,Daily,Average,National currency (former currencies of the euro area countries),Italian lira,1989-03-23,1530.81,,
ESTAT:ERT_H_EUR_D(1.0),08/01/26 11:00:00,Daily,Average,National currency (former currencies of the euro area countries),Italian lira,1989-03-24,1531.36,,
ESTAT:ERT_H_EUR_D(1.0),08/01/26 11:00:00,Daily,Average,National currency (former currencies of the euro area countries),Italian lira,1989-03-28,1527.10,,
ESTAT:ERT_H_EUR_D(1.0),08/01/26 11:00:00,Daily,Average,National currency (former currencies of the euro area countries),Italian lira,1989-03-29,1525.75,,
ESTAT:ERT_H_EUR_D(1.0),08/01/26 11:00:00,Daily,Average,National currency (former currencies of the euro area countries),Italian lira,1989-03-30,1527.64,,
ESTAT:ERT_H_EUR_D(1.0),08/01/26 11:00:00,Daily,Average,National currency (former currencies of the euro area countries),Italian lira,1989-03-31,1526.98,,
ESTAT:ERT_H_EUR_D(1.0),08/01/26 11:00:00,Daily,Average,National currency (former currencies of the euro area countries),Italian lira,1989-04-03,1526.48,,
ESTAT:ERT_H_EUR_D(1.0),08/01/26 11:00:00,Daily,Average,National currency (former currencies of the euro area countries),Italian lira,1989-04-04,1527.17,,
ESTAT:ERT_H_EUR_D(1.0),08/01/26 11:00:00,Daily,Average,National currency (former currencies of the euro area countries),Italian lira,1989-04-05,1526.26,,
ESTAT:ERT_H_EUR_D(1.0),08/01/26 11:00:00,Daily,Average,National currency (former currencies of the euro area countries),Italian lira,1989-04-06,1526.85,,
ESTAT:ERT_H_EUR_D(1.0),08/01/26 11:00:00,Daily,Average,National currency (former currencies of the euro area countries),Italian lira,1989-04-07,1527.16,,
ESTAT:ERT_H_EUR_D(1.0),08/01/26 11:00:00,Daily,Average,National currency (former currencies of the euro area countries),Italian lira,1989-04-10,1526.40,,
ESTAT:ERT_H_EUR_D(1.0),08/01/26 11:00:00,Daily,Average,National currency (former currencies of the euro area countries),Italian lira,1989-04-11,1526.24,,
ESTAT:ERT_H_EUR_D(1.0),08/01/26 11:00:00,Daily,Average,National currency (former currencies of the euro area countries),Italian lira,1989-04-12,1525.21,,
ESTAT:ERT_H_EUR_D(1.0),08/01/26 11:00:00,Daily,Average,National currency (former currencies of the euro area countries),Italian lira,1989-04-13,1527.69,,
ESTAT:ERT_H_EUR_D(1.0),08/01/26 11:00:00,Daily,Average,National currency (former currencies of the euro area countries),Italian lira,1989-04-14,1525.78,,
ESTAT:ERT_H_EUR_D(1.0),08/01/26 11:00:00,Daily,Average,National currency (former currencies of the euro area countries),Italian lira,1989-04-17,1526.12,,
ESTAT:ERT_H_EUR_D(1.0),08/01/26 11:00:00,Daily,Average,National currency (former currencies of the euro area countries),Italian lira,1989-04-18,1526.44,,
ESTAT:ERT_H_EUR_D(1.0),08/01/26 11:00:00,Daily,Average,National currency (former currencies of the euro area countries),Italian lira,1989-04-19,1525.09,,
ESTAT:ERT_H_EUR_D(1.0),08/01/26 11:00:00,Daily,Average,National currency (former currencies of the euro area countries),Italian lira,1989-04-20,1525.32,,
ESTAT:ERT_H_EUR_D(1.0),08/01/26 11:00:00,Daily,Average,National currency (former currencies of the euro area countries),Italian lira,1989-04-21,1526.48,,
ESTAT:ERT_H_EUR_D(1.0),08/01/26 11:00:00,Daily,Average,National currency (former currencies of the euro area countries),Italian lira,1989-04-24,1525.08,,
ESTAT:ERT_H_EUR_D(1.0),08/01/26 11:00:00,Daily,Average,National currency (former currencies of the euro area countries),Italian lira,1989-04-25,1524.54,,
ESTAT:ERT_H_EUR_D(1.0),08/01/26 11:00:00,Daily,Average,National currency (former currencies of the euro area countries),Italian lira,1989-04-26,1525.16,,
ESTAT:ERT_H_EUR_D(1.0),08/01/26 11:00:00,Daily,Average,National currency (former currencies of the euro area countries),Italian lira,1989-04-27,1523.69,,
ESTAT:ERT_H_EUR_D(1.0),08/01/26 11:00:00,Daily,Average,National currency (former currencies of the euro area countries),Italian lira,1989-04-28,1522.83,,
ESTAT:ERT_H_EUR_D(1.0),08/01/26 11:00:00,Daily,Average,National currency (former currencies of the euro area countries),Italian lira,1989-05-02,1522.12,,
ESTAT:ERT_H_EUR_D(1.0),08/01/26 11:00:00,Daily,Average,National currency (former currencies of the euro area countries),Italian lira,1989-05-03,1521.90,,
ESTAT:ERT_H_EUR_D(1.0),08/01/26 11:00:00,Daily,Average,National currency (former currencies of the euro area countries),Italian lira,1989-05-05,1520.36,,
ESTAT:ERT_H_EUR_D(1.0),08/01/26 11:00:00,Daily,Average,National currency (former currencies of the euro area countries),Italian lira,1989-05-08,1519.77,,
ESTAT:ERT_H_EUR_D(1.0),08/01/26 11:00:00,Daily,Average,National currency (former currencies of the euro area countries),Italian lira,1989-05-09,1517.87,,
ESTAT:ERT_H_EUR_D(1.0),08/01/26 11:00:00,Daily,Average,National currency (former currencies of the euro area countries),Italian lira,1989-05-10,1517.76,,
ESTAT:ERT_H_EUR_D(1.0),08/01/26 11:00:00,Daily,Average,National currency (former currencies of the euro area countries),Italian lira,1989-05-11,1518.01,,
ESTAT:ERT_H_EUR_D(1.0),08/01/26 11:00:00,Daily,Average,National currency (former currencies of the euro area countries),Italian lira,1989-05-12,1517.70,,
ESTAT:ERT_H_EUR_D(1.0),08/01/26 11:00:00,Daily,Average,National currency (former currencies of the euro area countries),Italian lira,1989-05-16,1514.74,,
ESTAT:ERT_H_EUR_D(1.0),08/01/26 11:00:00,Daily,Average,National currency (former currencies of the euro area countries),Italian lira,1989-05-17,1516.38,,
ESTAT:ERT_H_EUR_D(1.0),08/01/26 11:00:00,Daily,Average,National currency (former currencies of the euro area countries),Italian lira,1989-05-18,1516.28,,
ESTAT:ERT_H_EUR_D(1.0),08/01/26 11:00:00,Daily,Average,National currency (former currencies of the euro area countries),Italian lira,1989-05-19,1517.23,,
ESTAT:ERT_H_EUR_D(1.0),08/01/26 11:00:00,Daily,Average,National currency (former currencies of the euro area countries),Italian lira,1989-05-22,1507.83,,
ESTAT:ERT_H_EUR_D(1.0),08/01/26 11:00:00,Daily,Average,National currency (former currencies of the euro area countries),Italian lira,1989-05-23,1509.14,,
ESTAT:ERT_H_EUR_D(1.0),08/01/26 11:00:00,Daily,Average,National currency (former currencies of the euro area countries),Italian lira,1989-05-24,1506.63,,
ESTAT:ERT_H_EUR_D(1.0),08/01/26 11:00:00,Daily,Average,National currency (former currencies of the euro area countries),Italian lira,1989-05-25,1505.83,,
ESTAT:ERT_H_EUR_D(1.0),08/01/26 11:00:00,Daily,Average,National currency (former currencies of the euro area countries),Italian lira,1989-05-26,1503.78,,
ESTAT:ERT_H_EUR_D(1.0),08/01/26 11:00:00,Daily,Average,National currency (former currencies of the euro area countries),Italian lira,1989-05-29,1505.79,,
ESTAT:ERT_H_EUR_D(1.0),08/01/26 11:00:00,Daily,Average,National currency (former currencies of the euro area countries),Italian lira,1989-05-30,1503.99,,
ESTAT:ERT_H_EUR_D(1.0),08/01/26 11:00:00,Daily,Average,National currency (former currencies of the euro area countries),Italian lira,1989-05-31,1501.98,,
ESTAT:ERT_H_EUR_D(1.0),08/01/26 11:00:00,Daily,Average,National currency (former currencies of the euro area countries),Italian lira,1989-06-01,1503.98,,
ESTAT:ERT_H_EUR_D(1.0),08/01/26 11:00:00,Daily,Average,National currency (former currencies of the euro area countries),Italian lira,1989-06-02,1506.08,,
ESTAT:ERT_H_EUR_D(1.0),08/01/26 11:00:00,Daily,Average,National currency (former currencies of the euro area countries),Italian lira,1989-06-05,1505.49,,
ESTAT:ERT_H_EUR_D(1.0),08/01/26 11:00:00,Daily,Average,National currency (former currencies of the euro area countries),Italian lira,1989-06-06,1507.40,,
ESTAT:ERT_H_EUR_D(1.0),08/01/26 11:00:00,Daily,Average,National currency (former currencies of the euro area countries),Italian lira,1989-06-07,1509.87,,
ESTAT:ERT_H_EUR_D(1.0),08/01/26 11:00:00,Daily,Average,National currency (former currencies of the euro area countries),Italian lira,1989-06-08,1511.44,,
ESTAT:ERT_H_EUR_D(1.0),08/01/26 11:00:00,Daily,Average,National currency (former currencies of the euro area countries),Italian lira,1989-06-09,1509.88,,
ESTAT:ERT_H_EUR_D(1.0),08/01/26 11:00:00,Daily,Average,National currency (former currencies of the euro area countries),Italian lira,1989-06-12,1498.73,,
ESTAT:ERT_H_EUR_D(1.0),08/01/26 11:00:00,Daily,Average,National currency (former currencies of the euro area countries),Italian lira,1989-06-13,1498.87,,
ESTAT:ERT_H_EUR_D(1.0),08/01/26 11:00:00,Daily,Average,National currency (former currencies of the euro area countries),Italian lira,1989-06-14,1498.25,,
ESTAT:ERT_H_EUR_D(1.0),08/01/26 11:00:00,Daily,Average,National currency (former currencies of the euro area countries),Italian lira,1989-06-15,1499.04,,
ESTAT:ERT_H_EUR_D(1.0),08/01/26 11:00:00,Daily,Average,National currency (former currencies of the euro area countries),Italian lira,1989-06-16,1502.98,,
ESTAT:ERT_H_EUR_D(1.0),08/01/26 11:00:00,Daily,Average,National currency (former currencies of the euro area countries),Italian lira,1989-06-19,1502.45,,
ESTAT:ERT_H_EUR_D(1.0),08/01/26 11:00:00,Daily,Average,National currency (former currencies of the euro area countries),Italian lira,1989-06-20,1502.30,,
ESTAT:ERT_H_EUR_D(1.0),08/01/26 11:00:00,Daily,Average,National currency (former currencies of the euro area countries),Italian lira,1989-06-21,1500.62,,
ESTAT:ERT_H_EUR_D(1.0),08/01/26 11:00:00,Daily,Average,National currency (former currencies of the euro area countries),Italian lira,1989-06-22,1502.81,,
ESTAT:ERT_H_EUR_D(1.0),08/01/26 11:00:00,Daily,Average,National currency (former currencies of the euro area countries),Italian lira,1989-06-23,1500.19,,
ESTAT:ERT_H_EUR_D(1.0),08/01/26 11:00:00,Daily,Average,National currency (former currencies of the euro area countries),Italian lira,1989-06-26,1497.68,,
ESTAT:ERT_H_EUR_D(1.0),08/01/26 11:00:00,Daily,Average,National currency (former currencies of the euro area countries),Italian lira,1989-06-27,1495.50,,
ESTAT:ERT_H_EUR_D(1.0),08/01/26 11:00:00,Daily,Average,National currency (former currencies of the euro area countries),Italian lira,1989-06-28,1498.29,,
ESTAT:ERT_H_EUR_D(1.0),08/01/26 11:00:00,Daily,Average,National currency (former currencies of the euro area countries),Italian lira,1989-06-29,1496.11,,
ESTAT:ERT_H_EUR_D(1.0),08/01/26 11:00:00,Daily,Average,National currency (former currencies of the euro area countries),Italian lira,1989-06-30,1495.95,,
ESTAT:ERT_H_EUR_D(1.0),08/01/26 11:00:00,Daily,Average,National currency (former currencies of the euro area countries),Italian lira,1989-07-03,1497.47,,
ESTAT:ERT_H_EUR_D(1.0),08/01/26 11:00:00,Daily,Average,National currency (former currencies of the euro area countries),Italian lira,1989-07-04,1498.85,,
ESTAT:ERT_H_EUR_D(1.0),08/01/26 11:00:00,Daily,Average,National currency (former currencies of the euro area countries),Italian lira,1989-07-05,1498.62,,
ESTAT:ERT_H_EUR_D(1.0),08/01/26 11:00:00,Daily,Average,National currency (former currencies of the euro area countries),Italian lira,1989-07-06,1500.49,,
ESTAT:ERT_H_EUR_D(1.0),08/01/26 11:00:00,Daily,Average,National currency (former currencies of the euro area countries),Italian lira,1989-07-07,1502.25,,
ESTAT:ERT_H_EUR_D(1.0),08/01/26 11:00:00,Daily,Average,National currency (former currencies of the euro area countries),Italian lira,1989-07-10,1506.03,,
ESTAT:ERT_H_EUR_D(1.0),08/01/26 11:00:00,Daily,Average,National currency (former currencies of the euro area countries),Italian lira,1989-07-11,1502.82,,
ESTAT:ERT_H_EUR_D(1.0),08/01/26 11:00:00,Daily,Average,National currency (former currencies of the euro area countries),Italian lira,1989-07-12,1500.58,,
ESTAT:ERT_H_EUR_D(1.0),08/01/26 11:00:00,Daily,Average,National currency (former currencies of the euro area countries),Italian lira,1989-07-13,1501.88,,
ESTAT:ERT_H_EUR_D(1.0),08/01/26 11:00:00,Daily,Average,National currency (former currencies of the euro area countries),Italian lira,1989-07-14,1502.68,,
ESTAT:ERT_H_EUR_D(1.0),08/01/26 11:00:00,Daily,Average,National currency (former currencies of the euro area countries),Italian lira,1989-07-17,1503.20,,
ESTAT:ERT_H_EUR_D(1.0),08/01/26 11:00:00,Daily,Average,National currency (former currencies of the euro area countries),Italian lira,1989-07-18,1502.28,,
ESTAT:ERT_H_EUR_D(1.0),08/01/26 11:00:00,Daily,Average,National currency (former currencies of the euro area countries),Italian lira,1989-07-19,1499.33,,
ESTAT:ERT_H_EUR_D(1.0),08/01/26 11:00:00,Daily,Average,National currency (former currencies of the euro area countries),Italian lira,1989-07-20,1499.41,,
ESTAT:ERT_H_EUR_D(1.0),08/01/26 11:00:00,Daily,Average,National currency (former currencies of the euro area countries),Italian lira,1989-07-21,1500.05,,
ESTAT:ERT_H_EUR_D(1.0),08/01/26 11:00:00,Daily,Average,National currency (former currencies of the euro area countries),Italian lira,1989-07-24,1496.69,,
ESTAT:ERT_H_EUR_D(1.0),08/01/26 11:00:00,Daily,Average,National currency (former currencies of the euro area countries),Italian lira,1989-07-25,1495.54,,
ESTAT:ERT_H_EUR_D(1.0),08/01/26 11:00:00,Daily,Average,National currency (former currencies of the euro area countries),Italian lira,1989-07-26,1495.65,,
ESTAT:ERT_H_EUR_D(1.0),08/01/26 11:00:00,Daily,Average,National currency (former currencies of the euro area countries),Italian lira,1989-07-27,1495.02,,
ESTAT:ERT_H_EUR_D(1.0),08/01/26 11:00:00,Daily,Average,National currency (former currencies of the euro area countries),Italian lira,1989-07-28,1494.40,,
ESTAT:ERT_H_EUR_D(1.0),08/01/26 11:00:00,Daily,Average,National currency (former currencies of the euro area countries),Italian lira,1989-07-31,1493.21,,
ESTAT:ERT_H_EUR_D(1.0),08/01/26 11:00:00,Daily,Average,National currency (former currencies of the euro area countries),Italian lira,1989-08-01,1492.47,,
ESTAT:ERT_H_EUR_D(1.0),08/01/26 11:00:00,Daily,Average,National currency (former currencies of the euro area countries),Italian lira,1989-08-02,1491.77,,
ESTAT:ERT_H_EUR_D(1.0),08/01/26 11:00:00,Daily,Average,National currency (former currencies of the euro area countries),Italian lira,1989-08-03,1491.53,,
ESTAT:ERT_H_EUR_D(1.0),08/01/26 11:00:00,Daily,Average,National currency (former currencies of the euro area countries),Italian lira,1989-08-04,1491.93,,
ESTAT:ERT_H_EUR_D(1.0),08/01/26 11:00:00,Daily,Average,National currency (former currencies of the euro area countries),Italian lira,1989-08-07,1491.72,,
ESTAT:ERT_H_EUR_D(1.0),08/01/26 11:00:00,Daily,Average,National currency (former currencies of the euro area countries),Italian lira,1989-08-08,1492.32,,
ESTAT:ERT_H_EUR_D(1.0),08/01/26 11:00:00,Daily,Average,National currency (former currencies of the euro area countries),Italian lira,1989-08-09,1492.28,,
ESTAT:ERT_H_EUR_D(1.0),08/01/26 11:00:00,Daily,Average,National currency (former currencies of the euro area countries),Italian lira,1989-08-10,1493.08,,
ESTAT:ERT_H_EUR_D(1.0),08/01/26 11:00:00,Daily,Average,National currency (former currencies of the euro area countries),Italian lira,1989-08-11,1492.78,,
ESTAT:ERT_H_EUR_D(1.0),08/01/26 11:00:00,Daily,Average,National currency (former currencies of the euro area countries),Italian lira,1989-08-14,1493.41,,
ESTAT:ERT_H_EUR_D(1.0),08/01/26 11:00:00,Daily,Average,National currency (former currencies of the euro area countries),Italian lira,1989-08-15,1490.11,,
ESTAT:ERT_H_EUR_D(1.0),08/01/26 11:00:00,Daily,Average,National currency (former currencies of the euro area countries),Italian lira,1989-08-16,1490.63,,
ESTAT:ERT_H_EUR_D(1.0),08/01/26 11:00:00,Daily,Average,National currency (former currencies of the euro area countries),Italian lira,1989-08-17,1490.71,,
ESTAT:ERT_H_EUR_D(1.0),08/01/26 11:00:00,Daily,Average,National currency (former currencies of the euro area countries),Italian lira,1989-08-18,1490.41,,
ESTAT:ERT_H_EUR_D(1.0),08/01/26 11:00:00,Daily,Average,National currency (former currencies of the euro area countries),Italian lira,1989-08-21,1489.61,,
ESTAT:ERT_H_EUR_D(1.0),08/01/26 11:00:00,Daily,Average,National currency (former currencies of the euro area countries),Italian lira,1989-08-22,1489.62,,
ESTAT:ERT_H_EUR_D(1.0),08/01/26 11:00:00,Daily,Average,National currency (former currencies of the euro area countries),Italian lira,1989-08-23,1489.02,,
ESTAT:ERT_H_EUR_D(1.0),08/01/26 11:00:00,Daily,Average,National currency (former currencies of the euro area countries),Italian lira,1989-08-24,1490.62,,
ESTAT:ERT_H_EUR_D(1.0),08/01/26 11:00:00,Daily,Average,National currency (former currencies of the euro area countries),Italian lira,1989-08-25,1490.90,,
ESTAT:ERT_H_EUR_D(1.0),08/01/26 11:00:00,Daily,Average,National currency (former currencies of the euro area countries),Italian lira,1989-08-28,1489.98,,
ESTAT:ERT_H_EUR_D(1.0),08/01/26 11:00:00,Daily,Average,National currency (former currencies of the euro area countries),Italian lira,1989-08-29,1490.80,,
ESTAT:ERT_H_EUR_D(1.0),08/01/26 11:00:00,Daily,Average,National currency (former currencies of the euro area countries),Italian lira,1989-08-30,1491.08,,
ESTAT:ERT_H_EUR_D(1.0),08/01/26 11:00:00,Daily,Average,National currency (former currencies of the euro area countries),Italian lira,1989-08-31,1490.60,,
ESTAT:ERT_H_EUR_D(1.0),08/01/26 11:00:00,Daily,Average,National currency (former currencies of the euro area countries),Italian lira,1989-09-01,1489.95,,
ESTAT:ERT_H_EUR_D(1.0),08/01/26 11:00:00,Daily,Average,National currency (former currencies of the euro area countries),Italian lira,1989-09-04,1488.43,,
ESTAT:ERT_H_EUR_D(1.0),08/01/26 11:00:00,Daily,Average,National currency (former currencies of the euro area countries),Italian lira,1989-09-05,1487.93,,
ESTAT:ERT_H_EUR_D(1.0),08/01/26 11:00:00,Daily,Average,National currency (former currencies of the euro area countries),Italian lira,1989-09-06,1488.61,,
ESTAT:ERT_H_EUR_D(1.0),08/01/26 11:00:00,Daily,Average,National currency (former currencies of the euro area countries),Italian lira,1989-09-07,1489.32,,
ESTAT:ERT_H_EUR_D(1.0),08/01/26 11:00:00,Daily,Average,National currency (former currencies of the euro area countries),Italian lira,1989-09-08,1488.49,,
ESTAT:ERT_H_EUR_D(1.0),08/01/26 11:00:00,Daily,Average,National currency (former currencies of the euro area countries),Italian lira,1989-09-11,1488.53,,
ESTAT:ERT_H_EUR_D(1.0),08/01/26 11:00:00,Daily,Average,National currency (former currencies of the euro area countries),Italian lira,1989-09-12,1488.69,,
ESTAT:ERT_H_EUR_D(1.0),08/01/26 11:00:00,Daily,Average,National currency (former currencies of the euro area countries),Italian lira,1989-09-13,1488.66,,
ESTAT:ERT_H_EUR_D(1.0),08/01/26 11:00:00,Daily,Average,National currency (former currencies of the euro area countries),Italian lira,1989-09-14,1491.21,,
ESTAT:ERT_H_EUR_D(1.0),08/01/26 11:00:00,Daily,Average,National currency (former currencies of the euro area countries),Italian lira,1989-09-15,1490.65,,
ESTAT:ERT_H_EUR_D(1.0),08/01/26 11:00:00,Daily,Average,National currency (former currencies of the euro area countries),Italian lira,1989-09-18,1491.36,,
ESTAT:ERT_H_EUR_D(1.0),08/01/26 11:00:00,Daily,Average,National currency (former currencies of the euro area countries),Italian lira,1989-09-19,1495.45,,
ESTAT:ERT_H_EUR_D(1.0),08/01/26 11:00:00,Daily,Average,National currency (former currencies of the euro area countries),Italian lira,1989-09-20,1495.74,,
ESTAT:ERT_H_EUR_D(1.0),08/01/26 11:00:00,Daily,Average,National currency (former currencies of the euro area countries),Italian lira,1989-09-21,1495.35,,
ESTAT:ERT_H_EUR_D(1.0),08/01/26 11:00:00,Daily,Average,National currency (former currencies of the euro area countries),Italian lira,1989-09-22,1494.35,,
ESTAT:ERT_H_EUR_D(1.0),08/01/26 11:00:00,Daily,Average,National currency (former currencies of the euro area countries),Italian lira,1989-09-25,1496.35,,
ESTAT:ERT_H_EUR_D(1.0),08/01/26 11:00:00,Daily,Average,National currency (former currencies of the euro area countries),Italian lira,1989-09-26,1496.02,,
ESTAT:ERT_H_EUR_D(1.0),08/01/26 11:00:00,Daily,Average,National currency (former currencies of the euro area countries),Italian lira,1989-09-27,1497.21,,
ESTAT:ERT_H_EUR_D(1.0),08/01/26 11:00:00,Daily,Average,National currency (former currencies of the euro area countries),Italian lira,1989-09-28,1498.20,,
ESTAT:ERT_H_EUR_D(1.0),08/01/26 11:00:00,Daily,Average,National currency (former currencies of the euro area countries),Italian lira,1989-09-29,1506.75,,
ESTAT:ERT_H_EUR_D(1.0),08/01/26 11:00:00,Daily,Average,National currency (former currencies of the euro area countries),Italian lira,1989-10-02,1506.57,,
ESTAT:ERT_H_EUR_D(1.0),08/01/26 11:00:00,Daily,Average,National currency (former currencies of the euro area countries),Italian lira,1989-10-03,1510.03,,
ESTAT:ERT_H_EUR_D(1.0),08/01/26 11:00:00,Daily,Average,National currency (former currencies of the euro area countries),Italian lira,1989-10-04,1508.26,,
ESTAT:ERT_H_EUR_D(1.0),08/01/26 11:00:00,Daily,Average,National currency (former currencies of the euro area countries),Italian lira,1989-10-05,1509.72,,
ESTAT:ERT_H_EUR_D(1.0),08/01/26 11:00:00,Daily,Average,National currency (former currencies of the euro area countries),Italian lira,1989-10-06,1509.99,,
ESTAT:ERT_H_EUR_D(1.0),08/01/26 11:00:00,Daily,Average,National currency (former currencies of the euro area countries),Italian lira,1989-10-09,1506.80,,
ESTAT:ERT_H_EUR_D(1.0),08/01/26 11:00:00,Daily,Average,National currency (former currencies of the euro area countries),Italian lira,1989-10-10,1508.69,,
ESTAT:ERT_H_EUR_D(1.0),08/01/26 11:00:00,Daily,Average,National currency (former currencies of the euro area countries),Italian lira,1989-10-11,1504.41,,
ESTAT:ERT_H_EUR_D(1.0),08/01/26 11:00:00,Daily,Average,National currency (former currencies of the euro area countries),Italian lira,1989-10-12,1507.42,,
ESTAT:ERT_H_EUR_D(1.0),08/01/26 11:00:00,Daily,Average,National currency (former currencies of the euro area countries),Italian lira,1989-10-13,1508.99,,
ESTAT:ERT_H_EUR_D(1.0),08/01/26 11:00:00,Daily,Average,National currency (former currencies of the euro area countries),Italian lira,1989-10-16,1509.77,,
ESTAT:ERT_H_EUR_D(1.0),08/01/26 11:00:00,Daily,Average,National currency (former currencies of the euro area countries),Italian lira,1989-10-17,1509.93,,
ESTAT:ERT_H_EUR_D(1.0),08/01/26 11:00:00,Daily,Average,National currency (former currencies of the euro area countries),Italian lira,1989-10-18,1511.66,,
ESTAT:ERT_H_EUR_D(1.0),08/01/26 11:00:00,Daily,Average,National currency (former currencies of the euro area countries),Italian lira,1989-10-19,1512.11,,
ESTAT:ERT_H_EUR_D(1.0),08/01/26 11:00:00,Daily,Average,National currency (former currencies of the euro area countries),Italian lira,1989-10-20,1511.06,,
ESTAT:ERT_H_EUR_D(1.0),08/01/26 11:00:00,Daily,Average,National currency (former currencies of the euro area countries),Italian lira,1989-10-23,1508.85,,
ESTAT:ERT_H_EUR_D(1.0),08/01/26 11:00:00,Daily,Average,National currency (former currencies of the euro area countries),Italian lira,1989-10-24,1507.18,,
ESTAT:ERT_H_EUR_D(1.0),08/01/26 11:00:00,Daily,Average,National currency (former currencies of the euro area countries),Italian lira,1989-10-25,1507.88,,
ESTAT:ERT_H_EUR_D(1.0),08/01/26 11:00:00,Daily,Average,National currency (former currencies of the euro area countries),Italian lira,1989-10-26,1507.23,,
ESTAT:ERT_H_EUR_D(1.0),08/01/26 11:00:00,Daily,Average,National currency (former currencies of the euro area countries),Italian lira,1989-10-27,1505.47,,
ESTAT:ERT_H_EUR_D(1.0),08/01/26 11:00:00,Daily,Average,National currency (former currencies of the euro area countries),Italian lira,1989-10-30,1504.30,,
ESTAT:ERT_H_EUR_D(1.0),08/01/26 11:00:00,Daily,Average,National currency (former currencies of the euro area countries),Italian lira,1989-10-31,1505.67,,
ESTAT:ERT_H_EUR_D(1.0),08/01/26 11:00:00,Daily,Average,National currency (former currencies of the euro area countries),Italian lira,1989-11-01,1505.70,,
ESTAT:ERT_H_EUR_D(1.0),08/01/26 11:00:00,Daily,Average,National currency (former currencies of the euro area countries),Italian lira,1989-11-02,1505.37,,
ESTAT:ERT_H_EUR_D(1.0),08/01/26 11:00:00,Daily,Average,National currency (former currencies of the euro area countries),Italian lira,1989-11-03,1505.60,,
ESTAT:ERT_H_EUR_D(1.0),08/01/26 11:00:00,Daily,Average,National currency (former currencies of the euro area countries),Italian lira,1989-11-06,1504.11,,
ESTAT:ERT_H_EUR_D(1.0),08/01/26 11:00:00,Daily,Average,National currency (former currencies of the euro area countries),Italian lira,1989-11-07,1502.81,,
ESTAT:ERT_H_EUR_D(1.0),08/01/26 11:00:00,Daily,Average,National currency (former currencies of the euro area countries),Italian lira,1989-11-08,1501.42,,
ESTAT:ERT_H_EUR_D(1.0),08/01/26 11:00:00,Daily,Average,National currency (former currencies of the euro area countries),Italian lira,1989-11-09,1502.61,,
ESTAT:ERT_H_EUR_D(1.0),08/01/26 11:00:00,Daily,Average,National currency (former currencies of the euro area countries),Italian lira,1989-11-10,1501.37,,
ESTAT:ERT_H_EUR_D(1.0),08/01/26 11:00:00,Daily,Average,National currency (former currencies of the euro area countries),Italian lira,1989-11-13,1500.92,,
ESTAT:ERT_H_EUR_D(1.0),08/01/26 11:00:00,Daily,Average,National currency (former currencies of the euro area countries),Italian lira,1989-11-14,1504.47,,
ESTAT:ERT_H_EUR_D(1.0),08/01/26 11:00:00,Daily,Average,National currency (former currencies of the euro area countries),Italian lira,1989-11-15,1504.25,,
ESTAT:ERT_H_EUR_D(1.0),08/01/26 11:00:00,Daily,Average,National currency (former currencies of the euro area countries),Italian lira,1989-11-16,1506.77,,
ESTAT:ERT_H_EUR_D(1.0),08/01/26 11:00:00,Daily,Average,National currency (former currencies of the euro area countries),Italian lira,1989-11-17,1506.94,,
ESTAT:ERT_H_EUR_D(1.0),08/01/26 11:00:00,Daily,Average,National currency (former currencies of the euro area countries),Italian lira,1989-11-20,1503.23,,
ESTAT:ERT_H_EUR_D(1.0),08/01/26 11:00:00,Daily,Average,National currency (former currencies of the euro area countries),Italian lira,1989-11-21,1505.04,,
ESTAT:ERT_H_EUR_D(1.0),08/01/26 11:00:00,Daily,Average,National currency (former currencies of the euro area countries),Italian lira,1989-11-22,1503.42,,
ESTAT:ERT_H_EUR_D(1.0),08/01/26 11:00:00,Daily,Average,National currency (former currencies of the euro area countries),Italian lira,1989-11-23,1504.11,,
ESTAT:ERT_H_EUR_D(1.0),08/01/26 11:00:00,Daily,Average,National currency (former currencies of the euro area countries),Italian lira,1989-11-24,1505.14,,
ESTAT:ERT_H_EUR_D(1.0),08/01/26 11:00:00,Daily,Average,National currency (former currencies of the euro area countries),Italian lira,1989-11-27,1502.95,,
ESTAT:ERT_H_EUR_D(1.0),08/01/26 11:00:00,Daily,Average,National currency (former currencies of the euro area countries),Italian lira,1989-11-28,1502.45,,
ESTAT:ERT_H_EUR_D(1.0),08/01/26 11:00:00,Daily,Average,National currency (former currencies of the euro area countries),Italian lira,1989-11-29,1502.47,,
ESTAT:ERT_H_EUR_D(1.0),08/01/26 11:00:00,Daily,Average,National currency (former currencies of the euro area countries),Italian lira,1989-11-30,1499.80,,
ESTAT:ERT_H_EUR_D(1.0),08/01/26 11:00:00,Daily,Average,National currency (former currencies of the euro area countries),Italian lira,1989-12-01,1499.61,,
ESTAT:ERT_H_EUR_D(1.0),08/01/26 11:00:00,Daily,Average,National currency (former currencies of the euro area countries),Italian lira,1989-12-04,1499.10,,
ESTAT:ERT_H_EUR_D(1.0),08/01/26 11:00:00,Daily,Average,National currency (former currencies of the euro area countries),Italian lira,1989-12-05,1499.37,,
ESTAT:ERT_H_EUR_D(1.0),08/01/26 11:00:00,Daily,Average,National currency (former currencies of the euro area countries),Italian lira,1989-12-06,1499.49,,
ESTAT:ERT_H_EUR_D(1.0),08/01/26 11:00:00,Daily,Average,National currency (former currencies of the euro area countries),Italian lira,1989-12-07,1501.18,,
ESTAT:ERT_H_EUR_D(1.0),08/01/26 11:00:00,Daily,Average,National currency (former currencies of the euro area countries),Italian lira,1989-12-08,1501.91,,
ESTAT:ERT_H_EUR_D(1.0),08/01/26 11:00:00,Daily,Average,National currency (former currencies of the euro area countries),Italian lira,1989-12-11,1502.02,,
ESTAT:ERT_H_EUR_D(1.0),08/01/26 11:00:00,Daily,Average,National currency (former currencies of the euro area countries),Italian lira,1989-12-12,1504.91,,
ESTAT:ERT_H_EUR_D(1.0),08/01/26 11:00:00,Daily,Average,National currency (former currencies of the euro area countries),Italian lira,1989-12-13,1511.76,,
ESTAT:ERT_H_EUR_D(1.0),08/01/26 11:00:00,Daily,Average,National currency (former currencies of the euro area countries),Italian lira,1989-12-14,1511.91,,
ESTAT:ERT_H_EUR_D(1.0),08/01/26 11:00:00,Daily,Average,National currency (former currencies of the euro area countries),Italian lira,1989-12-15,1518.42,,
ESTAT:ERT_H_EUR_D(1.0),08/01/26 11:00:00,Daily,Average,National currency (former currencies of the euro area countries),Italian lira,1989-12-18,1517.40,,
ESTAT:ERT_H_EUR_D(1.0),08/01/26 11:00:00,Daily,Average,National currency (former currencies of the euro area countries),Italian lira,1989-12-19,1513.31,,
ESTAT:ERT_H_EUR_D(1.0),08/01/26 11:00:00,Daily,Average,National currency (former currencies of the euro area countries),Italian lira,1989-12-20,1513.48,,
ESTAT:ERT_H_EUR_D(1.0),08/01/26 11:00:00,Daily,Average,National currency (former currencies of the euro area countries),Italian lira,1989-12-21,1515.99,,
ESTAT:ERT_H_EUR_D(1.0),08/01/26 11:00:00,Daily,Average,National currency (former currencies of the euro area countries),Italian lira,1989-12-22,1517.06,,
ESTAT:ERT_H_EUR_D(1.0),08/01/26 11:00:00,Daily,Average,National currency (former currencies of the euro area countries),Italian lira,1989-12-27,1518.67,,
ESTAT:ERT_H_EUR_D(1.0),08/01/26 11:00:00,Daily,Average,National currency (former currencies of the euro area countries),Italian lira,1989-12-28,1517.71,,
ESTAT:ERT_H_EUR_D(1.0),08/01/26 11:00:00,Daily,Average,National currency (former currencies of the euro area countries),Italian lira,1989-12-29,1517.55,,
ESTAT:ERT_H_EUR_D(1.0),08/01/26 11:00:00,Daily,Average,National currency (former currencies of the euro area countries),Italian lira,1990-01-02,1518.64,,
ESTAT:ERT_H_EUR_D(1.0),08/01/26 11:00:00,Daily,Average,National currency (former currencies of the euro area countries),Italian lira,1990-01-03,1520.57,,
ESTAT:ERT_H_EUR_D(1.0),08/01/26 11:00:00,Daily,Average,National currency (former currencies of the euro area countries),Italian lira,1990-01-04,1521.21,,
ESTAT:ERT_H_EUR_D(1.0),08/01/26 11:00:00,Daily,Average,National currency (former currencies of the euro area countries),Italian lira,1990-01-05,1520.84,,
ESTAT:ERT_H_EUR_D(1.0),08/01/26 11:00:00,Daily,Average,National currency (former currencies of the euro area countries),Italian lira,1990-01-08,1517.71,,
ESTAT:ERT_H_EUR_D(1.0),08/01/26 11:00:00,Daily,Average,National currency (former currencies of the euro area countries),Italian lira,1990-01-09,1519.20,,
ESTAT:ERT_H_EUR_D(1.0),08/01/26 11:00:00,Daily,Average,National currency (former currencies of the euro area countries),Italian lira,1990-01-10,1517.66,,
ESTAT:ERT_H_EUR_D(1.0),08/01/26 11:00:00,Daily,Average,National currency (former currencies of the euro area countries),Italian lira,1990-01-11,1517.65,,
ESTAT:ERT_H_EUR_D(1.0),08/01/26 11:00:00,Daily,Average,National currency (former currencies of the euro area countries),Italian lira,1990-01-12,1516.65,,
ESTAT:ERT_H_EUR_D(1.0),08/01/26 11:00:00,Daily,Average,National currency (former currencies of the euro area countries),Italian lira,1990-01-15,1518.11,,
ESTAT:ERT_H_EUR_D(1.0),08/01/26 11:00:00,Daily,Average,National currency (former currencies of the euro area countries),Italian lira,1990-01-16,1517.77,,
ESTAT:ERT_H_EUR_D(1.0),08/01/26 11:00:00,Daily,Average,National currency (former currencies of the euro area countries),Italian lira,1990-01-17,1516.78,,
ESTAT:ERT_H_EUR_D(1.0),08/01/26 11:00:00,Daily,Average,National currency (former currencies of the euro area countries),Italian lira,1990-01-18,1516.20,,
ESTAT:ERT_H_EUR_D(1.0),08/01/26 11:00:00,Daily,Average,National currency (former currencies of the euro area countries),Italian lira,1990-01-19,1516.49,,
ESTAT:ERT_H_EUR_D(1.0),08/01/26 11:00:00,Daily,Average,National currency (former currencies of the euro area countries),Italian lira,1990-01-22,1516.23,,
ESTAT:ERT_H_EUR_D(1.0),08/01/26 11:00:00,Daily,Average,National currency (former currencies of the euro area countries),Italian lira,1990-01-23,1515.17,,
ESTAT:ERT_H_EUR_D(1.0),08/01/26 11:00:00,Daily,Average,National currency (former currencies of the euro area countries),Italian lira,1990-01-24,1514.74,,
ESTAT:ERT_H_EUR_D(1.0),08/01/26 11:00:00,Daily,Average,National currency (former currencies of the euro area countries),Italian lira,1990-01-25,1514.58,,
ESTAT:ERT_H_EUR_D(1.0),08/01/26 11:00:00,Daily,Average,National currency (former currencies of the euro area countries),Italian lira,1990-01-26,1515.58,,
ESTAT:ERT_H_EUR_D(1.0),08/01/26 11:00:00,Daily,Average,National currency (former currencies of the euro area countries),Italian lira,1990-01-29,1515.82,,
ESTAT:ERT_H_EUR_D(1.0),08/01/26 11:00:00,Daily,Average,National currency (former currencies of the euro area countries),Italian lira,1990-01-30,1516.53,,
ESTAT:ERT_H_EUR_D(1.0),08/01/26 11:00:00,Daily,Average,National currency (former currencies of the euro area countries),Italian lira,1990-01-31,1515.43,,
ESTAT:ERT_H_EUR_D(1.0),08/01/26 11:00:00,Daily,Average,National currency (former currencies of the euro area countries),Italian lira,1990-02-01,1515.90,,
ESTAT:ERT_H_EUR_D(1.0),08/01/26 11:00:00,Daily,Average,National currency (former currencies of the euro area countries),Italian lira,1990-02-02,1515.24,,
ESTAT:ERT_H_EUR_D(1.0),08/01/26 11:00:00,Daily,Average,National currency (former currencies of the euro area countries),Italian lira,1990-02-05,1514.84,,
ESTAT:ERT_H_EUR_D(1.0),08/01/26 11:00:00,Daily,Average,National currency (former currencies of the euro area countries),Italian lira,1990-02-06,1514.14,,
ESTAT:ERT_H_EUR_D(1.0),08/01/26 11:00:00,Daily,Average,National currency (former currencies of the euro area countries),Italian lira,1990-02-07,1517.72,,
ESTAT:ERT_H_EUR_D(1.0),08/01/26 11:00:00,Daily,Average,National currency (former currencies of the euro area countries),Italian lira,1990-02-08,1515.91,,
ESTAT:ERT_H_EUR_D(1.0),08/01/26 11:00:00,Daily,Average,National currency (former currencies of the euro area countries),Italian lira,1990-02-09,1516.26,,
ESTAT:ERT_H_EUR_D(1.0),08/01/26 11:00:00,Daily,Average,National currency (former currencies of the euro area countries),Italian lira,1990-02-12,1516.65,,
ESTAT:ERT_H_EUR_D(1.0),08/01/26 11:00:00,Daily,Average,National currency (former currencies of the euro area countries),Italian lira,1990-02-13,1515.38,,
ESTAT:ERT_H_EUR_D(1.0),08/01/26 11:00:00,Daily,Average,National currency (former currencies of the euro area countries),Italian lira,1990-02-14,1515.95,,
ESTAT:ERT_H_EUR_D(1.0),08/01/26 11:00:00,Daily,Average,National currency (former currencies of the euro area countries),Italian lira,1990-02-15,1515.43,,
ESTAT:ERT_H_EUR_D(1.0),08/01/26 11:00:00,Daily,Average,National currency (former currencies of the euro area countries),Italian lira,1990-02-16,1515.69,,
ESTAT:ERT_H_EUR_D(1.0),08/01/26 11:00:00,Daily,Average,National currency (former currencies of the euro area countries),Italian lira,1990-02-19,1515.40,,
ESTAT:ERT_H_EUR_D(1.0),08/01/26 11:00:00,Daily,Average,National currency (former currencies of the euro area countries),Italian lira,1990-02-20,1515.11,,
ESTAT:ERT_H_EUR_D(1.0),08/01/26 11:00:00,Daily,Average,National currency (former currencies of the euro area countries),Italian lira,1990-02-21,1513.79,,
ESTAT:ERT_H_EUR_D(1.0),08/01/26 11:00:00,Daily,Average,National currency (former currencies of the euro area countries),Italian lira,1990-02-22,1513.27,,
ESTAT:ERT_H_EUR_D(1.0),08/01/26 11:00:00,Daily,Average,National currency (former currencies of the euro area countries),Italian lira,1990-02-23,1513.69,,
ESTAT:ERT_H_EUR_D(1.0),08/01/26 11:00:00,Daily,Average,National currency (former currencies of the euro area countries),Italian lira,1990-02-26,1514.03,,
ESTAT:ERT_H_EUR_D(1.0),08/01/26 11:00:00,Daily,Average,National currency (former currencies of the euro area countries),Italian lira,1990-02-27,1513.38,,
ESTAT:ERT_H_EUR_D(1.0),08/01/26 11:00:00,Daily,Average,National currency (former currencies of the euro area countries),Italian lira,1990-02-28,1511.93,,
ESTAT:ERT_H_EUR_D(1.0),08/01/26 11:00:00,Daily,Average,National currency (former currencies of the euro area countries),Italian lira,1990-03-01,1511.35,,
ESTAT:ERT_H_EUR_D(1.0),08/01/26 11:00:00,Daily,Average,National currency (former currencies of the euro area countries),Italian lira,1990-03-02,1510.65,,
ESTAT:ERT_H_EUR_D(1.0),08/01/26 11:00:00,Daily,Average,National currency (former currencies of the euro area countries),Italian lira,1990-03-05,1507.24,,
ESTAT:ERT_H_EUR_D(1.0),08/01/26 11:00:00,Daily,Average,National currency (former currencies of the euro area countries),Italian lira,1990-03-06,1507.94,,
ESTAT:ERT_H_EUR_D(1.0),08/01/26 11:00:00,Daily,Average,National currency (former currencies of the euro area countries),Italian lira,1990-03-07,1506.82,,
ESTAT:ERT_H_EUR_D(1.0),08/01/26 11:00:00,Daily,Average,National currency (former currencies of the euro area countries),Italian lira,1990-03-08,1507.36,,
ESTAT:ERT_H_EUR_D(1.0),08/01/26 11:00:00,Daily,Average,National currency (former currencies of the euro area countries),Italian lira,1990-03-09,1506.48,,
ESTAT:ERT_H_EUR_D(1.0),08/01/26 11:00:00,Daily,Average,National currency (former currencies of the euro area countries),Italian lira,1990-03-12,1505.10,,
ESTAT:ERT_H_EUR_D(1.0),08/01/26 11:00:00,Daily,Average,National currency (former currencies of the euro area countries),Italian lira,1990-03-13,1504.75,,
ESTAT:ERT_H_EUR_D(1.0),08/01/26 11:00:00,Daily,Average,National currency (former currencies of the euro area countries),Italian lira,1990-03-14,1504.53,,
ESTAT:ERT_H_EUR_D(1.0),08/01/26 11:00:00,Daily,Average,National currency (former currencies of the euro area countries),Italian lira,1990-03-15,1504.70,,
ESTAT:ERT_H_EUR_D(1.0),08/01/26 11:00:00,Daily,Average,National currency (former currencies of the euro area countries),Italian lira,1990-03-16,1504.79,,
ESTAT:ERT_H_EUR_D(1.0),08/01/26 11:00:00,Daily,Average,National currency (former currencies of the euro area countries),Italian lira,1990-03-19,1504.13,,
ESTAT:ERT_H_EUR_D(1.0),08/01/26 11:00:00,Daily,Average,National currency (former currencies of the euro area countries),Italian lira,1990-03-20,1505.33,,
ESTAT:ERT_H_EUR_D(1.0),08/01/26 11:00:00,Daily,Average,National currency (former currencies of the euro area countries),Italian lira,1990-03-21,1502.22,,
ESTAT:ERT_H_EUR_D(1.0),08/01/26 11:00:00,Daily,Average,National currency (former currencies of the euro area countries),Italian lira,1990-03-22,1502.07,,
ESTAT:ERT_H_EUR_D(1.0),08/01/26 11:00:00,Daily,Average,National currency (former currencies of the euro area countries),Italian lira,1990-03-23,1501.98,,
ESTAT:ERT_H_EUR_D(1.0),08/01/26 11:00:00,Daily,Average,National currency (former currencies of the euro area countries),Italian lira,1990-03-26,1502.61,,
ESTAT:ERT_H_EUR_D(1.0),08/01/26 11:00:00,Daily,Average,National currency (former currencies of the euro area countries),Italian lira,1990-03-27,1502.87,,
ESTAT:ERT_H_EUR_D(1.0),08/01/26 11:00:00,Daily,Average,National currency (former currencies of the euro area countries),Italian lira,1990-03-28,1502.79,,
ESTAT:ERT_H_EUR_D(1.0),08/01/26 11:00:00,Daily,Average,National currency (former currencies of the euro area countries),Italian lira,1990-03-29,1505.57,,
ESTAT:ERT_H_EUR_D(1.0),08/01/26 11:00:00,Daily,Average,National currency (former currencies of the euro area countries),Italian lira,1990-03-30,1504.66,,
ESTAT:ERT_H_EUR_D(1.0),08/01/26 11:00:00,Daily,Average,National currency (former currencies of the euro area countries),Italian lira,1990-04-02,1502.62,,
ESTAT:ERT_H_EUR_D(1.0),08/01/26 11:00:00,Daily,Average,National currency (former currencies of the euro area countries),Italian lira,1990-04-03,1502.66,,
ESTAT:ERT_H_EUR_D(1.0),08/01/26 11:00:00,Daily,Average,National currency (former currencies of the euro area countries),Italian lira,1990-04-04,1504.40,,
ESTAT:ERT_H_EUR_D(1.0),08/01/26 11:00:00,Daily,Average,National currency (former currencies of the euro area countries),Italian lira,1990-04-05,1505.84,,
ESTAT:ERT_H_EUR_D(1.0),08/01/26 11:00:00,Daily,Average,National currency (former currencies of the euro area countries),Italian lira,1990-04-06,1503.86,,
ESTAT:ERT_H_EUR_D(1.0),08/01/26 11:00:00,Daily,Average,National currency (former currencies of the euro area countries),Italian lira,1990-04-09,1503.12,,
ESTAT:ERT_H_EUR_D(1.0),08/01/26 11:00:00,Daily,Average,National currency (former currencies of the euro area countries),Italian lira,1990-04-10,1501.59,,
ESTAT:ERT_H_EUR_D(1.0),08/01/26 11:00:00,Daily,Average,National currency (former currencies of the euro area countries),Italian lira,1990-04-11,1503.41,,
ESTAT:ERT_H_EUR_D(1.0),08/01/26 11:00:00,Daily,Average,National currency (former currencies of the euro area countries),Italian lira,1990-04-12,1502.88,,
ESTAT:ERT_H_EUR_D(1.0),08/01/26 11:00:00,Daily,Average,National currency (former currencies of the euro area countries),Italian lira,1990-04-17,1500.75,,
ESTAT:ERT_H_EUR_D(1.0),08/01/26 11:00:00,Daily,Average,National currency (former currencies of the euro area countries),Italian lira,1990-04-18,1500.99,,
ESTAT:ERT_H_EUR_D(1.0),08/01/26 11:00:00,Daily,Average,National currency (former currencies of the euro area countries),Italian lira,1990-04-19,1502.44,,
ESTAT:ERT_H_EUR_D(1.0),08/01/26 11:00:00,Daily,Average,National currency (former currencies of the euro area countries),Italian lira,1990-04-20,1502.39,,
ESTAT:ERT_H_EUR_D(1.0),08/01/26 11:00:00,Daily,Average,National currency (former currencies of the euro area countries),Italian lira,1990-04-23,1502.85,,
ESTAT:ERT_H_EUR_D(1.0),08/01/26 11:00:00,Daily,Average,National currency (former currencies of the euro area countries),Italian lira,1990-04-24,1501.84,,
ESTAT:ERT_H_EUR_D(1.0),08/01/26 11:00:00,Daily,Average,National currency (former currencies of the euro area countries),Italian lira,1990-04-25,1500.62,,
ESTAT:ERT_H_EUR_D(1.0),08/01/26 11:00:00,Daily,Average,National currency (former currencies of the euro area countries),Italian lira,1990-04-26,1499.84,,
ESTAT:ERT_H_EUR_D(1.0),08/01/26 11:00:00,Daily,Average,National currency (former currencies of the euro area countries),Italian lira,1990-04-27,1499.37,,
ESTAT:ERT_H_EUR_D(1.0),08/01/26 11:00:00,Daily,Average,National currency (former currencies of the euro area countries),Italian lira,1990-04-30,1499.06,,
ESTAT:ERT_H_EUR_D(1.0),08/01/26 11:00:00,Daily,Average,National currency (former currencies of the euro area countries),Italian lira,1990-05-02,1501.07,,
ESTAT:ERT_H_EUR_D(1.0),08/01/26 11:00:00,Daily,Average,National currency (former currencies of the euro area countries),Italian lira,1990-05-03,1500.94,,
ESTAT:ERT_H_EUR_D(1.0),08/01/26 11:00:00,Daily,Average,National currency (former currencies of the euro area countries),Italian lira,1990-05-04,1501.16,,
ESTAT:ERT_H_EUR_D(1.0),08/01/26 11:00:00,Daily,Average,National currency (former currencies of the euro area countries),Italian lira,1990-05-07,1501.80,,
ESTAT:ERT_H_EUR_D(1.0),08/01/26 11:00:00,Daily,Average,National currency (former currencies of the euro area countries),Italian lira,1990-05-08,1502.46,,
ESTAT:ERT_H_EUR_D(1.0),08/01/26 11:00:00,Daily,Average,National currency (former currencies of the euro area countries),Italian lira,1990-05-09,1503.30,,
ESTAT:ERT_H_EUR_D(1.0),08/01/26 11:00:00,Daily,Average,National currency (former currencies of the euro area countries),Italian lira,1990-05-10,1503.02,,
ESTAT:ERT_H_EUR_D(1.0),08/01/26 11:00:00,Daily,Average,National currency (former currencies of the euro area countries),Italian lira,1990-05-11,1505.03,,
ESTAT:ERT_H_EUR_D(1.0),08/01/26 11:00:00,Daily,Average,National currency (former currencies of the euro area countries),Italian lira,1990-05-14,1503.81,,
ESTAT:ERT_H_EUR_D(1.0),08/01/26 11:00:00,Daily,Average,National currency (former currencies of the euro area countries),Italian lira,1990-05-15,1504.46,,
ESTAT:ERT_H_EUR_D(1.0),08/01/26 11:00:00,Daily,Average,National currency (former currencies of the euro area countries),Italian lira,1990-05-16,1504.42,,
ESTAT:ERT_H_EUR_D(1.0),08/01/26 11:00:00,Daily,Average,National currency (former currencies of the euro area countries),Italian lira,1990-05-17,1505.21,,
ESTAT:ERT_H_EUR_D(1.0),08/01/26 11:00:00,Daily,Average,National currency (former currencies of the euro area countries),Italian lira,1990-05-18,1505.87,,
ESTAT:ERT_H_EUR_D(1.0),08/01/26 11:00:00,Daily,Average,National currency (former currencies of the euro area countries),Italian lira,1990-05-21,1507.68,,
ESTAT:ERT_H_EUR_D(1.0),08/01/26 11:00:00,Daily,Average,National currency (former currencies of the euro area countries),Italian lira,1990-05-22,1507.52,,
ESTAT:ERT_H_EUR_D(1.0),08/01/26 11:00:00,Daily,Average,National currency (former currencies of the euro area countries),Italian lira,1990-05-23,1507.02,,
ESTAT:ERT_H_EUR_D(1.0),08/01/26 11:00:00,Daily,Average,National currency (former currencies of the euro area countries),Italian lira,1990-05-24,1507.06,,
ESTAT:ERT_H_EUR_D(1.0),08/01/26 11:00:00,Daily,Average,National currency (former currencies of the euro area countries),Italian lira,1990-05-25,1508.26,,
ESTAT:ERT_H_EUR_D(1.0),08/01/26 11:00:00,Daily,Average,National currency (former currencies of the euro area countries),Italian lira,1990-05-28,1509.06,,
ESTAT:ERT_H_EUR_D(1.0),08/01/26 11:00:00,Daily,Average,National currency (former currencies of the euro area countries),Italian lira,1990-05-29,1509.13,,
ESTAT:ERT_H_EUR_D(1.0),08/01/26 11:00:00,Daily,Average,National currency (former currencies of the euro area countries),Italian lira,1990-05-30,1510.78,,
ESTAT:ERT_H_EUR_D(1.0),08/01/26 11:00:00,Daily,Average,National currency (former currencies of the euro area countries),Italian lira,1990-05-31,1510.59,,
ESTAT:ERT_H_EUR_D(1.0),08/01/26 11:00:00,Daily,Average,National currency (former currencies of the euro area countries),Italian lira,1990-06-01,1511.67,,
ESTAT:ERT_H_EUR_D(1.0),08/01/26 11:00:00,Daily,Average,National currency (former currencies of the euro area countries),Italian lira,1990-06-05,1511.00,,
ESTAT:ERT_H_EUR_D(1.0),08/01/26 11:00:00,Daily,Average,National currency (former currencies of the euro area countries),Italian lira,1990-06-06,1511.07,,
ESTAT:ERT_H_EUR_D(1.0),08/01/26 11:00:00,Daily,Average,National currency (former currencies of the euro area countries),Italian lira,1990-06-07,1511.33,,
ESTAT:ERT_H_EUR_D(1.0),08/01/26 11:00:00,Daily,Average,National currency (former currencies of the euro area countries),Italian lira,1990-06-08,1511.22,,
ESTAT:ERT_H_EUR_D(1.0),08/01/26 11:00:00,Daily,Average,National currency (former currencies of the euro area countries),Italian lira,1990-06-11,1510.25,,
ESTAT:ERT_H_EUR_D(1.0),08/01/26 11:00:00,Daily,Average,National currency (former currencies of the euro area countries),Italian lira,1990-06-12,1511.47,,
ESTAT:ERT_H_EUR_D(1.0),08/01/26 11:00:00,Daily,Average,National currency (former currencies of the euro area countries),Italian lira,1990-06-13,1511.94,,
ESTAT:ERT_H_EUR_D(1.0),08/01/26 11:00:00,Daily,Average,National currency (former currencies of the euro area countries),Italian lira,1990-06-14,1511.44,,
ESTAT:ERT_H_EUR_D(1.0),08/01/26 11:00:00,Daily,Average,National currency (former currencies of the euro area countries),Italian lira,1990-06-15,1511.80,,
ESTAT:ERT_H_EUR_D(1.0),08/01/26 11:00:00,Daily,Average,National currency (former currencies of the euro area countries),Italian lira,1990-06-18,1511.54,,
ESTAT:ERT_H_EUR_D(1.0),08/01/26 11:00:00,Daily,Average,National currency (former currencies of the euro area countries),Italian lira,1990-06-19,1510.54,,
ESTAT:ERT_H_EUR_D(1.0),08/01/26 11:00:00,Daily,Average,National currency (former currencies of the euro area countries),Italian lira,1990-06-20,1511.60,,
ESTAT:ERT_H_EUR_D(1.0),08/01/26 11:00:00,Daily,Average,National currency (former currencies of the euro area countries),Italian lira,1990-06-21,1511.86,,
ESTAT:ERT_H_EUR_D(1.0),08/01/26 11:00:00,Daily,Average,National currency (former currencies of the euro area countries),Italian lira,1990-06-22,1512.12,,
ESTAT:ERT_H_EUR_D(1.0),08/01/26 11:00:00,Daily,Average,National currency (former currencies of the euro area countries),Italian lira,1990-06-25,1511.75,,
ESTAT:ERT_H_EUR_D(1.0),08/01/26 11:00:00,Daily,Average,National currency (former currencies of the euro area countries),Italian lira,1990-06-26,1511.17,,
ESTAT:ERT_H_EUR_D(1.0),08/01/26 11:00:00,Daily,Average,National currency (former currencies of the euro area countries),Italian lira,1990-06-27,1511.95,,
ESTAT:ERT_H_EUR_D(1.0),08/01/26 11:00:00,Daily,Average,National currency (former currencies of the euro area countries),Italian lira,1990-06-28,1514.45,,
ESTAT:ERT_H_EUR_D(1.0),08/01/26 11:00:00,Daily,Average,National currency (former currencies of the euro area countries),Italian lira,1990-06-29,1513.87,,
ESTAT:ERT_H_EUR_D(1.0),08/01/26 11:00:00,Daily,Average,National currency (former currencies of the euro area countries),Italian lira,1990-07-02,1514.71,,
ESTAT:ERT_H_EUR_D(1.0),08/01/26 11:00:00,Daily,Average,National currency (former currencies of the euro area countries),Italian lira,1990-07-03,1514.97,,
ESTAT:ERT_H_EUR_D(1.0),08/01/26 11:00:00,Daily,Average,National currency (former currencies of the euro area countries),Italian lira,1990-07-04,1515.47,,
ESTAT:ERT_H_EUR_D(1.0),08/01/26 11:00:00,Daily,Average,National currency (former currencies of the euro area countries),Italian lira,1990-07-05,1516.17,,
ESTAT:ERT_H_EUR_D(1.0),08/01/26 11:00:00,Daily,Average,National currency (former currencies of the euro area countries),Italian lira,1990-07-06,1515.90,,
ESTAT:ERT_H_EUR_D(1.0),08/01/26 11:00:00,Daily,Average,National currency (former currencies of the euro area countries),Italian lira,1990-07-09,1517.46,,
ESTAT:ERT_H_EUR_D(1.0),08/01/26 11:00:00,Daily,Average,National currency (former currencies of the euro area countries),Italian lira,1990-07-10,1517.22,,
ESTAT:ERT_H_EUR_D(1.0),08/01/26 11:00:00,Daily,Average,National currency (former currencies of the euro area countries),Italian lira,1990-07-11,1515.91,,
ESTAT:ERT_H_EUR_D(1.0),08/01/26 11:00:00,Daily,Average,National currency (former currencies of the euro area countries),Italian lira,1990-07-12,1514.87,,
ESTAT:ERT_H_EUR_D(1.0),08/01/26 11:00:00,Daily,Average,National currency (former currencies of the euro area countries),Italian lira,1990-07-13,1515.37,,
ESTAT:ERT_H_EUR_D(1.0),08/01/26 11:00:00,Daily,Average,National currency (former currencies of the euro area countries),Italian lira,1990-07-16,1515.68,,
ESTAT:ERT_H_EUR_D(1.0),08/01/26 11:00:00,Daily,Average,National currency (former currencies of the euro area countries),Italian lira,1990-07-17,1516.00,,
ESTAT:ERT_H_EUR_D(1.0),08/01/26 11:00:00,Daily,Average,National currency (former currencies of the euro area countries),Italian lira,1990-07-18,1517.01,,
ESTAT:ERT_H_EUR_D(1.0),08/01/26 11:00:00,Daily,Average,National currency (former currencies of the euro area countries),Italian lira,1990-07-19,1515.62,,
ESTAT:ERT_H_EUR_D(1.0),08/01/26 11:00:00,Daily,Average,National currency (former currencies of the euro area countries),Italian lira,1990-07-20,1515.63,,
ESTAT:ERT_H_EUR_D(1.0),08/01/26 11:00:00,Daily,Average,National currency (former currencies of the euro area countries),Italian lira,1990-07-23,1515.56,,
ESTAT:ERT_H_EUR_D(1.0),08/01/26 11:00:00,Daily,Average,National currency (former currencies of the euro area countries),Italian lira,1990-07-24,1514.46,,
ESTAT:ERT_H_EUR_D(1.0),08/01/26 11:00:00,Daily,Average,National currency (former currencies of the euro area countries),Italian lira,1990-07-25,1512.61,,
ESTAT:ERT_H_EUR_D(1.0),08/01/26 11:00:00,Daily,Average,National currency (former currencies of the euro area countries),Italian lira,1990-07-26,1512.44,,
ESTAT:ERT_H_EUR_D(1.0),08/01/26 11:00:00,Daily,Average,National currency (former currencies of the euro area countries),Italian lira,1990-07-27,1514.13,,
ESTAT:ERT_H_EUR_D(1.0),08/01/26 11:00:00,Daily,Average,National currency (former currencies of the euro area countries),Italian lira,1990-07-30,1514.62,,
ESTAT:ERT_H_EUR_D(1.0),08/01/26 11:00:00,Daily,Average,National currency (former currencies of the euro area countries),Italian lira,1990-07-31,1514.01,,
ESTAT:ERT_H_EUR_D(1.0),08/01/26 11:00:00,Daily,Average,National currency (former currencies of the euro area countries),Italian lira,1990-08-01,1513.58,,
ESTAT:ERT_H_EUR_D(1.0),08/01/26 11:00:00,Daily,Average,National currency (former currencies of the euro area countries),Italian lira,1990-08-02,1514.22,,
ESTAT:ERT_H_EUR_D(1.0),08/01/26 11:00:00,Daily,Average,National currency (former currencies of the euro area countries),Italian lira,1990-08-03,1513.03,,
ESTAT:ERT_H_EUR_D(1.0),08/01/26 11:00:00,Daily,Average,National currency (former currencies of the euro area countries),Italian lira,1990-08-06,1512.92,,
ESTAT:ERT_H_EUR_D(1.0),08/01/26 11:00:00,Daily,Average,National currency (former currencies of the euro area countries),Italian lira,1990-08-07,1513.99,,
ESTAT:ERT_H_EUR_D(1.0),08/01/26 11:00:00,Daily,Average,National currency (former currencies of the euro area countries),Italian lira,1990-08-08,1515.32,,
ESTAT:ERT_H_EUR_D(1.0),08/01/26 11:00:00,Daily,Average,National currency (former currencies of the euro area countries),Italian lira,1990-08-09,1514.96,,
ESTAT:ERT_H_EUR_D(1.0),08/01/26 11:00:00,Daily,Average,National currency (former currencies of the euro area countries),Italian lira,1990-08-10,1517.83,,
ESTAT:ERT_H_EUR_D(1.0),08/01/26 11:00:00,Daily,Average,National currency (former currencies of the euro area countries),Italian lira,1990-08-13,1517.27,,
ESTAT:ERT_H_EUR_D(1.0),08/01/26 11:00:00,Daily,Average,National currency (former currencies of the euro area countries),Italian lira,1990-08-14,1518.41,,
ESTAT:ERT_H_EUR_D(1.0),08/01/26 11:00:00,Daily,Average,National currency (former currencies of the euro area countries),Italian lira,1990-08-16,1520.19,,
ESTAT:ERT_H_EUR_D(1.0),08/01/26 11:00:00,Daily,Average,National currency (former currencies of the euro area countries),Italian lira,1990-08-17,1523.06,,
ESTAT:ERT_H_EUR_D(1.0),08/01/26 11:00:00,Daily,Average,National currency (former currencies of the euro area countries),Italian lira,1990-08-20,1525.67,,
ESTAT:ERT_H_EUR_D(1.0),08/01/26 11:00:00,Daily,Average,National currency (former currencies of the euro area countries),Italian lira,1990-08-21,1529.96,,
ESTAT:ERT_H_EUR_D(1.0),08/01/26 11:00:00,Daily,Average,National currency (former currencies of the euro area countries),Italian lira,1990-08-22,1538.23,,
ESTAT:ERT_H_EUR_D(1.0),08/01/26 11:00:00,Daily,Average,National currency (former currencies of the euro area countries),Italian lira,1990-08-23,1542.86,,
ESTAT:ERT_H_EUR_D(1.0),08/01/26 11:00:00,Daily,Average,National currency (former currencies of the euro area countries),Italian lira,1990-08-24,1537.33,,
ESTAT:ERT_H_EUR_D(1.0),08/01/26 11:00:00,Daily,Average,National currency (former currencies of the euro area countries),Italian lira,1990-08-27,1533.72,,
ESTAT:ERT_H_EUR_D(1.0),08/01/26 11:00:00,Daily,Average,National currency (former currencies of the euro area countries),Italian lira,1990-08-28,1531.29,,
ESTAT:ERT_H_EUR_D(1.0),08/01/26 11:00:00,Daily,Average,National currency (former currencies of the euro area countries),Italian lira,1990-08-29,1531.32,,
ESTAT:ERT_H_EUR_D(1.0),08/01/26 11:00:00,Daily,Average,National currency (former currencies of the euro area countries),Italian lira,1990-08-30,1534.41,,
ESTAT:ERT_H_EUR_D(1.0),08/01/26 11:00:00,Daily,Average,National currency (former currencies of the euro area countries),Italian lira,1990-08-31,1531.01,,
ESTAT:ERT_H_EUR_D(1.0),08/01/26 11:00:00,Daily,Average,National currency (former currencies of the euro area countries),Italian lira,1990-09-03,1535.07,,
ESTAT:ERT_H_EUR_D(1.0),08/01/26 11:00:00,Daily,Average,National currency (former currencies of the euro area countries),Italian lira,1990-09-04,1536.60,,
ESTAT:ERT_H_EUR_D(1.0),08/01/26 11:00:00,Daily,Average,National currency (former currencies of the euro area countries),Italian lira,1990-09-05,1537.87,,
ESTAT:ERT_H_EUR_D(1.0),08/01/26 11:00:00,Daily,Average,National currency (former currencies of the euro area countries),Italian lira,1990-09-06,1537.97,,
ESTAT:ERT_H_EUR_D(1.0),08/01/26 11:00:00,Daily,Average,National currency (former currencies of the euro area countries),Italian lira,1990-09-07,1538.23,,
ESTAT:ERT_H_EUR_D(1.0),08/01/26 11:00:00,Daily,Average,National currency (former currencies of the euro area countries),Italian lira,1990-09-10,1537.16,,
ESTAT:ERT_H_EUR_D(1.0),08/01/26 11:00:00,Daily,Average,National currency (former currencies of the euro area countries),Italian lira,1990-09-11,1536.11,,
ESTAT:ERT_H_EUR_D(1.0),08/01/26 11:00:00,Daily,Average,National currency (former currencies of the euro area countries),Italian lira,1990-09-12,1538.17,,
ESTAT:ERT_H_EUR_D(1.0),08/01/26 11:00:00,Daily,Average,National currency (former currencies of the euro area countries),Italian lira,1990-09-13,1537.46,,
ESTAT:ERT_H_EUR_D(1.0),08/01/26 11:00:00,Daily,Average,National currency (former currencies of the euro area countries),Italian lira,1990-09-14,1538.57,,
ESTAT:ERT_H_EUR_D(1.0),08/01/26 11:00:00,Daily,Average,National currency (former currencies of the euro area countries),Italian lira,1990-09-17,1542.49,,
ESTAT:ERT_H_EUR_D(1.0),08/01/26 11:00:00,Daily,Average,National currency (former currencies of the euro area countries),Italian lira,1990-09-18,1544.29,,
ESTAT:ERT_H_EUR_D(1.0),08/01/26 11:00:00,Daily,Average,National currency (former currencies of the euro area countries),Italian lira,1990-09-19,1542.13,,
ESTAT:ERT_H_EUR_D(1.0),08/01/26 11:00:00,Daily,Average,National currency (former currencies of the euro area countries),Italian lira,1990-09-20,1537.37,,
ESTAT:ERT_H_EUR_D(1.0),08/01/26 11:00:00,Daily,Average,National currency (former currencies of the euro area countries),Italian lira,1990-09-21,1534.51,,
ESTAT:ERT_H_EUR_D(1.0),08/01/26 11:00:00,Daily,Average,National currency (former currencies of the euro area countries),Italian lira,1990-09-24,1540.24,,
ESTAT:ERT_H_EUR_D(1.0),08/01/26 11:00:00,Daily,Average,National currency (former currencies of the euro area countries),Italian lira,1990-09-25,1541.05,,
ESTAT:ERT_H_EUR_D(1.0),08/01/26 11:00:00,Daily,Average,National currency (former currencies of the euro area countries),Italian lira,1990-09-26,1540.38,,
ESTAT:ERT_H_EUR_D(1.0),08/01/26 11:00:00,Daily,Average,National currency (former currencies of the euro area countries),Italian lira,1990-09-27,1541.28,,
ESTAT:ERT_H_EUR_D(1.0),08/01/26 11:00:00,Daily,Average,National currency (former currencies of the euro area countries),Italian lira,1990-09-28,1540.92,,
ESTAT:ERT_H_EUR_D(1.0),08/01/26 11:00:00,Daily,Average,National currency (former currencies of the euro area countries),Italian lira,1990-10-01,1542.66,,
ESTAT:ERT_H_EUR_D(1.0),08/01/26 11:00:00,Daily,Average,National currency (former currencies of the euro area countries),Italian lira,1990-10-02,1540.87,,
ESTAT:ERT_H_EUR_D(1.0),08/01/26 11:00:00,Daily,Average,National currency (former currencies of the euro area countries),Italian lira,1990-10-03,1542.11,,
ESTAT:ERT_H_EUR_D(1.0),08/01/26 11:00:00,Daily,Average,National currency (former currencies of the euro area countries),Italian lira,1990-10-04,1542.27,,
ESTAT:ERT_H_EUR_D(1.0),08/01/26 11:00:00,Daily,Average,National currency (former currencies of the euro area countries),Italian lira,1990-10-05,1542.82,,
ESTAT:ERT_H_EUR_D(1.0),08/01/26 11:00:00,Daily,Average,National currency (former currencies of the euro area countries),Italian lira,1990-10-08,1549.39,,
ESTAT:ERT_H_EUR_D(1.0),08/01/26 11:00:00,Daily,Average,National currency (former currencies of the euro area countries),Italian lira,1990-10-09,1548.86,,
ESTAT:ERT_H_EUR_D(1.0),08/01/26 11:00:00,Daily,Average,National currency (former currencies of the euro area countries),Italian lira,1990-10-10,1547.77,,
ESTAT:ERT_H_EUR_D(1.0),08/01/26 11:00:00,Daily,Average,National currency (former currencies of the euro area countries),Italian lira,1990-10-11,1546.47,,
ESTAT:ERT_H_EUR_D(1.0),08/01/26 11:00:00,Daily,Average,National currency (former currencies of the euro area countries),Italian lira,1990-10-12,1546.89,,
ESTAT:ERT_H_EUR_D(1.0),08/01/26 11:00:00,Daily,Average,National currency (former currencies of the euro area countries),Italian lira,1990-10-15,1545.44,,
ESTAT:ERT_H_EUR_D(1.0),08/01/26 11:00:00,Daily,Average,National currency (former currencies of the euro area countries),Italian lira,1990-10-16,1544.33,,
ESTAT:ERT_H_EUR_D(1.0),08/01/26 11:00:00,Daily,Average,National currency (former currencies of the euro area countries),Italian lira,1990-10-17,1544.23,,
ESTAT:ERT_H_EUR_D(1.0),08/01/26 11:00:00,Daily,Average,National currency (former currencies of the euro area countries),Italian lira,1990-10-18,1543.67,,
ESTAT:ERT_H_EUR_D(1.0),08/01/26 11:00:00,Daily,Average,National currency (former currencies of the euro area countries),Italian lira,1990-10-19,1543.69,,
ESTAT:ERT_H_EUR_D(1.0),08/01/26 11:00:00,Daily,Average,National currency (former currencies of the euro area countries),Italian lira,1990-10-22,1542.93,,
ESTAT:ERT_H_EUR_D(1.0),08/01/26 11:00:00,Daily,Average,National currency (former currencies of the euro area countries),Italian lira,1990-10-23,1543.34,,
ESTAT:ERT_H_EUR_D(1.0),08/01/26 11:00:00,Daily,Average,National currency (former currencies of the euro area countries),Italian lira,1990-10-24,1542.76,,
ESTAT:ERT_H_EUR_D(1.0),08/01/26 11:00:00,Daily,Average,National currency (former currencies of the euro area countries),Italian lira,1990-10-25,1542.58,,
ESTAT:ERT_H_EUR_D(1.0),08/01/26 11:00:00,Daily,Average,National currency (former currencies of the euro area countries),Italian lira,1990-10-26,1543.65,,
ESTAT:ERT_H_EUR_D(1.0),08/01/26 11:00:00,Daily,Average,National currency (former currencies of the euro area countries),Italian lira,1990-10-29,1544.31,,
ESTAT:ERT_H_EUR_D(1.0),08/01/26 11:00:00,Daily,Average,National currency (former currencies of the euro area countries),Italian lira,1990-10-30,1544.31,,
ESTAT:ERT_H_EUR_D(1.0),08/01/26 11:00:00,Daily,Average,National currency (former currencies of the euro area countries),Italian lira,1990-10-31,1543.73,,
ESTAT:ERT_H_EUR_D(1.0),08/01/26 11:00:00,Daily,Average,National currency (former currencies of the euro area countries),Italian lira,1990-11-01,1541.66,,
ESTAT:ERT_H_EUR_D(1.0),08/01/26 11:00:00,Daily,Average,National currency (former currencies of the euro area countries),Italian lira,1990-11-02,1545.54,,
ESTAT:ERT_H_EUR_D(1.0),08/01/26 11:00:00,Daily,Average,National currency (former currencies of the euro area countries),Italian lira,1990-11-05,1545.47,,
ESTAT:ERT_H_EUR_D(1.0),08/01/26 11:00:00,Daily,Average,National currency (former currencies of the euro area countries),Italian lira,1990-11-06,1544.87,,
ESTAT:ERT_H_EUR_D(1.0),08/01/26 11:00:00,Daily,Average,National currency (former currencies of the euro area countries),Italian lira,1990-11-07,1545.10,,
ESTAT:ERT_H_EUR_D(1.0),08/01/26 11:00:00,Daily,Average,National currency (former currencies of the euro area countries),Italian lira,1990-11-08,1545.19,,
ESTAT:ERT_H_EUR_D(1.0),08/01/26 11:00:00,Daily,Average,National currency (former currencies of the euro area countries),Italian lira,1990-11-09,1547.12,,
ESTAT:ERT_H_EUR_D(1.0),08/01/26 11:00:00,Daily,Average,National currency (former currencies of the euro area countries),Italian lira,1990-11-12,1545.10,,
ESTAT:ERT_H_EUR_D(1.0),08/01/26 11:00:00,Daily,Average,National currency (former currencies of the euro area countries),Italian lira,1990-11-13,1542.86,,
ESTAT:ERT_H_EUR_D(1.0),08/01/26 11:00:00,Daily,Average,National currency (former currencies of the euro area countries),Italian lira,1990-11-14,1543.10,,
ESTAT:ERT_H_EUR_D(1.0),08/01/26 11:00:00,Daily,Average,National currency (former currencies of the euro area countries),Italian lira,1990-11-15,1543.82,,
ESTAT:ERT_H_EUR_D(1.0),08/01/26 11:00:00,Daily,Average,National currency (former currencies of the euro area countries),Italian lira,1990-11-16,1544.59,,
ESTAT:ERT_H_EUR_D(1.0),08/01/26 11:00:00,Daily,Average,National currency (former currencies of the euro area countries),Italian lira,1990-11-19,1545.06,,
ESTAT:ERT_H_EUR_D(1.0),08/01/26 11:00:00,Daily,Average,National currency (former currencies of the euro area countries),Italian lira,1990-11-20,1543.01,,
ESTAT:ERT_H_EUR_D(1.0),08/01/26 11:00:00,Daily,Average,National currency (former currencies of the euro area countries),Italian lira,1990-11-21,1540.82,,
ESTAT:ERT_H_EUR_D(1.0),08/01/26 11:00:00,Daily,Average,National currency (former currencies of the euro area countries),Italian lira,1990-11-22,1541.19,,
ESTAT:ERT_H_EUR_D(1.0),08/01/26 11:00:00,Daily,Average,National currency (former currencies of the euro area countries),Italian lira,1990-11-23,1540.07,,
ESTAT:ERT_H_EUR_D(1.0),08/01/26 11:00:00,Daily,Average,National currency (former currencies of the euro area countries),Italian lira,1990-11-26,1540.12,,
ESTAT:ERT_H_EUR_D(1.0),08/01/26 11:00:00,Daily,Average,National currency (former currencies of the euro area countries),Italian lira,1990-11-27,1539.40,,
ESTAT:ERT_H_EUR_D(1.0),08/01/26 11:00:00,Daily,Average,National currency (former currencies of the euro area countries),Italian lira,1990-11-28,1540.67,,
ESTAT:ERT_H_EUR_D(1.0),08/01/26 11:00:00,Daily,Average,National currency (former currencies of the euro area countries),Italian lira,1990-11-29,1541.88,,
ESTAT:ERT_H_EUR_D(1.0),08/01/26 11:00:00,Daily,Average,National currency (former currencies of the euro area countries),Italian lira,1990-11-30,1539.85,,
ESTAT:ERT_H_EUR_D(1.0),08/01/26 11:00:00,Daily,Average,National currency (former currencies of the euro area countries),Italian lira,1990-12-03,1540.27,,
ESTAT:ERT_H_EUR_D(1.0),08/01/26 11:00:00,Daily,Average,National currency (former currencies of the euro area countries),Italian lira,1990-12-04,1539.85,,
ESTAT:ERT_H_EUR_D(1.0),08/01/26 11:00:00,Daily,Average,National currency (former currencies of the euro area countries),Italian lira,1990-12-05,1539.18,,
ESTAT:ERT_H_EUR_D(1.0),08/01/26 11:00:00,Daily,Average,National currency (former currencies of the euro area countries),Italian lira,1990-12-06,1539.83,,
ESTAT:ERT_H_EUR_D(1.0),08/01/26 11:00:00,Daily,Average,National currency (former currencies of the euro area countries),Italian lira,1990-12-07,1539.92,,
ESTAT:ERT_H_EUR_D(1.0),08/01/26 11:00:00,Daily,Average,National currency (former currencies of the euro area countries),Italian lira,1990-12-10,1540.84,,
ESTAT:ERT_H_EUR_D(1.0),08/01/26 11:00:00,Daily,Average,National currency (former currencies of the euro area countries),Italian lira,1990-12-11,1538.35,,
ESTAT:ERT_H_EUR_D(1.0),08/01/26 11:00:00,Daily,Average,National currency (former currencies of the euro area countries),Italian lira,1990-12-12,1537.91,,
ESTAT:ERT_H_EUR_D(1.0),08/01/26 11:00:00,Daily,Average,National currency (former currencies of the euro area countries),Italian lira,1990-12-13,1540.17,,
ESTAT:ERT_H_EUR_D(1.0),08/01/26 11:00:00,Daily,Average,National currency (former currencies of the euro area countries),Italian lira,1990-12-14,1540.61,,
ESTAT:ERT_H_EUR_D(1.0),08/01/26 11:00:00,Daily,Average,National currency (former currencies of the euro area countries),Italian lira,1990-12-17,1541.65,,
ESTAT:ERT_H_EUR_D(1.0),08/01/26 11:00:00,Daily,Average,National currency (former currencies of the euro area countries),Italian lira,1990-12-18,1541.73,,
ESTAT:ERT_H_EUR_D(1.0),08/01/26 11:00:00,Daily,Average,National currency (former currencies of the euro area countries),Italian lira,1990-12-19,1542.36,,
ESTAT:ERT_H_EUR_D(1.0),08/01/26 11:00:00,Daily,Average,National currency (former currencies of the euro area countries),Italian lira,1990-12-20,1540.26,,
ESTAT:ERT_H_EUR_D(1.0),08/01/26 11:00:00,Daily,Average,National currency (former currencies of the euro area countries),Italian lira,1990-12-21,1540.26,,
ESTAT:ERT_H_EUR_D(1.0),08/01/26 11:00:00,Daily,Average,National currency (former currencies of the euro area countries),Italian lira,1990-12-24,1541.12,,
ESTAT:ERT_H_EUR_D(1.0),08/01/26 11:00:00,Daily,Average,National currency (former currencies of the euro area countries),Italian lira,1990-12-27,1540.05,,
ESTAT:ERT_H_EUR_D(1.0),08/01/26 11:00:00,Daily,Average,National currency (former currencies of the euro area countries),Italian lira,1990-12-28,1537.87,,
ESTAT:ERT_H_EUR_D(1.0),08/01/26 11:00:00,Daily,Average,National currency (former currencies of the euro area countries),Italian lira,1990-12-31,1540.26,,
ESTAT:ERT_H_EUR_D(1.0),08/01/26 11:00:00,Daily,Average,National currency (former currencies of the euro area countries),Italian lira,1991-01-02,1539.95,,
ESTAT:ERT_H_EUR_D(1.0),08/01/26 11:00:00,Daily,Average,National currency (former currencies of the euro area countries),Italian lira,1991-01-03,1540.05,,
ESTAT:ERT_H_EUR_D(1.0),08/01/26 11:00:00,Daily,Average,National currency (former currencies of the euro area countries),Italian lira,1991-01-04,1540.08,,
ESTAT:ERT_H_EUR_D(1.0),08/01/26 11:00:00,Daily,Average,National currency (former currencies of the euro area countries),Italian lira,1991-01-07,1539.07,,
ESTAT:ERT_H_EUR_D(1.0),08/01/26 11:00:00,Daily,Average,National currency (former currencies of the euro area countries),Italian lira,1991-01-08,1539.49,,
ESTAT:ERT_H_EUR_D(1.0),08/01/26 11:00:00,Daily,Average,National currency (former currencies of the euro area countries),Italian lira,1991-01-09,1540.75,,
ESTAT:ERT_H_EUR_D(1.0),08/01/26 11:00:00,Daily,Average,National currency (former currencies of the euro area countries),Italian lira,1991-01-10,1541.62,,
ESTAT:ERT_H_EUR_D(1.0),08/01/26 11:00:00,Daily,Average,National currency (former currencies of the euro area countries),Italian lira,1991-01-11,1541.91,,
ESTAT:ERT_H_EUR_D(1.0),08/01/26 11:00:00,Daily,Average,National currency (former currencies of the euro area countries),Italian lira,1991-01-14,1541.61,,
ESTAT:ERT_H_EUR_D(1.0),08/01/26 11:00:00,Daily,Average,National currency (former currencies of the euro area countries),Italian lira,1991-01-15,1542.51,,
ESTAT:ERT_H_EUR_D(1.0),08/01/26 11:00:00,Daily,Average,National currency (former currencies of the euro area countries),Italian lira,1991-01-16,1542.72,,
ESTAT:ERT_H_EUR_D(1.0),08/01/26 11:00:00,Daily,Average,National currency (former currencies of the euro area countries),Italian lira,1991-01-17,1541.11,,
ESTAT:ERT_H_EUR_D(1.0),08/01/26 11:00:00,Daily,Average,National currency (former currencies of the euro area countries),Italian lira,1991-01-18,1540.44,,
ESTAT:ERT_H_EUR_D(1.0),08/01/26 11:00:00,Daily,Average,National currency (former currencies of the euro area countries),Italian lira,1991-01-21,1539.88,,
ESTAT:ERT_H_EUR_D(1.0),08/01/26 11:00:00,Daily,Average,National currency (former currencies of the euro area countries),Italian lira,1991-01-22,1539.03,,
ESTAT:ERT_H_EUR_D(1.0),08/01/26 11:00:00,Daily,Average,National currency (former currencies of the euro area countries),Italian lira,1991-01-23,1539.19,,
ESTAT:ERT_H_EUR_D(1.0),08/01/26 11:00:00,Daily,Average,National currency (former currencies of the euro area countries),Italian lira,1991-01-24,1539.00,,
ESTAT:ERT_H_EUR_D(1.0),08/01/26 11:00:00,Daily,Average,National currency (former currencies of the euro area countries),Italian lira,1991-01-25,1539.67,,
ESTAT:ERT_H_EUR_D(1.0),08/01/26 11:00:00,Daily,Average,National currency (former currencies of the euro area countries),Italian lira,1991-01-28,1539.85,,
ESTAT:ERT_H_EUR_D(1.0),08/01/26 11:00:00,Daily,Average,National currency (former currencies of the euro area countries),Italian lira,1991-01-29,1539.40,,
ESTAT:ERT_H_EUR_D(1.0),08/01/26 11:00:00,Daily,Average,National currency (former currencies of the euro area countries),Italian lira,1991-01-30,1537.10,,
ESTAT:ERT_H_EUR_D(1.0),08/01/26 11:00:00,Daily,Average,National currency (former currencies of the euro area countries),Italian lira,1991-01-31,1538.84,,
ESTAT:ERT_H_EUR_D(1.0),08/01/26 11:00:00,Daily,Average,National currency (former currencies of the euro area countries),Italian lira,1991-02-01,1538.20,,
ESTAT:ERT_H_EUR_D(1.0),08/01/26 11:00:00,Daily,Average,National currency (former currencies of the euro area countries),Italian lira,1991-02-04,1539.72,,
ESTAT:ERT_H_EUR_D(1.0),08/01/26 11:00:00,Daily,Average,National currency (former currencies of the euro area countries),Italian lira,1991-02-05,1538.21,,
ESTAT:ERT_H_EUR_D(1.0),08/01/26 11:00:00,Daily,Average,National currency (former currencies of the euro area countries),Italian lira,1991-02-06,1539.31,,
ESTAT:ERT_H_EUR_D(1.0),08/01/26 11:00:00,Daily,Average,National currency (former currencies of the euro area countries),Italian lira,1991-02-07,1538.78,,
ESTAT:ERT_H_EUR_D(1.0),08/01/26 11:00:00,Daily,Average,National currency (former currencies of the euro area countries),Italian lira,1991-02-08,1539.13,,
ESTAT:ERT_H_EUR_D(1.0),08/01/26 11:00:00,Daily,Average,National currency (former currencies of the euro area countries),Italian lira,1991-02-11,1539.94,,
ESTAT:ERT_H_EUR_D(1.0),08/01/26 11:00:00,Daily,Average,National currency (former currencies of the euro area countries),Italian lira,1991-02-12,1539.49,,
ESTAT:ERT_H_EUR_D(1.0),08/01/26 11:00:00,Daily,Average,National currency (former currencies of the euro area countries),Italian lira,1991-02-13,1540.12,,
ESTAT:ERT_H_EUR_D(1.0),08/01/26 11:00:00,Daily,Average,National currency (former currencies of the euro area countries),Italian lira,1991-02-14,1540.04,,
ESTAT:ERT_H_EUR_D(1.0),08/01/26 11:00:00,Daily,Average,National currency (former currencies of the euro area countries),Italian lira,1991-02-15,1538.92,,
ESTAT:ERT_H_EUR_D(1.0),08/01/26 11:00:00,Daily,Average,National currency (former currencies of the euro area countries),Italian lira,1991-02-18,1538.80,,
ESTAT:ERT_H_EUR_D(1.0),08/01/26 11:00:00,Daily,Average,National currency (former currencies of the euro area countries),Italian lira,1991-02-19,1537.91,,
ESTAT:ERT_H_EUR_D(1.0),08/01/26 11:00:00,Daily,Average,National currency (former currencies of the euro area countries),Italian lira,1991-02-20,1537.06,,
ESTAT:ERT_H_EUR_D(1.0),08/01/26 11:00:00,Daily,Average,National currency (former currencies of the euro area countries),Italian lira,1991-02-21,1536.10,,
ESTAT:ERT_H_EUR_D(1.0),08/01/26 11:00:00,Daily,Average,National currency (former currencies of the euro area countries),Italian lira,1991-02-22,1536.39,,
ESTAT:ERT_H_EUR_D(1.0),08/01/26 11:00:00,Daily,Average,National currency (former currencies of the euro area countries),Italian lira,1991-02-25,1534.28,,
ESTAT:ERT_H_EUR_D(1.0),08/01/26 11:00:00,Daily,Average,National currency (former currencies of the euro area countries),Italian lira,1991-02-26,1534.06,,
ESTAT:ERT_H_EUR_D(1.0),08/01/26 11:00:00,Daily,Average,National currency (former currencies of the euro area countries),Italian lira,1991-02-27,1532.50,,
ESTAT:ERT_H_EUR_D(1.0),08/01/26 11:00:00,Daily,Average,National currency (former currencies of the euro area countries),Italian lira,1991-02-28,1532.71,,
ESTAT:ERT_H_EUR_D(1.0),08/01/26 11:00:00,Daily,Average,National currency (former currencies of the euro area countries),Italian lira,1991-03-01,1532.60,,
ESTAT:ERT_H_EUR_D(1.0),08/01/26 11:00:00,Daily,Average,National currency (former currencies of the euro area countries),Italian lira,1991-03-04,1532.00,,
ESTAT:ERT_H_EUR_D(1.0),08/01/26 11:00:00,Daily,Average,National currency (former currencies of the euro area countries),Italian lira,1991-03-05,1532.14,,
ESTAT:ERT_H_EUR_D(1.0),08/01/26 11:00:00,Daily,Average,National currency (former currencies of the euro area countries),Italian lira,1991-03-06,1531.64,,
ESTAT:ERT_H_EUR_D(1.0),08/01/26 11:00:00,Daily,Average,National currency (former currencies of the euro area countries),Italian lira,1991-03-07,1531.50,,
ESTAT:ERT_H_EUR_D(1.0),08/01/26 11:00:00,Daily,Average,National currency (former currencies of the euro area countries),Italian lira,1991-03-08,1531.47,,
ESTAT:ERT_H_EUR_D(1.0),08/01/26 11:00:00,Daily,Average,National currency (former currencies of the euro area countries),Italian lira,1991-03-11,1532.02,,
ESTAT:ERT_H_EUR_D(1.0),08/01/26 11:00:00,Daily,Average,National currency (former currencies of the euro area countries),Italian lira,1991-03-12,1531.67,,
ESTAT:ERT_H_EUR_D(1.0),08/01/26 11:00:00,Daily,Average,National currency (former currencies of the euro area countries),Italian lira,1991-03-13,1531.63,,
ESTAT:ERT_H_EUR_D(1.0),08/01/26 11:00:00,Daily,Average,National currency (former currencies of the euro area countries),Italian lira,1991-03-14,1531.70,,
ESTAT:ERT_H_EUR_D(1.0),08/01/26 11:00:00,Daily,Average,National currency (former currencies of the euro area countries),Italian lira,1991-03-15,1532.19,,
ESTAT:ERT_H_EUR_D(1.0),08/01/26 11:00:00,Daily,Average,National currency (former currencies of the euro area countries),Italian lira,1991-03-18,1531.01,,
ESTAT:ERT_H_EUR_D(1.0),08/01/26 11:00:00,Daily,Average,National currency (former currencies of the euro area countries),Italian lira,1991-03-19,1530.13,,
ESTAT:ERT_H_EUR_D(1.0),08/01/26 11:00:00,Daily,Average,National currency (former currencies of the euro area countries),Italian lira,1991-03-20,1529.74,,
ESTAT:ERT_H_EUR_D(1.0),08/01/26 11:00:00,Daily,Average,National currency (former currencies of the euro area countries),Italian lira,1991-03-21,1528.81,,
ESTAT:ERT_H_EUR_D(1.0),08/01/26 11:00:00,Daily,Average,National currency (former currencies of the euro area countries),Italian lira,1991-03-22,1528.81,,
ESTAT:ERT_H_EUR_D(1.0),08/01/26 11:00:00,Daily,Average,National currency (former currencies of the euro area countries),Italian lira,1991-03-25,1527.60,,
ESTAT:ERT_H_EUR_D(1.0),08/01/26 11:00:00,Daily,Average,National currency (former currencies of the euro area countries),Italian lira,1991-03-26,1527.42,,
ESTAT:ERT_H_EUR_D(1.0),08/01/26 11:00:00,Daily,Average,National currency (former currencies of the euro area countries),Italian lira,1991-03-27,1527.84,,
ESTAT:ERT_H_EUR_D(1.0),08/01/26 11:00:00,Daily,Average,National currency (former currencies of the euro area countries),Italian lira,1991-03-28,1532.03,,
ESTAT:ERT_H_EUR_D(1.0),08/01/26 11:00:00,Daily,Average,National currency (former currencies of the euro area countries),Italian lira,1991-04-02,1535.58,,
ESTAT:ERT_H_EUR_D(1.0),08/01/26 11:00:00,Daily,Average,National currency (former currencies of the euro area countries),Italian lira,1991-04-03,1532.58,,
ESTAT:ERT_H_EUR_D(1.0),08/01/26 11:00:00,Daily,Average,National currency (former currencies of the euro area countries),Italian lira,1991-04-04,1531.59,,
ESTAT:ERT_H_EUR_D(1.0),08/01/26 11:00:00,Daily,Average,National currency (former currencies of the euro area countries),Italian lira,1991-04-05,1529.55,,
ESTAT:ERT_H_EUR_D(1.0),08/01/26 11:00:00,Daily,Average,National currency (former currencies of the euro area countries),Italian lira,1991-04-08,1529.89,,
ESTAT:ERT_H_EUR_D(1.0),08/01/26 11:00:00,Daily,Average,National currency (former currencies of the euro area countries),Italian lira,1991-04-09,1530.60,,
ESTAT:ERT_H_EUR_D(1.0),08/01/26 11:00:00,Daily,Average,National currency (former currencies of the euro area countries),Italian lira,1991-04-10,1529.43,,
ESTAT:ERT_H_EUR_D(1.0),08/01/26 11:00:00,Daily,Average,National currency (former currencies of the euro area countries),Italian lira,1991-04-11,1530.74,,
ESTAT:ERT_H_EUR_D(1.0),08/01/26 11:00:00,Daily,Average,National currency (former currencies of the euro area countries),Italian lira,1991-04-12,1530.67,,
ESTAT:ERT_H_EUR_D(1.0),08/01/26 11:00:00,Daily,Average,National currency (former currencies of the euro area countries),Italian lira,1991-04-15,1529.08,,
ESTAT:ERT_H_EUR_D(1.0),08/01/26 11:00:00,Daily,Average,National currency (former currencies of the euro area countries),Italian lira,1991-04-16,1529.73,,
ESTAT:ERT_H_EUR_D(1.0),08/01/26 11:00:00,Daily,Average,National currency (former currencies of the euro area countries),Italian lira,1991-04-17,1529.60,,
ESTAT:ERT_H_EUR_D(1.0),08/01/26 11:00:00,Daily,Average,National currency (former currencies of the euro area countries),Italian lira,1991-04-18,1527.32,,
ESTAT:ERT_H_EUR_D(1.0),08/01/26 11:00:00,Daily,Average,National currency (former currencies of the euro area countries),Italian lira,1991-04-19,1526.28,,
ESTAT:ERT_H_EUR_D(1.0),08/01/26 11:00:00,Daily,Average,National currency (former currencies of the euro area countries),Italian lira,1991-04-22,1524.98,,
ESTAT:ERT_H_EUR_D(1.0),08/01/26 11:00:00,Daily,Average,National currency (former currencies of the euro area countries),Italian lira,1991-04-23,1525.74,,
ESTAT:ERT_H_EUR_D(1.0),08/01/26 11:00:00,Daily,Average,National currency (former currencies of the euro area countries),Italian lira,1991-04-24,1524.35,,
ESTAT:ERT_H_EUR_D(1.0),08/01/26 11:00:00,Daily,Average,National currency (former currencies of the euro area countries),Italian lira,1991-04-25,1522.45,,
ESTAT:ERT_H_EUR_D(1.0),08/01/26 11:00:00,Daily,Average,National currency (former currencies of the euro area countries),Italian lira,1991-04-26,1523.79,,
ESTAT:ERT_H_EUR_D(1.0),08/01/26 11:00:00,Daily,Average,National currency (former currencies of the euro area countries),Italian lira,1991-04-29,1523.15,,
ESTAT:ERT_H_EUR_D(1.0),08/01/26 11:00:00,Daily,Average,National currency (former currencies of the euro area countries),Italian lira,1991-04-30,1523.69,,
ESTAT:ERT_H_EUR_D(1.0),08/01/26 11:00:00,Daily,Average,National currency (former currencies of the euro area countries),Italian lira,1991-05-02,1524.38,,
ESTAT:ERT_H_EUR_D(1.0),08/01/26 11:00:00,Daily,Average,National currency (former currencies of the euro area countries),Italian lira,1991-05-03,1526.14,,
ESTAT:ERT_H_EUR_D(1.0),08/01/26 11:00:00,Daily,Average,National currency (former currencies of the euro area countries),Italian lira,1991-05-06,1525.72,,
ESTAT:ERT_H_EUR_D(1.0),08/01/26 11:00:00,Daily,Average,National currency (former currencies of the euro area countries),Italian lira,1991-05-07,1524.23,,
ESTAT:ERT_H_EUR_D(1.0),08/01/26 11:00:00,Daily,Average,National currency (former currencies of the euro area countries),Italian lira,1991-05-08,1526.19,,
ESTAT:ERT_H_EUR_D(1.0),08/01/26 11:00:00,Daily,Average,National currency (former currencies of the euro area countries),Italian lira,1991-05-09,1524.54,,
ESTAT:ERT_H_EUR_D(1.0),08/01/26 11:00:00,Daily,Average,National currency (former currencies of the euro area countries),Italian lira,1991-05-10,1525.30,,
ESTAT:ERT_H_EUR_D(1.0),08/01/26 11:00:00,Daily,Average,National currency (former currencies of the euro area countries),Italian lira,1991-05-13,1528.76,,
ESTAT:ERT_H_EUR_D(1.0),08/01/26 11:00:00,Daily,Average,National currency (former currencies of the euro area countries),Italian lira,1991-05-14,1528.05,,
ESTAT:ERT_H_EUR_D(1.0),08/01/26 11:00:00,Daily,Average,National currency (former currencies of the euro area countries),Italian lira,1991-05-15,1529.11,,
ESTAT:ERT_H_EUR_D(1.0),08/01/26 11:00:00,Daily,Average,National currency (former currencies of the euro area countries),Italian lira,1991-05-16,1531.10,,
ESTAT:ERT_H_EUR_D(1.0),08/01/26 11:00:00,Daily,Average,National currency (former currencies of the euro area countries),Italian lira,1991-05-17,1532.60,,
ESTAT:ERT_H_EUR_D(1.0),08/01/26 11:00:00,Daily,Average,National currency (former currencies of the euro area countries),Italian lira,1991-05-21,1528.37,,
ESTAT:ERT_H_EUR_D(1.0),08/01/26 11:00:00,Daily,Average,National currency (former currencies of the euro area countries),Italian lira,1991-05-22,1528.50,,
ESTAT:ERT_H_EUR_D(1.0),08/01/26 11:00:00,Daily,Average,National currency (former currencies of the euro area countries),Italian lira,1991-05-23,1530.48,,
ESTAT:ERT_H_EUR_D(1.0),08/01/26 11:00:00,Daily,Average,National currency (former currencies of the euro area countries),Italian lira,1991-05-24,1529.93,,
ESTAT:ERT_H_EUR_D(1.0),08/01/26 11:00:00,Daily,Average,National currency (former currencies of the euro area countries),Italian lira,1991-05-27,1529.79,,
ESTAT:ERT_H_EUR_D(1.0),08/01/26 11:00:00,Daily,Average,National currency (former currencies of the euro area countries),Italian lira,1991-05-28,1530.24,,
ESTAT:ERT_H_EUR_D(1.0),08/01/26 11:00:00,Daily,Average,National currency (former currencies of the euro area countries),Italian lira,1991-05-29,1530.37,,
ESTAT:ERT_H_EUR_D(1.0),08/01/26 11:00:00,Daily,Average,National currency (former currencies of the euro area countries),Italian lira,1991-05-30,1529.50,,
ESTAT:ERT_H_EUR_D(1.0),08/01/26 11:00:00,Daily,Average,National currency (former currencies of the euro area countries),Italian lira,1991-05-31,1526.97,,
ESTAT:ERT_H_EUR_D(1.0),08/01/26 11:00:00,Daily,Average,National currency (former currencies of the euro area countries),Italian lira,1991-06-03,1525.65,,
ESTAT:ERT_H_EUR_D(1.0),08/01/26 11:00:00,Daily,Average,National currency (former currencies of the euro area countries),Italian lira,1991-06-04,1525.22,,
ESTAT:ERT_H_EUR_D(1.0),08/01/26 11:00:00,Daily,Average,National currency (former currencies of the euro area countries),Italian lira,1991-06-05,1524.51,,
ESTAT:ERT_H_EUR_D(1.0),08/01/26 11:00:00,Daily,Average,National currency (former currencies of the euro area countries),Italian lira,1991-06-06,1525.92,,
ESTAT:ERT_H_EUR_D(1.0),08/01/26 11:00:00,Daily,Average,National currency (former currencies of the euro area countries),Italian lira,1991-06-07,1527.62,,
ESTAT:ERT_H_EUR_D(1.0),08/01/26 11:00:00,Daily,Average,National currency (former currencies of the euro area countries),Italian lira,1991-06-10,1526.77,,
ESTAT:ERT_H_EUR_D(1.0),08/01/26 11:00:00,Daily,Average,National currency (former currencies of the euro area countries),Italian lira,1991-06-11,1528.37,,
ESTAT:ERT_H_EUR_D(1.0),08/01/26 11:00:00,Daily,Average,National currency (former currencies of the euro area countries),Italian lira,1991-06-12,1528.62,,
ESTAT:ERT_H_EUR_D(1.0),08/01/26 11:00:00,Daily,Average,National currency (former currencies of the euro area countries),Italian lira,1991-06-13,1528.43,,
ESTAT:ERT_H_EUR_D(1.0),08/01/26 11:00:00,Daily,Average,National currency (former currencies of the euro area countries),Italian lira,1991-06-14,1530.71,,
ESTAT:ERT_H_EUR_D(1.0),08/01/26 11:00:00,Daily,Average,National currency (former currencies of the euro area countries),Italian lira,1991-06-17,1529.63,,
ESTAT:ERT_H_EUR_D(1.0),08/01/26 11:00:00,Daily,Average,National currency (former currencies of the euro area countries),Italian lira,1991-06-18,1526.60,,
ESTAT:ERT_H_EUR_D(1.0),08/01/26 11:00:00,Daily,Average,National currency (former currencies of the euro area countries),Italian lira,1991-06-19,1527.20,,
ESTAT:ERT_H_EUR_D(1.0),08/01/26 11:00:00,Daily,Average,National currency (former currencies of the euro area countries),Italian lira,1991-06-20,1528.55,,
ESTAT:ERT_H_EUR_D(1.0),08/01/26 11:00:00,Daily,Average,National currency (former currencies of the euro area countries),Italian lira,1991-06-21,1527.23,,
ESTAT:ERT_H_EUR_D(1.0),08/01/26 11:00:00,Daily,Average,National currency (former currencies of the euro area countries),Italian lira,1991-06-24,1526.85,,
ESTAT:ERT_H_EUR_D(1.0),08/01/26 11:00:00,Daily,Average,National currency (former currencies of the euro area countries),Italian lira,1991-06-25,1527.44,,
ESTAT:ERT_H_EUR_D(1.0),08/01/26 11:00:00,Daily,Average,National currency (former currencies of the euro area countries),Italian lira,1991-06-26,1529.61,,
ESTAT:ERT_H_EUR_D(1.0),08/01/26 11:00:00,Daily,Average,National currency (former currencies of the euro area countries),Italian lira,1991-06-27,1528.15,,
ESTAT:ERT_H_EUR_D(1.0),08/01/26 11:00:00,Daily,Average,National currency (former currencies of the euro area countries),Italian lira,1991-06-28,1528.73,,
ESTAT:ERT_H_EUR_D(1.0),08/01/26 11:00:00,Daily,Average,National currency (former currencies of the euro area countries),Italian lira,1991-07-01,1526.00,,
ESTAT:ERT_H_EUR_D(1.0),08/01/26 11:00:00,Daily,Average,National currency (former currencies of the euro area countries),Italian lira,1991-07-02,1527.27,,
ESTAT:ERT_H_EUR_D(1.0),08/01/26 11:00:00,Daily,Average,National currency (former currencies of the euro area countries),Italian lira,1991-07-03,1528.38,,
ESTAT:ERT_H_EUR_D(1.0),08/01/26 11:00:00,Daily,Average,National currency (former currencies of the euro area countries),Italian lira,1991-07-04,1528.70,,
ESTAT:ERT_H_EUR_D(1.0),08/01/26 11:00:00,Daily,Average,National currency (former currencies of the euro area countries),Italian lira,1991-07-05,1529.08,,
ESTAT:ERT_H_EUR_D(1.0),08/01/26 11:00:00,Daily,Average,National currency (former currencies of the euro area countries),Italian lira,1991-07-08,1529.34,,
ESTAT:ERT_H_EUR_D(1.0),08/01/26 11:00:00,Daily,Average,National currency (former currencies of the euro area countries),Italian lira,1991-07-09,1529.26,,
ESTAT:ERT_H_EUR_D(1.0),08/01/26 11:00:00,Daily,Average,National currency (former currencies of the euro area countries),Italian lira,1991-07-10,1528.06,,
ESTAT:ERT_H_EUR_D(1.0),08/01/26 11:00:00,Daily,Average,National currency (former currencies of the euro area countries),Italian lira,1991-07-11,1528.23,,
ESTAT:ERT_H_EUR_D(1.0),08/01/26 11:00:00,Daily,Average,National currency (former currencies of the euro area countries),Italian lira,1991-07-12,1528.84,,
ESTAT:ERT_H_EUR_D(1.0),08/01/26 11:00:00,Daily,Average,National currency (former currencies of the euro area countries),Italian lira,1991-07-15,1528.43,,
ESTAT:ERT_H_EUR_D(1.0),08/01/26 11:00:00,Daily,Average,National currency (former currencies of the euro area countries),Italian lira,1991-07-16,1530.55,,
ESTAT:ERT_H_EUR_D(1.0),08/01/26 11:00:00,Daily,Average,National currency (former currencies of the euro area countries),Italian lira,1991-07-17,1530.10,,
ESTAT:ERT_H_EUR_D(1.0),08/01/26 11:00:00,Daily,Average,National currency (former currencies of the euro area countries),Italian lira,1991-07-18,1531.38,,
ESTAT:ERT_H_EUR_D(1.0),08/01/26 11:00:00,Daily,Average,National currency (former currencies of the euro area countries),Italian lira,1991-07-19,1530.98,,
ESTAT:ERT_H_EUR_D(1.0),08/01/26 11:00:00,Daily,Average,National currency (former currencies of the euro area countries),Italian lira,1991-07-22,1531.08,,
ESTAT:ERT_H_EUR_D(1.0),08/01/26 11:00:00,Daily,Average,National currency (former currencies of the euro area countries),Italian lira,1991-07-23,1531.16,,
ESTAT:ERT_H_EUR_D(1.0),08/01/26 11:00:00,Daily,Average,National currency (former currencies of the euro area countries),Italian lira,1991-07-24,1530.65,,
ESTAT:ERT_H_EUR_D(1.0),08/01/26 11:00:00,Daily,Average,National currency (former currencies of the euro area countries),Italian lira,1991-07-25,1529.92,,
ESTAT:ERT_H_EUR_D(1.0),08/01/26 11:00:00,Daily,Average,National currency (former currencies of the euro area countries),Italian lira,1991-07-26,1531.75,,
ESTAT:ERT_H_EUR_D(1.0),08/01/26 11:00:00,Daily,Average,National currency (former currencies of the euro area countries),Italian lira,1991-07-29,1532.47,,
ESTAT:ERT_H_EUR_D(1.0),08/01/26 11:00:00,Daily,Average,National currency (former currencies of the euro area countries),Italian lira,1991-07-30,1533.76,,
ESTAT:ERT_H_EUR_D(1.0),08/01/26 11:00:00,Daily,Average,National currency (former currencies of the euro area countries),Italian lira,1991-07-31,1531.74,,
ESTAT:ERT_H_EUR_D(1.0),08/01/26 11:00:00,Daily,Average,National currency (former currencies of the euro area countries),Italian lira,1991-08-01,1532.43,,
ESTAT:ERT_H_EUR_D(1.0),08/01/26 11:00:00,Daily,Average,National currency (former currencies of the euro area countries),Italian lira,1991-08-02,1533.80,,
ESTAT:ERT_H_EUR_D(1.0),08/01/26 11:00:00,Daily,Average,National currency (former currencies of the euro area countries),Italian lira,1991-08-05,1534.35,,
ESTAT:ERT_H_EUR_D(1.0),08/01/26 11:00:00,Daily,Average,National currency (former currencies of the euro area countries),Italian lira,1991-08-06,1535.58,,
ESTAT:ERT_H_EUR_D(1.0),08/01/26 11:00:00,Daily,Average,National currency (former currencies of the euro area countries),Italian lira,1991-08-07,1534.85,,
ESTAT:ERT_H_EUR_D(1.0),08/01/26 11:00:00,Daily,Average,National currency (former currencies of the euro area countries),Italian lira,1991-08-08,1534.53,,
ESTAT:ERT_H_EUR_D(1.0),08/01/26 11:00:00,Daily,Average,National currency (former currencies of the euro area countries),Italian lira,1991-08-09,1535.69,,
ESTAT:ERT_H_EUR_D(1.0),08/01/26 11:00:00,Daily,Average,National currency (former currencies of the euro area countries),Italian lira,1991-08-12,1535.76,,
ESTAT:ERT_H_EUR_D(1.0),08/01/26 11:00:00,Daily,Average,National currency (former currencies of the euro area countries),Italian lira,1991-08-13,1537.13,,
ESTAT:ERT_H_EUR_D(1.0),08/01/26 11:00:00,Daily,Average,National currency (former currencies of the euro area countries),Italian lira,1991-08-14,1536.30,,
ESTAT:ERT_H_EUR_D(1.0),08/01/26 11:00:00,Daily,Average,National currency (former currencies of the euro area countries),Italian lira,1991-08-15,1536.85,,
ESTAT:ERT_H_EUR_D(1.0),08/01/26 11:00:00,Daily,Average,National currency (former currencies of the euro area countries),Italian lira,1991-08-16,1536.30,,
ESTAT:ERT_H_EUR_D(1.0),08/01/26 11:00:00,Daily,Average,National currency (former currencies of the euro area countries),Italian lira,1991-08-19,1533.05,,
ESTAT:ERT_H_EUR_D(1.0),08/01/26 11:00:00,Daily,Average,National currency (former currencies of the euro area countries),Italian lira,1991-08-20,1532.08,,
ESTAT:ERT_H_EUR_D(1.0),08/01/26 11:00:00,Daily,Average,National currency (former currencies of the euro area countries),Italian lira,1991-08-21,1532.81,,
ESTAT:ERT_H_EUR_D(1.0),08/01/26 11:00:00,Daily,Average,National currency (former currencies of the euro area countries),Italian lira,1991-08-22,1534.88,,
ESTAT:ERT_H_EUR_D(1.0),08/01/26 11:00:00,Daily,Average,National currency (former currencies of the euro area countries),Italian lira,1991-08-23,1534.32,,
ESTAT:ERT_H_EUR_D(1.0),08/01/26 11:00:00,Daily,Average,National currency (former currencies of the euro area countries),Italian lira,1991-08-26,1532.85,,
ESTAT:ERT_H_EUR_D(1.0),08/01/26 11:00:00,Daily,Average,National currency (former currencies of the euro area countries),Italian lira,1991-08-27,1532.65,,
ESTAT:ERT_H_EUR_D(1.0),08/01/26 11:00:00,Daily,Average,National currency (former currencies of the euro area countries),Italian lira,1991-08-28,1532.53,,
ESTAT:ERT_H_EUR_D(1.0),08/01/26 11:00:00,Daily,Average,National currency (former currencies of the euro area countries),Italian lira,1991-08-29,1533.06,,
ESTAT:ERT_H_EUR_D(1.0),08/01/26 11:00:00,Daily,Average,National currency (former currencies of the euro area countries),Italian lira,1991-08-30,1532.58,,
ESTAT:ERT_H_EUR_D(1.0),08/01/26 11:00:00,Daily,Average,National currency (former currencies of the euro area countries),Italian lira,1991-09-02,1533.26,,
ESTAT:ERT_H_EUR_D(1.0),08/01/26 11:00:00,Daily,Average,National currency (former currencies of the euro area countries),Italian lira,1991-09-03,1532.67,,
ESTAT:ERT_H_EUR_D(1.0),08/01/26 11:00:00,Daily,Average,National currency (former currencies of the euro area countries),Italian lira,1991-09-04,1532.53,,
ESTAT:ERT_H_EUR_D(1.0),08/01/26 11:00:00,Daily,Average,National currency (former currencies of the euro area countries),Italian lira,1991-09-05,1532.18,,
ESTAT:ERT_H_EUR_D(1.0),08/01/26 11:00:00,Daily,Average,National currency (former currencies of the euro area countries),Italian lira,1991-09-06,1531.91,,
ESTAT:ERT_H_EUR_D(1.0),08/01/26 11:00:00,Daily,Average,National currency (former currencies of the euro area countries),Italian lira,1991-09-09,1533.90,,
ESTAT:ERT_H_EUR_D(1.0),08/01/26 11:00:00,Daily,Average,National currency (former currencies of the euro area countries),Italian lira,1991-09-10,1534.78,,
ESTAT:ERT_H_EUR_D(1.0),08/01/26 11:00:00,Daily,Average,National currency (former currencies of the euro area countries),Italian lira,1991-09-11,1534.70,,
ESTAT:ERT_H_EUR_D(1.0),08/01/26 11:00:00,Daily,Average,National currency (former currencies of the euro area countries),Italian lira,1991-09-12,1535.06,,
ESTAT:ERT_H_EUR_D(1.0),08/01/26 11:00:00,Daily,Average,National currency (former currencies of the euro area countries),Italian lira,1991-09-13,1534.28,,
ESTAT:ERT_H_EUR_D(1.0),08/01/26 11:00:00,Daily,Average,National currency (former currencies of the euro area countries),Italian lira,1991-09-16,1533.71,,
ESTAT:ERT_H_EUR_D(1.0),08/01/26 11:00:00,Daily,Average,National currency (former currencies of the euro area countries),Italian lira,1991-09-17,1532.96,,
ESTAT:ERT_H_EUR_D(1.0),08/01/26 11:00:00,Daily,Average,National currency (former currencies of the euro area countries),Italian lira,1991-09-18,1532.58,,
ESTAT:ERT_H_EUR_D(1.0),08/01/26 11:00:00,Daily,Average,National currency (former currencies of the euro area countries),Italian lira,1991-09-19,1533.23,,
ESTAT:ERT_H_EUR_D(1.0),08/01/26 11:00:00,Daily,Average,National currency (former currencies of the euro area countries),Italian lira,1991-09-20,1533.81,,
ESTAT:ERT_H_EUR_D(1.0),08/01/26 11:00:00,Daily,Average,National currency (former currencies of the euro area countries),Italian lira,1991-09-23,1533.34,,
ESTAT:ERT_H_EUR_D(1.0),08/01/26 11:00:00,Daily,Average,National currency (former currencies of the euro area countries),Italian lira,1991-09-24,1532.44,,
ESTAT:ERT_H_EUR_D(1.0),08/01/26 11:00:00,Daily,Average,National currency (former currencies of the euro area countries),Italian lira,1991-09-25,1531.25,,
ESTAT:ERT_H_EUR_D(1.0),08/01/26 11:00:00,Daily,Average,National currency (former currencies of the euro area countries),Italian lira,1991-09-26,1531.87,,
ESTAT:ERT_H_EUR_D(1.0),08/01/26 11:00:00,Daily,Average,National currency (former currencies of the euro area countries),Italian lira,1991-09-27,1531.02,,
ESTAT:ERT_H_EUR_D(1.0),08/01/26 11:00:00,Daily,Average,National currency (former currencies of the euro area countries),Italian lira,1991-09-30,1531.43,,
ESTAT:ERT_H_EUR_D(1.0),08/01/26 11:00:00,Daily,Average,National currency (former currencies of the euro area countries),Italian lira,1991-10-01,1532.22,,
ESTAT:ERT_H_EUR_D(1.0),08/01/26 11:00:00,Daily,Average,National currency (former currencies of the euro area countries),Italian lira,1991-10-02,1531.76,,
ESTAT:ERT_H_EUR_D(1.0),08/01/26 11:00:00,Daily,Average,National currency (former currencies of the euro area countries),Italian lira,1991-10-03,1532.02,,
ESTAT:ERT_H_EUR_D(1.0),08/01/26 11:00:00,Daily,Average,National currency (former currencies of the euro area countries),Italian lira,1991-10-04,1531.31,,
ESTAT:ERT_H_EUR_D(1.0),08/01/26 11:00:00,Daily,Average,National currency (former currencies of the euro area countries),Italian lira,1991-10-07,1530.63,,
ESTAT:ERT_H_EUR_D(1.0),08/01/26 11:00:00,Daily,Average,National currency (former currencies of the euro area countries),Italian lira,1991-10-08,1530.35,,
ESTAT:ERT_H_EUR_D(1.0),08/01/26 11:00:00,Daily,Average,National currency (former currencies of the euro area countries),Italian lira,1991-10-09,1529.72,,
ESTAT:ERT_H_EUR_D(1.0),08/01/26 11:00:00,Daily,Average,National currency (former currencies of the euro area countries),Italian lira,1991-10-10,1530.41,,
ESTAT:ERT_H_EUR_D(1.0),08/01/26 11:00:00,Daily,Average,National currency (former currencies of the euro area countries),Italian lira,1991-10-11,1530.66,,
ESTAT:ERT_H_EUR_D(1.0),08/01/26 11:00:00,Daily,Average,National currency (former currencies of the euro area countries),Italian lira,1991-10-14,1531.58,,
ESTAT:ERT_H_EUR_D(1.0),08/01/26 11:00:00,Daily,Average,National currency (former currencies of the euro area countries),Italian lira,1991-10-15,1531.45,,
ESTAT:ERT_H_EUR_D(1.0),08/01/26 11:00:00,Daily,Average,National currency (former currencies of the euro area countries),Italian lira,1991-10-16,1531.52,,
ESTAT:ERT_H_EUR_D(1.0),08/01/26 11:00:00,Daily,Average,National currency (former currencies of the euro area countries),Italian lira,1991-10-17,1531.62,,
ESTAT:ERT_H_EUR_D(1.0),08/01/26 11:00:00,Daily,Average,National currency (former currencies of the euro area countries),Italian lira,1991-10-18,1531.90,,
ESTAT:ERT_H_EUR_D(1.0),08/01/26 11:00:00,Daily,Average,National currency (former currencies of the euro area countries),Italian lira,1991-10-21,1531.10,,
ESTAT:ERT_H_EUR_D(1.0),08/01/26 11:00:00,Daily,Average,National currency (former currencies of the euro area countries),Italian lira,1991-10-22,1531.16,,
ESTAT:ERT_H_EUR_D(1.0),08/01/26 11:00:00,Daily,Average,National currency (former currencies of the euro area countries),Italian lira,1991-10-23,1530.55,,
ESTAT:ERT_H_EUR_D(1.0),08/01/26 11:00:00,Daily,Average,National currency (former currencies of the euro area countries),Italian lira,1991-10-24,1530.29,,
ESTAT:ERT_H_EUR_D(1.0),08/01/26 11:00:00,Daily,Average,National currency (former currencies of the euro area countries),Italian lira,1991-10-25,1530.13,,
ESTAT:ERT_H_EUR_D(1.0),08/01/26 11:00:00,Daily,Average,National currency (former currencies of the euro area countries),Italian lira,1991-10-28,1529.82,,
ESTAT:ERT_H_EUR_D(1.0),08/01/26 11:00:00,Daily,Average,National currency (former currencies of the euro area countries),Italian lira,1991-10-29,1530.67,,
ESTAT:ERT_H_EUR_D(1.0),08/01/26 11:00:00,Daily,Average,National currency (former currencies of the euro area countries),Italian lira,1991-10-30,1531.74,,
ESTAT:ERT_H_EUR_D(1.0),08/01/26 11:00:00,Daily,Average,National currency (former currencies of the euro area countries),Italian lira,1991-10-31,1532.81,,
ESTAT:ERT_H_EUR_D(1.0),08/01/26 11:00:00,Daily,Average,National currency (former currencies of the euro area countries),Italian lira,1991-11-01,1532.50,,
ESTAT:ERT_H_EUR_D(1.0),08/01/26 11:00:00,Daily,Average,National currency (former currencies of the euro area countries),Italian lira,1991-11-04,1533.17,,
ESTAT:ERT_H_EUR_D(1.0),08/01/26 11:00:00,Daily,Average,National currency (former currencies of the euro area countries),Italian lira,1991-11-05,1533.29,,
ESTAT:ERT_H_EUR_D(1.0),08/01/26 11:00:00,Daily,Average,National currency (former currencies of the euro area countries),Italian lira,1991-11-06,1533.22,,
ESTAT:ERT_H_EUR_D(1.0),08/01/26 11:00:00,Daily,Average,National currency (former currencies of the euro area countries),Italian lira,1991-11-07,1534.93,,
ESTAT:ERT_H_EUR_D(1.0),08/01/26 11:00:00,Daily,Average,National currency (former currencies of the euro area countries),Italian lira,1991-11-08,1536.12,,
ESTAT:ERT_H_EUR_D(1.0),08/01/26 11:00:00,Daily,Average,National currency (former currencies of the euro area countries),Italian lira,1991-11-11,1537.43,,
ESTAT:ERT_H_EUR_D(1.0),08/01/26 11:00:00,Daily,Average,National currency (former currencies of the euro area countries),Italian lira,1991-11-12,1539.84,,
ESTAT:ERT_H_EUR_D(1.0),08/01/26 11:00:00,Daily,Average,National currency (former currencies of the euro area countries),Italian lira,1991-11-13,1538.78,,
ESTAT:ERT_H_EUR_D(1.0),08/01/26 11:00:00,Daily,Average,National currency (former currencies of the euro area countries),Italian lira,1991-11-14,1539.50,,
ESTAT:ERT_H_EUR_D(1.0),08/01/26 11:00:00,Daily,Average,National currency (former currencies of the euro area countries),Italian lira,1991-11-15,1541.38,,
ESTAT:ERT_H_EUR_D(1.0),08/01/26 11:00:00,Daily,Average,National currency (former currencies of the euro area countries),Italian lira,1991-11-18,1542.01,,
ESTAT:ERT_H_EUR_D(1.0),08/01/26 11:00:00,Daily,Average,National currency (former currencies of the euro area countries),Italian lira,1991-11-19,1541.66,,
ESTAT:ERT_H_EUR_D(1.0),08/01/26 11:00:00,Daily,Average,National currency (former currencies of the euro area countries),Italian lira,1991-11-20,1541.30,,
ESTAT:ERT_H_EUR_D(1.0),08/01/26 11:00:00,Daily,Average,National currency (former currencies of the euro area countries),Italian lira,1991-11-21,1541.10,,
ESTAT:ERT_H_EUR_D(1.0),08/01/26 11:00:00,Daily,Average,National currency (former currencies of the euro area countries),Italian lira,1991-11-22,1540.61,,
ESTAT:ERT_H_EUR_D(1.0),08/01/26 11:00:00,Daily,Average,National currency (former currencies of the euro area countries),Italian lira,1991-11-25,1540.48,,
ESTAT:ERT_H_EUR_D(1.0),08/01/26 11:00:00,Daily,Average,National currency (former currencies of the euro area countries),Italian lira,1991-11-26,1540.03,,
ESTAT:ERT_H_EUR_D(1.0),08/01/26 11:00:00,Daily,Average,National currency (former currencies of the euro area countries),Italian lira,1991-11-27,1538.01,,
ESTAT:ERT_H_EUR_D(1.0),08/01/26 11:00:00,Daily,Average,National currency (former currencies of the euro area countries),Italian lira,1991-11-28,1537.15,,
ESTAT:ERT_H_EUR_D(1.0),08/01/26 11:00:00,Daily,Average,National currency (former currencies of the euro area countries),Italian lira,1991-11-29,1536.47,,
ESTAT:ERT_H_EUR_D(1.0),08/01/26 11:00:00,Daily,Average,National currency (former currencies of the euro area countries),Italian lira,1991-12-02,1538.06,,
ESTAT:ERT_H_EUR_D(1.0),08/01/26 11:00:00,Daily,Average,National currency (former currencies of the euro area countries),Italian lira,1991-12-03,1538.42,,
ESTAT:ERT_H_EUR_D(1.0),08/01/26 11:00:00,Daily,Average,National currency (former currencies of the euro area countries),Italian lira,1991-12-04,1538.67,,
ESTAT:ERT_H_EUR_D(1.0),08/01/26 11:00:00,Daily,Average,National currency (former currencies of the euro area countries),Italian lira,1991-12-05,1539.73,,
ESTAT:ERT_H_EUR_D(1.0),08/01/26 11:00:00,Daily,Average,National currency (former currencies of the euro area countries),Italian lira,1991-12-06,1539.43,,
ESTAT:ERT_H_EUR_D(1.0),08/01/26 11:00:00,Daily,Average,National currency (former currencies of the euro area countries),Italian lira,1991-12-09,1540.34,,
ESTAT:ERT_H_EUR_D(1.0),08/01/26 11:00:00,Daily,Average,National currency (former currencies of the euro area countries),Italian lira,1991-12-10,1539.98,,
ESTAT:ERT_H_EUR_D(1.0),08/01/26 11:00:00,Daily,Average,National currency (former currencies of the euro area countries),Italian lira,1991-12-11,1538.49,,
ESTAT:ERT_H_EUR_D(1.0),08/01/26 11:00:00,Daily,Average,National currency (former currencies of the euro area countries),Italian lira,1991-12-12,1538.26,,
ESTAT:ERT_H_EUR_D(1.0),08/01/26 11:00:00,Daily,Average,National currency (former currencies of the euro area countries),Italian lira,1991-12-13,1540.07,,
ESTAT:ERT_H_EUR_D(1.0),08/01/26 11:00:00,Daily,Average,National currency (former currencies of the euro area countries),Italian lira,1991-12-16,1539.82,,
ESTAT:ERT_H_EUR_D(1.0),08/01/26 11:00:00,Daily,Average,National currency (former currencies of the euro area countries),Italian lira,1991-12-17,1539.97,,
ESTAT:ERT_H_EUR_D(1.0),08/01/26 11:00:00,Daily,Average,National currency (former currencies of the euro area countries),Italian lira,1991-12-18,1540.40,,
ESTAT:ERT_H_EUR_D(1.0),08/01/26 11:00:00,Daily,Average,National currency (former currencies of the euro area countries),Italian lira,1991-12-19,1541.09,,
ESTAT:ERT_H_EUR_D(1.0),08/01/26 11:00:00,Daily,Average,National currency (former currencies of the euro area countries),Italian lira,1991-12-20,1542.18,,
ESTAT:ERT_H_EUR_D(1.0),08/01/26 11:00:00,Daily,Average,National currency (former currencies of the euro area countries),Italian lira,1991-12-23,1544.07,,
ESTAT:ERT_H_EUR_D(1.0),08/01/26 11:00:00,Daily,Average,National currency (former currencies of the euro area countries),Italian lira,1991-12-24,1543.34,,
ESTAT:ERT_H_EUR_D(1.0),08/01/26 11:00:00,Daily,Average,National currency (former currencies of the euro area countries),Italian lira,1991-12-27,1543.63,,
ESTAT:ERT_H_EUR_D(1.0),08/01/26 11:00:00,Daily,Average,National currency (former currencies of the euro area countries),Italian lira,1991-12-30,1542.83,,
ESTAT:ERT_H_EUR_D(1.0),08/01/26 11:00:00,Daily,Average,National currency (former currencies of the euro area countries),Italian lira,1991-12-31,1542.40,,
ESTAT:ERT_H_EUR_D(1.0),08/01/26 11:00:00,Daily,Average,National currency (former currencies of the euro area countries),Italian lira,1992-01-02,1540.93,,
ESTAT:ERT_H_EUR_D(1.0),08/01/26 11:00:00,Daily,Average,National currency (former currencies of the euro area countries),Italian lira,1992-01-03,1539.20,,
ESTAT:ERT_H_EUR_D(1.0),08/01/26 11:00:00,Daily,Average,National currency (former currencies of the euro area countries),Italian lira,1992-01-06,1538.72,,
ESTAT:ERT_H_EUR_D(1.0),08/01/26 11:00:00,Daily,Average,National currency (former currencies of the euro area countries),Italian lira,1992-01-07,1539.22,,
ESTAT:ERT_H_EUR_D(1.0),08/01/26 11:00:00,Daily,Average,National currency (former currencies of the euro area countries),Italian lira,1992-01-08,1539.85,,
ESTAT:ERT_H_EUR_D(1.0),08/01/26 11:00:00,Daily,Average,National currency (former currencies of the euro area countries),Italian lira,1992-01-09,1539.76,,
ESTAT:ERT_H_EUR_D(1.0),08/01/26 11:00:00,Daily,Average,National currency (former currencies of the euro area countries),Italian lira,1992-01-10,1538.54,,
ESTAT:ERT_H_EUR_D(1.0),08/01/26 11:00:00,Daily,Average,National currency (former currencies of the euro area countries),Italian lira,1992-01-13,1537.22,,
ESTAT:ERT_H_EUR_D(1.0),08/01/26 11:00:00,Daily,Average,National currency (former currencies of the euro area countries),Italian lira,1992-01-14,1538.25,,
ESTAT:ERT_H_EUR_D(1.0),08/01/26 11:00:00,Daily,Average,National currency (former currencies of the euro area countries),Italian lira,1992-01-15,1537.12,,
ESTAT:ERT_H_EUR_D(1.0),08/01/26 11:00:00,Daily,Average,National currency (former currencies of the euro area countries),Italian lira,1992-01-16,1536.40,,
ESTAT:ERT_H_EUR_D(1.0),08/01/26 11:00:00,Daily,Average,National currency (former currencies of the euro area countries),Italian lira,1992-01-17,1536.76,,
ESTAT:ERT_H_EUR_D(1.0),08/01/26 11:00:00,Daily,Average,National currency (former currencies of the euro area countries),Italian lira,1992-01-20,1537.09,,
ESTAT:ERT_H_EUR_D(1.0),08/01/26 11:00:00,Daily,Average,National currency (former currencies of the euro area countries),Italian lira,1992-01-21,1536.60,,
ESTAT:ERT_H_EUR_D(1.0),08/01/26 11:00:00,Daily,Average,National currency (former currencies of the euro area countries),Italian lira,1992-01-22,1536.65,,
ESTAT:ERT_H_EUR_D(1.0),08/01/26 11:00:00,Daily,Average,National currency (former currencies of the euro area countries),Italian lira,1992-01-23,1536.84,,
ESTAT:ERT_H_EUR_D(1.0),08/01/26 11:00:00,Daily,Average,National currency (former currencies of the euro area countries),Italian lira,1992-01-24,1536.93,,
ESTAT:ERT_H_EUR_D(1.0),08/01/26 11:00:00,Daily,Average,National currency (former currencies of the euro area countries),Italian lira,1992-01-27,1534.69,,
ESTAT:ERT_H_EUR_D(1.0),08/01/26 11:00:00,Daily,Average,National currency (former currencies of the euro area countries),Italian lira,1992-01-28,1534.95,,
ESTAT:ERT_H_EUR_D(1.0),08/01/26 11:00:00,Daily,Average,National currency (former currencies of the euro area countries),Italian lira,1992-01-29,1536.37,,
ESTAT:ERT_H_EUR_D(1.0),08/01/26 11:00:00,Daily,Average,National currency (former currencies of the euro area countries),Italian lira,1992-01-30,1535.37,,
ESTAT:ERT_H_EUR_D(1.0),08/01/26 11:00:00,Daily,Average,National currency (former currencies of the euro area countries),Italian lira,1992-01-31,1536.08,,
ESTAT:ERT_H_EUR_D(1.0),08/01/26 11:00:00,Daily,Average,National currency (former currencies of the euro area countries),Italian lira,1992-02-03,1535.02,,
ESTAT:ERT_H_EUR_D(1.0),08/01/26 11:00:00,Daily,Average,National currency (former currencies of the euro area countries),Italian lira,1992-02-04,1536.41,,
ESTAT:ERT_H_EUR_D(1.0),08/01/26 11:00:00,Daily,Average,National currency (former currencies of the euro area countries),Italian lira,1992-02-05,1536.81,,
ESTAT:ERT_H_EUR_D(1.0),08/01/26 11:00:00,Daily,Average,National currency (former currencies of the euro area countries),Italian lira,1992-02-06,1537.44,,
ESTAT:ERT_H_EUR_D(1.0),08/01/26 11:00:00,Daily,Average,National currency (former currencies of the euro area countries),Italian lira,1992-02-07,1538.00,,
ESTAT:ERT_H_EUR_D(1.0),08/01/26 11:00:00,Daily,Average,National currency (former currencies of the euro area countries),Italian lira,1992-02-10,1538.23,,
ESTAT:ERT_H_EUR_D(1.0),08/01/26 11:00:00,Daily,Average,National currency (former currencies of the euro area countries),Italian lira,1992-02-11,1537.49,,
ESTAT:ERT_H_EUR_D(1.0),08/01/26 11:00:00,Daily,Average,National currency (former currencies of the euro area countries),Italian lira,1992-02-12,1536.44,,
ESTAT:ERT_H_EUR_D(1.0),08/01/26 11:00:00,Daily,Average,National currency (former currencies of the euro area countries),Italian lira,1992-02-13,1535.64,,
ESTAT:ERT_H_EUR_D(1.0),08/01/26 11:00:00,Daily,Average,National currency (former currencies of the euro area countries),Italian lira,1992-02-14,1535.51,,
ESTAT:ERT_H_EUR_D(1.0),08/01/26 11:00:00,Daily,Average,National currency (former currencies of the euro area countries),Italian lira,1992-02-17,1535.50,,
ESTAT:ERT_H_EUR_D(1.0),08/01/26 11:00:00,Daily,Average,National currency (former currencies of the euro area countries),Italian lira,1992-02-18,1535.65,,
ESTAT:ERT_H_EUR_D(1.0),08/01/26 11:00:00,Daily,Average,National currency (former currencies of the euro area countries),Italian lira,1992-02-19,1534.89,,
ESTAT:ERT_H_EUR_D(1.0),08/01/26 11:00:00,Daily,Average,National currency (former currencies of the euro area countries),Italian lira,1992-02-20,1534.97,,
ESTAT:ERT_H_EUR_D(1.0),08/01/26 11:00:00,Daily,Average,National currency (former currencies of the euro area countries),Italian lira,1992-02-21,1534.68,,
ESTAT:ERT_H_EUR_D(1.0),08/01/26 11:00:00,Daily,Average,National currency (former currencies of the euro area countries),Italian lira,1992-02-24,1534.94,,
ESTAT:ERT_H_EUR_D(1.0),08/01/26 11:00:00,Daily,Average,National currency (former currencies of the euro area countries),Italian lira,1992-02-25,1535.45,,
ESTAT:ERT_H_EUR_D(1.0),08/01/26 11:00:00,Daily,Average,National currency (former currencies of the euro area countries),Italian lira,1992-02-26,1535.44,,
ESTAT:ERT_H_EUR_D(1.0),08/01/26 11:00:00,Daily,Average,National currency (former currencies of the euro area countries),Italian lira,1992-02-27,1535.35,,
ESTAT:ERT_H_EUR_D(1.0),08/01/26 11:00:00,Daily,Average,National currency (former currencies of the euro area countries),Italian lira,1992-02-28,1535.86,,
ESTAT:ERT_H_EUR_D(1.0),08/01/26 11:00:00,Daily,Average,National currency (former currencies of the euro area countries),Italian lira,1992-03-02,1534.63,,
ESTAT:ERT_H_EUR_D(1.0),08/01/26 11:00:00,Daily,Average,National currency (former currencies of the euro area countries),Italian lira,1992-03-03,1533.97,,
ESTAT:ERT_H_EUR_D(1.0),08/01/26 11:00:00,Daily,Average,National currency (former currencies of the euro area countries),Italian lira,1992-03-04,1533.20,,
ESTAT:ERT_H_EUR_D(1.0),08/01/26 11:00:00,Daily,Average,National currency (former currencies of the euro area countries),Italian lira,1992-03-05,1532.76,,
ESTAT:ERT_H_EUR_D(1.0),08/01/26 11:00:00,Daily,Average,National currency (former currencies of the euro area countries),Italian lira,1992-03-06,1532.64,,
ESTAT:ERT_H_EUR_D(1.0),08/01/26 11:00:00,Daily,Average,National currency (former currencies of the euro area countries),Italian lira,1992-03-09,1532.76,,
ESTAT:ERT_H_EUR_D(1.0),08/01/26 11:00:00,Daily,Average,National currency (former currencies of the euro area countries),Italian lira,1992-03-10,1532.82,,
ESTAT:ERT_H_EUR_D(1.0),08/01/26 11:00:00,Daily,Average,National currency (former currencies of the euro area countries),Italian lira,1992-03-11,1532.34,,
ESTAT:ERT_H_EUR_D(1.0),08/01/26 11:00:00,Daily,Average,National currency (former currencies of the euro area countries),Italian lira,1992-03-12,1532.12,,
ESTAT:ERT_H_EUR_D(1.0),08/01/26 11:00:00,Daily,Average,National currency (former currencies of the euro area countries),Italian lira,1992-03-13,1531.79,,
ESTAT:ERT_H_EUR_D(1.0),08/01/26 11:00:00,Daily,Average,National currency (former currencies of the euro area countries),Italian lira,1992-03-16,1536.08,,
ESTAT:ERT_H_EUR_D(1.0),08/01/26 11:00:00,Daily,Average,National currency (former currencies of the euro area countries),Italian lira,1992-03-17,1537.60,,
ESTAT:ERT_H_EUR_D(1.0),08/01/26 11:00:00,Daily,Average,National currency (former currencies of the euro area countries),Italian lira,1992-03-18,1536.32,,
ESTAT:ERT_H_EUR_D(1.0),08/01/26 11:00:00,Daily,Average,National currency (former currencies of the euro area countries),Italian lira,1992-03-19,1537.46,,
ESTAT:ERT_H_EUR_D(1.0),08/01/26 11:00:00,Daily,Average,National currency (former currencies of the euro area countries),Italian lira,1992-03-20,1535.77,,
ESTAT:ERT_H_EUR_D(1.0),08/01/26 11:00:00,Daily,Average,National currency (former currencies of the euro area countries),Italian lira,1992-03-23,1536.27,,
ESTAT:ERT_H_EUR_D(1.0),08/01/26 11:00:00,Daily,Average,National currency (former currencies of the euro area countries),Italian lira,1992-03-24,1536.71,,
ESTAT:ERT_H_EUR_D(1.0),08/01/26 11:00:00,Daily,Average,National currency (former currencies of the euro area countries),Italian lira,1992-03-25,1538.71,,
ESTAT:ERT_H_EUR_D(1.0),08/01/26 11:00:00,Daily,Average,National currency (former currencies of the euro area countries),Italian lira,1992-03-26,1540.48,,
ESTAT:ERT_H_EUR_D(1.0),08/01/26 11:00:00,Daily,Average,National currency (former currencies of the euro area countries),Italian lira,1992-03-27,1539.64,,
ESTAT:ERT_H_EUR_D(1.0),08/01/26 11:00:00,Daily,Average,National currency (former currencies of the euro area countries),Italian lira,1992-03-30,1540.77,,
ESTAT:ERT_H_EUR_D(1.0),08/01/26 11:00:00,Daily,Average,National currency (former currencies of the euro area countries),Italian lira,1992-03-31,1541.37,,
ESTAT:ERT_H_EUR_D(1.0),08/01/26 11:00:00,Daily,Average,National currency (former currencies of the euro area countries),Italian lira,1992-04-01,1539.48,,
ESTAT:ERT_H_EUR_D(1.0),08/01/26 11:00:00,Daily,Average,National currency (former currencies of the euro area countries),Italian lira,1992-04-02,1540.71,,
ESTAT:ERT_H_EUR_D(1.0),08/01/26 11:00:00,Daily,Average,National currency (former currencies of the euro area countries),Italian lira,1992-04-03,1541.09,,
ESTAT:ERT_H_EUR_D(1.0),08/01/26 11:00:00,Daily,Average,National currency (former currencies of the euro area countries),Italian lira,1992-04-06,1541.85,,
ESTAT:ERT_H_EUR_D(1.0),08/01/26 11:00:00,Daily,Average,National currency (former currencies of the euro area countries),Italian lira,1992-04-07,1540.64,,
ESTAT:ERT_H_EUR_D(1.0),08/01/26 11:00:00,Daily,Average,National currency (former currencies of the euro area countries),Italian lira,1992-04-08,1540.24,,
ESTAT:ERT_H_EUR_D(1.0),08/01/26 11:00:00,Daily,Average,National currency (former currencies of the euro area countries),Italian lira,1992-04-09,1540.59,,
ESTAT:ERT_H_EUR_D(1.0),08/01/26 11:00:00,Daily,Average,National currency (former currencies of the euro area countries),Italian lira,1992-04-10,1541.34,,
ESTAT:ERT_H_EUR_D(1.0),08/01/26 11:00:00,Daily,Average,National currency (former currencies of the euro area countries),Italian lira,1992-04-13,1542.21,,
ESTAT:ERT_H_EUR_D(1.0),08/01/26 11:00:00,Daily,Average,National currency (former currencies of the euro area countries),Italian lira,1992-04-14,1541.31,,
ESTAT:ERT_H_EUR_D(1.0),08/01/26 11:00:00,Daily,Average,National currency (former currencies of the euro area countries),Italian lira,1992-04-15,1541.71,,
ESTAT:ERT_H_EUR_D(1.0),08/01/26 11:00:00,Daily,Average,National currency (former currencies of the euro area countries),Italian lira,1992-04-16,1541.58,,
ESTAT:ERT_H_EUR_D(1.0),08/01/26 11:00:00,Daily,Average,National currency (former currencies of the euro area countries),Italian lira,1992-04-21,1541.40,,
ESTAT:ERT_H_EUR_D(1.0),08/01/26 11:00:00,Daily,Average,National currency (former currencies of the euro area countries),Italian lira,1992-04-22,1541.01,,
ESTAT:ERT_H_EUR_D(1.0),08/01/26 11:00:00,Daily,Average,National currency (former currencies of the euro area countries),Italian lira,1992-04-23,1543.40,,
ESTAT:ERT_H_EUR_D(1.0),08/01/26 11:00:00,Daily,Average,National currency (former currencies of the euro area countries),Italian lira,1992-04-24,1544.78,,
ESTAT:ERT_H_EUR_D(1.0),08/01/26 11:00:00,Daily,Average,National currency (former currencies of the euro area countries),Italian lira,1992-04-27,1544.54,,
ESTAT:ERT_H_EUR_D(1.0),08/01/26 11:00:00,Daily,Average,National currency (former currencies of the euro area countries),Italian lira,1992-04-28,1543.73,,
ESTAT:ERT_H_EUR_D(1.0),08/01/26 11:00:00,Daily,Average,National currency (former currencies of the euro area countries),Italian lira,1992-04-29,1544.24,,
ESTAT:ERT_H_EUR_D(1.0),08/01/26 11:00:00,Daily,Average,National currency (former currencies of the euro area countries),Italian lira,1992-04-30,1543.17,,
ESTAT:ERT_H_EUR_D(1.0),08/01/26 11:00:00,Daily,Average,National currency (former currencies of the euro area countries),Italian lira,1992-05-04,1542.52,,
ESTAT:ERT_H_EUR_D(1.0),08/01/26 11:00:00,Daily,Average,National currency (former currencies of the euro area countries),Italian lira,1992-05-05,1542.09,,
ESTAT:ERT_H_EUR_D(1.0),08/01/26 11:00:00,Daily,Average,National currency (former currencies of the euro area countries),Italian lira,1992-05-06,1544.59,,
ESTAT:ERT_H_EUR_D(1.0),08/01/26 11:00:00,Daily,Average,National currency (former currencies of the euro area countries),Italian lira,1992-05-07,1545.29,,
ESTAT:ERT_H_EUR_D(1.0),08/01/26 11:00:00,Daily,Average,National currency (former currencies of the euro area countries),Italian lira,1992-05-08,1547.23,,
ESTAT:ERT_H_EUR_D(1.0),08/01/26 11:00:00,Daily,Average,National currency (former currencies of the euro area countries),Italian lira,1992-05-11,1547.76,,
ESTAT:ERT_H_EUR_D(1.0),08/01/26 11:00:00,Daily,Average,National currency (former currencies of the euro area countries),Italian lira,1992-05-12,1547.76,,
ESTAT:ERT_H_EUR_D(1.0),08/01/26 11:00:00,Daily,Average,National currency (former currencies of the euro area countries),Italian lira,1992-05-13,1547.65,,
ESTAT:ERT_H_EUR_D(1.0),08/01/26 11:00:00,Daily,Average,National currency (former currencies of the euro area countries),Italian lira,1992-05-14,1547.79,,
ESTAT:ERT_H_EUR_D(1.0),08/01/26 11:00:00,Daily,Average,National currency (former currencies of the euro area countries),Italian lira,1992-05-15,1547.37,,
ESTAT:ERT_H_EUR_D(1.0),08/01/26 11:00:00,Daily,Average,National currency (former currencies of the euro area countries),Italian lira,1992-05-18,1547.32,,
ESTAT:ERT_H_EUR_D(1.0),08/01/26 11:00:00,Daily,Average,National currency (former currencies of the euro area countries),Italian lira,1992-05-19,1545.89,,
ESTAT:ERT_H_EUR_D(1.0),08/01/26 11:00:00,Daily,Average,National currency (former currencies of the euro area countries),Italian lira,1992-05-20,1546.00,,
ESTAT:ERT_H_EUR_D(1.0),08/01/26 11:00:00,Daily,Average,National currency (former currencies of the euro area countries),Italian lira,1992-05-21,1548.22,,
ESTAT:ERT_H_EUR_D(1.0),08/01/26 11:00:00,Daily,Average,National currency (former currencies of the euro area countries),Italian lira,1992-05-22,1547.73,,
ESTAT:ERT_H_EUR_D(1.0),08/01/26 11:00:00,Daily,Average,National currency (former currencies of the euro area countries),Italian lira,1992-05-25,1549.00,,
ESTAT:ERT_H_EUR_D(1.0),08/01/26 11:00:00,Daily,Average,National currency (former currencies of the euro area countries),Italian lira,1992-05-26,1548.99,,
ESTAT:ERT_H_EUR_D(1.0),08/01/26 11:00:00,Daily,Average,National currency (former currencies of the euro area countries),Italian lira,1992-05-27,1548.81,,
ESTAT:ERT_H_EUR_D(1.0),08/01/26 11:00:00,Daily,Average,National currency (former currencies of the euro area countries),Italian lira,1992-05-29,1548.53,,
ESTAT:ERT_H_EUR_D(1.0),08/01/26 11:00:00,Daily,Average,National currency (former currencies of the euro area countries),Italian lira,1992-06-01,1547.97,,
ESTAT:ERT_H_EUR_D(1.0),08/01/26 11:00:00,Daily,Average,National currency (former currencies of the euro area countries),Italian lira,1992-06-02,1548.34,,
ESTAT:ERT_H_EUR_D(1.0),08/01/26 11:00:00,Daily,Average,National currency (former currencies of the euro area countries),Italian lira,1992-06-03,1550.06,,
ESTAT:ERT_H_EUR_D(1.0),08/01/26 11:00:00,Daily,Average,National currency (former currencies of the euro area countries),Italian lira,1992-06-04,1550.83,,
ESTAT:ERT_H_EUR_D(1.0),08/01/26 11:00:00,Daily,Average,National currency (former currencies of the euro area countries),Italian lira,1992-06-05,1551.14,,
ESTAT:ERT_H_EUR_D(1.0),08/01/26 11:00:00,Daily,Average,National currency (former currencies of the euro area countries),Italian lira,1992-06-09,1551.80,,
ESTAT:ERT_H_EUR_D(1.0),08/01/26 11:00:00,Daily,Average,National currency (former currencies of the euro area countries),Italian lira,1992-06-10,1551.26,,
ESTAT:ERT_H_EUR_D(1.0),08/01/26 11:00:00,Daily,Average,National currency (former currencies of the euro area countries),Italian lira,1992-06-11,1551.84,,
ESTAT:ERT_H_EUR_D(1.0),08/01/26 11:00:00,Daily,Average,National currency (former currencies of the euro area countries),Italian lira,1992-06-12,1551.81,,
ESTAT:ERT_H_EUR_D(1.0),08/01/26 11:00:00,Daily,Average,National currency (former currencies of the euro area countries),Italian lira,1992-06-15,1552.60,,
ESTAT:ERT_H_EUR_D(1.0),08/01/26 11:00:00,Daily,Average,National currency (former currencies of the euro area countries),Italian lira,1992-06-16,1552.00,,
ESTAT:ERT_H_EUR_D(1.0),08/01/26 11:00:00,Daily,Average,National currency (former currencies of the euro area countries),Italian lira,1992-06-17,1551.50,,
ESTAT:ERT_H_EUR_D(1.0),08/01/26 11:00:00,Daily,Average,National currency (former currencies of the euro area countries),Italian lira,1992-06-18,1553.87,,
ESTAT:ERT_H_EUR_D(1.0),08/01/26 11:00:00,Daily,Average,National currency (former currencies of the euro area countries),Italian lira,1992-06-19,1552.36,,
ESTAT:ERT_H_EUR_D(1.0),08/01/26 11:00:00,Daily,Average,National currency (former currencies of the euro area countries),Italian lira,1992-06-22,1550.51,,
ESTAT:ERT_H_EUR_D(1.0),08/01/26 11:00:00,Daily,Average,National currency (former currencies of the euro area countries),Italian lira,1992-06-23,1550.74,,
ESTAT:ERT_H_EUR_D(1.0),08/01/26 11:00:00,Daily,Average,National currency (former currencies of the euro area countries),Italian lira,1992-06-24,1552.70,,
ESTAT:ERT_H_EUR_D(1.0),08/01/26 11:00:00,Daily,Average,National currency (former currencies of the euro area countries),Italian lira,1992-06-25,1551.28,,
ESTAT:ERT_H_EUR_D(1.0),08/01/26 11:00:00,Daily,Average,National currency (former currencies of the euro area countries),Italian lira,1992-06-26,1550.55,,
ESTAT:ERT_H_EUR_D(1.0),08/01/26 11:00:00,Daily,Average,National currency (former currencies of the euro area countries),Italian lira,1992-06-29,1550.53,,
ESTAT:ERT_H_EUR_D(1.0),08/01/26 11:00:00,Daily,Average,National currency (former currencies of the euro area countries),Italian lira,1992-06-30,1550.13,,
ESTAT:ERT_H_EUR_D(1.0),08/01/26 11:00:00,Daily,Average,National currency (former currencies of the euro area countries),Italian lira,1992-07-01,1550.06,,
ESTAT:ERT_H_EUR_D(1.0),08/01/26 11:00:00,Daily,Average,National currency (former currencies of the euro area countries),Italian lira,1992-07-02,1552.60,,
ESTAT:ERT_H_EUR_D(1.0),08/01/26 11:00:00,Daily,Average,National currency (former currencies of the euro area countries),Italian lira,1992-07-03,1552.64,,
ESTAT:ERT_H_EUR_D(1.0),08/01/26 11:00:00,Daily,Average,National currency (former currencies of the euro area countries),Italian lira,1992-07-06,1549.65,,
ESTAT:ERT_H_EUR_D(1.0),08/01/26 11:00:00,Daily,Average,National currency (former currencies of the euro area countries),Italian lira,1992-07-07,1547.01,,
ESTAT:ERT_H_EUR_D(1.0),08/01/26 11:00:00,Daily,Average,National currency (former currencies of the euro area countries),Italian lira,1992-07-08,1545.73,,
ESTAT:ERT_H_EUR_D(1.0),08/01/26 11:00:00,Daily,Average,National currency (former currencies of the euro area countries),Italian lira,1992-07-09,1546.51,,
ESTAT:ERT_H_EUR_D(1.0),08/01/26 11:00:00,Daily,Average,National currency (former currencies of the euro area countries),Italian lira,1992-07-10,1549.27,,
ESTAT:ERT_H_EUR_D(1.0),08/01/26 11:00:00,Daily,Average,National currency (former currencies of the euro area countries),Italian lira,1992-07-13,1546.24,,
ESTAT:ERT_H_EUR_D(1.0),08/01/26 11:00:00,Daily,Average,National currency (former currencies of the euro area countries),Italian lira,1992-07-14,1546.40,,
ESTAT:ERT_H_EUR_D(1.0),08/01/26 11:00:00,Daily,Average,National currency (former currencies of the euro area countries),Italian lira,1992-07-15,1548.03,,
ESTAT:ERT_H_EUR_D(1.0),08/01/26 11:00:00,Daily,Average,National currency (former currencies of the euro area countries),Italian lira,1992-07-16,1550.62,,
ESTAT:ERT_H_EUR_D(1.0),08/01/26 11:00:00,Daily,Average,National currency (former currencies of the euro area countries),Italian lira,1992-07-17,1549.50,,
ESTAT:ERT_H_EUR_D(1.0),08/01/26 11:00:00,Daily,Average,National currency (former currencies of the euro area countries),Italian lira,1992-07-20,1551.33,,
ESTAT:ERT_H_EUR_D(1.0),08/01/26 11:00:00,Daily,Average,National currency (former currencies of the euro area countries),Italian lira,1992-07-21,1551.38,,
ESTAT:ERT_H_EUR_D(1.0),08/01/26 11:00:00,Daily,Average,National currency (former currencies of the euro area countries),Italian lira,1992-07-22,1548.88,,
ESTAT:ERT_H_EUR_D(1.0),08/01/26 11:00:00,Daily,Average,National currency (former currencies of the euro area countries),Italian lira,1992-07-23,1546.98,,
ESTAT:ERT_H_EUR_D(1.0),08/01/26 11:00:00,Daily,Average,National currency (former currencies of the euro area countries),Italian lira,1992-07-24,1547.72,,
ESTAT:ERT_H_EUR_D(1.0),08/01/26 11:00:00,Daily,Average,National currency (former currencies of the euro area countries),Italian lira,1992-07-27,1544.49,,
ESTAT:ERT_H_EUR_D(1.0),08/01/26 11:00:00,Daily,Average,National currency (former currencies of the euro area countries),Italian lira,1992-07-28,1544.85,,
ESTAT:ERT_H_EUR_D(1.0),08/01/26 11:00:00,Daily,Average,National currency (former currencies of the euro area countries),Italian lira,1992-07-29,1542.97,,
ESTAT:ERT_H_EUR_D(1.0),08/01/26 11:00:00,Daily,Average,National currency (former currencies of the euro area countries),Italian lira,1992-07-30,1544.31,,
ESTAT:ERT_H_EUR_D(1.0),08/01/26 11:00:00,Daily,Average,National currency (former currencies of the euro area countries),Italian lira,1992-07-31,1543.58,,
ESTAT:ERT_H_EUR_D(1.0),08/01/26 11:00:00,Daily,Average,National currency (former currencies of the euro area countries),Italian lira,1992-08-03,1541.57,,
ESTAT:ERT_H_EUR_D(1.0),08/01/26 11:00:00,Daily,Average,National currency (former currencies of the euro area countries),Italian lira,1992-08-04,1542.44,,
ESTAT:ERT_H_EUR_D(1.0),08/01/26 11:00:00,Daily,Average,National currency (former currencies of the euro area countries),Italian lira,1992-08-05,1542.11,,
ESTAT:ERT_H_EUR_D(1.0),08/01/26 11:00:00,Daily,Average,National currency (former currencies of the euro area countries),Italian lira,1992-08-06,1542.13,,
ESTAT:ERT_H_EUR_D(1.0),08/01/26 11:00:00,Daily,Average,National currency (former currencies of the euro area countries),Italian lira,1992-08-07,1543.62,,
ESTAT:ERT_H_EUR_D(1.0),08/01/26 11:00:00,Daily,Average,National currency (former currencies of the euro area countries),Italian lira,1992-08-10,1542.87,,
ESTAT:ERT_H_EUR_D(1.0),08/01/26 11:00:00,Daily,Average,National currency (former currencies of the euro area countries),Italian lira,1992-08-11,1542.66,,
ESTAT:ERT_H_EUR_D(1.0),08/01/26 11:00:00,Daily,Average,National currency (former currencies of the euro area countries),Italian lira,1992-08-12,1542.80,,
ESTAT:ERT_H_EUR_D(1.0),08/01/26 11:00:00,Daily,Average,National currency (former currencies of the euro area countries),Italian lira,1992-08-13,1545.50,,
ESTAT:ERT_H_EUR_D(1.0),08/01/26 11:00:00,Daily,Average,National currency (former currencies of the euro area countries),Italian lira,1992-08-14,1546.15,,
ESTAT:ERT_H_EUR_D(1.0),08/01/26 11:00:00,Daily,Average,National currency (former currencies of the euro area countries),Italian lira,1992-08-17,1545.55,,
ESTAT:ERT_H_EUR_D(1.0),08/01/26 11:00:00,Daily,Average,National currency (former currencies of the euro area countries),Italian lira,1992-08-18,1545.07,,
ESTAT:ERT_H_EUR_D(1.0),08/01/26 11:00:00,Daily,Average,National currency (former currencies of the euro area countries),Italian lira,1992-08-19,1544.56,,
ESTAT:ERT_H_EUR_D(1.0),08/01/26 11:00:00,Daily,Average,National currency (former currencies of the euro area countries),Italian lira,1992-08-20,1545.84,,
ESTAT:ERT_H_EUR_D(1.0),08/01/26 11:00:00,Daily,Average,National currency (former currencies of the euro area countries),Italian lira,1992-08-21,1546.38,,
ESTAT:ERT_H_EUR_D(1.0),08/01/26 11:00:00,Daily,Average,National currency (former currencies of the euro area countries),Italian lira,1992-08-24,1547.51,,
ESTAT:ERT_H_EUR_D(1.0),08/01/26 11:00:00,Daily,Average,National currency (former currencies of the euro area countries),Italian lira,1992-08-25,1549.05,,
ESTAT:ERT_H_EUR_D(1.0),08/01/26 11:00:00,Daily,Average,National currency (former currencies of the euro area countries),Italian lira,1992-08-26,1548.84,,
ESTAT:ERT_H_EUR_D(1.0),08/01/26 11:00:00,Daily,Average,National currency (former currencies of the euro area countries),Italian lira,1992-08-27,1549.73,,
ESTAT:ERT_H_EUR_D(1.0),08/01/26 11:00:00,Daily,Average,National currency (former currencies of the euro area countries),Italian lira,1992-08-28,1550.45,,
ESTAT:ERT_H_EUR_D(1.0),08/01/26 11:00:00,Daily,Average,National currency (former currencies of the euro area countries),Italian lira,1992-08-31,1549.18,,
ESTAT:ERT_H_EUR_D(1.0),08/01/26 11:00:00,Daily,Average,National currency (former currencies of the euro area countries),Italian lira,1992-09-01,1550.09,,
ESTAT:ERT_H_EUR_D(1.0),08/01/26 11:00:00,Daily,Average,National currency (former currencies of the euro area countries),Italian lira,1992-09-02,1549.86,,
ESTAT:ERT_H_EUR_D(1.0),08/01/26 11:00:00,Daily,Average,National currency (former currencies of the euro area countries),Italian lira,1992-09-03,1550.76,,
ESTAT:ERT_H_EUR_D(1.0),08/01/26 11:00:00,Daily,Average,National currency (former currencies of the euro area countries),Italian lira,1992-09-04,1554.04,,
ESTAT:ERT_H_EUR_D(1.0),08/01/26 11:00:00,Daily,Average,National currency (former currencies of the euro area countries),Italian lira,1992-09-07,1549.82,,
ESTAT:ERT_H_EUR_D(1.0),08/01/26 11:00:00,Daily,Average,National currency (former currencies of the euro area countries),Italian lira,1992-09-08,1549.47,,
ESTAT:ERT_H_EUR_D(1.0),08/01/26 11:00:00,Daily,Average,National currency (former currencies of the euro area countries),Italian lira,1992-09-09,1549.83,,
ESTAT:ERT_H_EUR_D(1.0),08/01/26 11:00:00,Daily,Average,National currency (former currencies of the euro area countries),Italian lira,1992-09-10,1551.07,,
ESTAT:ERT_H_EUR_D(1.0),08/01/26 11:00:00,Daily,Average,National currency (former currencies of the euro area countries),Italian lira,1992-09-11,1551.62,,
ESTAT:ERT_H_EUR_D(1.0),08/01/26 11:00:00,Daily,Average,National currency (former currencies of the euro area countries),Italian lira,1992-09-14,1606.41,,
ESTAT:ERT_H_EUR_D(1.0),08/01/26 11:00:00,Daily,Average,National currency (former currencies of the euro area countries),Italian lira,1992-09-15,1620.89,,
ESTAT:ERT_H_EUR_D(1.0),08/01/26 11:00:00,Daily,Average,National currency (former currencies of the euro area countries),Italian lira,1992-09-16,1638.10,,
ESTAT:ERT_H_EUR_D(1.0),08/01/26 11:00:00,Daily,Average,National currency (former currencies of the euro area countries),Italian lira,1992-09-17,1673.71,,
ESTAT:ERT_H_EUR_D(1.0),08/01/26 11:00:00,Daily,Average,National currency (former currencies of the euro area countries),Italian lira,1992-09-18,1673.31,,
ESTAT:ERT_H_EUR_D(1.0),08/01/26 11:00:00,Daily,Average,National currency (former currencies of the euro area countries),Italian lira,1992-09-21,1660.30,,
ESTAT:ERT_H_EUR_D(1.0),08/01/26 11:00:00,Daily,Average,National currency (former currencies of the euro area countries),Italian lira,1992-09-22,1664.32,,
ESTAT:ERT_H_EUR_D(1.0),08/01/26 11:00:00,Daily,Average,National currency (former currencies of the euro area countries),Italian lira,1992-09-23,1669.43,,
ESTAT:ERT_H_EUR_D(1.0),08/01/26 11:00:00,Daily,Average,National currency (former currencies of the euro area countries),Italian lira,1992-09-24,1667.55,,
ESTAT:ERT_H_EUR_D(1.0),08/01/26 11:00:00,Daily,Average,National currency (former currencies of the euro area countries),Italian lira,1992-09-25,1665.74,,
ESTAT:ERT_H_EUR_D(1.0),08/01/26 11:00:00,Daily,Average,National currency (former currencies of the euro area countries),Italian lira,1992-09-28,1668.28,,
ESTAT:ERT_H_EUR_D(1.0),08/01/26 11:00:00,Daily,Average,National currency (former currencies of the euro area countries),Italian lira,1992-09-29,1673.23,,
ESTAT:ERT_H_EUR_D(1.0),08/01/26 11:00:00,Daily,Average,National currency (former currencies of the euro area countries),Italian lira,1992-09-30,1730.69,,
ESTAT:ERT_H_EUR_D(1.0),08/01/26 11:00:00,Daily,Average,National currency (former currencies of the euro area countries),Italian lira,1992-10-01,1729.67,,
ESTAT:ERT_H_EUR_D(1.0),08/01/26 11:00:00,Daily,Average,National currency (former currencies of the euro area countries),Italian lira,1992-10-02,1727.36,,
ESTAT:ERT_H_EUR_D(1.0),08/01/26 11:00:00,Daily,Average,National currency (former currencies of the euro area countries),Italian lira,1992-10-05,1801.82,,
ESTAT:ERT_H_EUR_D(1.0),08/01/26 11:00:00,Daily,Average,National currency (former currencies of the euro area countries),Italian lira,1992-10-06,1810.29,,
ESTAT:ERT_H_EUR_D(1.0),08/01/26 11:00:00,Daily,Average,National currency (former currencies of the euro area countries),Italian lira,1992-10-07,1810.87,,
ESTAT:ERT_H_EUR_D(1.0),08/01/26 11:00:00,Daily,Average,National currency (former currencies of the euro area countries),Italian lira,1992-10-08,1746.31,,
ESTAT:ERT_H_EUR_D(1.0),08/01/26 11:00:00,Daily,Average,National currency (former currencies of the euro area countries),Italian lira,1992-10-09,1728.08,,
ESTAT:ERT_H_EUR_D(1.0),08/01/26 11:00:00,Daily,Average,National currency (former currencies of the euro area countries),Italian lira,1992-10-12,1735.71,,
ESTAT:ERT_H_EUR_D(1.0),08/01/26 11:00:00,Daily,Average,National currency (former currencies of the euro area countries),Italian lira,1992-10-13,1729.83,,
ESTAT:ERT_H_EUR_D(1.0),08/01/26 11:00:00,Daily,Average,National currency (former currencies of the euro area countries),Italian lira,1992-10-14,1739.31,,
ESTAT:ERT_H_EUR_D(1.0),08/01/26 11:00:00,Daily,Average,National currency (former currencies of the euro area countries),Italian lira,1992-10-15,1736.32,,
ESTAT:ERT_H_EUR_D(1.0),08/01/26 11:00:00,Daily,Average,National currency (former currencies of the euro area countries),Italian lira,1992-10-16,1724.46,,
ESTAT:ERT_H_EUR_D(1.0),08/01/26 11:00:00,Daily,Average,National currency (former currencies of the euro area countries),Italian lira,1992-10-19,1716.57,,
ESTAT:ERT_H_EUR_D(1.0),08/01/26 11:00:00,Daily,Average,National currency (former currencies of the euro area countries),Italian lira,1992-10-20,1723.08,,
ESTAT:ERT_H_EUR_D(1.0),08/01/26 11:00:00,Daily,Average,National currency (former currencies of the euro area countries),Italian lira,1992-10-21,1728.06,,
ESTAT:ERT_H_EUR_D(1.0),08/01/26 11:00:00,Daily,Average,National currency (former currencies of the euro area countries),Italian lira,1992-10-22,1720.26,,
ESTAT:ERT_H_EUR_D(1.0),08/01/26 11:00:00,Daily,Average,National currency (former currencies of the euro area countries),Italian lira,1992-10-23,1722.51,,
ESTAT:ERT_H_EUR_D(1.0),08/01/26 11:00:00,Daily,Average,National currency (former currencies of the euro area countries),Italian lira,1992-10-26,1707.44,,
ESTAT:ERT_H_EUR_D(1.0),08/01/26 11:00:00,Daily,Average,National currency (former currencies of the euro area countries),Italian lira,1992-10-27,1700.36,,
ESTAT:ERT_H_EUR_D(1.0),08/01/26 11:00:00,Daily,Average,National currency (former currencies of the euro area countries),Italian lira,1992-10-28,1696.64,,
ESTAT:ERT_H_EUR_D(1.0),08/01/26 11:00:00,Daily,Average,National currency (former currencies of the euro area countries),Italian lira,1992-10-29,1682.34,,
ESTAT:ERT_H_EUR_D(1.0),08/01/26 11:00:00,Daily,Average,National currency (former currencies of the euro area countries),Italian lira,1992-10-30,1680.25,,
ESTAT:ERT_H_EUR_D(1.0),08/01/26 11:00:00,Daily,Average,National currency (former currencies of the euro area countries),Italian lira,1992-11-02,1686.15,,
ESTAT:ERT_H_EUR_D(1.0),08/01/26 11:00:00,Daily,Average,National currency (former currencies of the euro area countries),Italian lira,1992-11-03,1682.90,,
ESTAT:ERT_H_EUR_D(1.0),08/01/26 11:00:00,Daily,Average,National currency (former currencies of the euro area countries),Italian lira,1992-11-04,1680.28,,
ESTAT:ERT_H_EUR_D(1.0),08/01/26 11:00:00,Daily,Average,National currency (former currencies of the euro area countries),Italian lira,1992-11-05,1684.41,,
ESTAT:ERT_H_EUR_D(1.0),08/01/26 11:00:00,Daily,Average,National currency (former currencies of the euro area countries),Italian lira,1992-11-06,1685.10,,
ESTAT:ERT_H_EUR_D(1.0),08/01/26 11:00:00,Daily,Average,National currency (former currencies of the euro area countries),Italian lira,1992-11-09,1684.24,,
ESTAT:ERT_H_EUR_D(1.0),08/01/26 11:00:00,Daily,Average,National currency (former currencies of the euro area countries),Italian lira,1992-11-10,1679.83,,
ESTAT:ERT_H_EUR_D(1.0),08/01/26 11:00:00,Daily,Average,National currency (former currencies of the euro area countries),Italian lira,1992-11-11,1681.94,,
ESTAT:ERT_H_EUR_D(1.0),08/01/26 11:00:00,Daily,Average,National currency (former currencies of the euro area countries),Italian lira,1992-11-12,1686.79,,
ESTAT:ERT_H_EUR_D(1.0),08/01/26 11:00:00,Daily,Average,National currency (former currencies of the euro area countries),Italian lira,1992-11-13,1682.47,,
ESTAT:ERT_H_EUR_D(1.0),08/01/26 11:00:00,Daily,Average,National currency (former currencies of the euro area countries),Italian lira,1992-11-16,1681.55,,
ESTAT:ERT_H_EUR_D(1.0),08/01/26 11:00:00,Daily,Average,National currency (former currencies of the euro area countries),Italian lira,1992-11-17,1680.41,,
ESTAT:ERT_H_EUR_D(1.0),08/01/26 11:00:00,Daily,Average,National currency (former currencies of the euro area countries),Italian lira,1992-11-18,1680.09,,
ESTAT:ERT_H_EUR_D(1.0),08/01/26 11:00:00,Daily,Average,National currency (former currencies of the euro area countries),Italian lira,1992-11-19,1684.54,,
ESTAT:ERT_H_EUR_D(1.0),08/01/26 11:00:00,Daily,Average,National currency (former currencies of the euro area countries),Italian lira,1992-11-20,1700.56,,
ESTAT:ERT_H_EUR_D(1.0),08/01/26 11:00:00,Daily,Average,National currency (former currencies of the euro area countries),Italian lira,1992-11-23,1698.85,,
ESTAT:ERT_H_EUR_D(1.0),08/01/26 11:00:00,Daily,Average,National currency (former currencies of the euro area countries),Italian lira,1992-11-24,1702.11,,
ESTAT:ERT_H_EUR_D(1.0),08/01/26 11:00:00,Daily,Average,National currency (former currencies of the euro area countries),Italian lira,1992-11-25,1700.71,,
ESTAT:ERT_H_EUR_D(1.0),08/01/26 11:00:00,Daily,Average,National currency (former currencies of the euro area countries),Italian lira,1992-11-26,1704.51,,
ESTAT:ERT_H_EUR_D(1.0),08/01/26 11:00:00,Daily,Average,National currency (former currencies of the euro area countries),Italian lira,1992-11-27,1711.50,,
ESTAT:ERT_H_EUR_D(1.0),08/01/26 11:00:00,Daily,Average,National currency (former currencies of the euro area countries),Italian lira,1992-11-30,1713.65,,
ESTAT:ERT_H_EUR_D(1.0),08/01/26 11:00:00,Daily,Average,National currency (former currencies of the euro area countries),Italian lira,1992-12-01,1728.76,,
ESTAT:ERT_H_EUR_D(1.0),08/01/26 11:00:00,Daily,Average,National currency (former currencies of the euro area countries),Italian lira,1992-12-02,1732.70,,
ESTAT:ERT_H_EUR_D(1.0),08/01/26 11:00:00,Daily,Average,National currency (former currencies of the euro area countries),Italian lira,1992-12-03,1731.96,,
ESTAT:ERT_H_EUR_D(1.0),08/01/26 11:00:00,Daily,Average,National currency (former currencies of the euro area countries),Italian lira,1992-12-04,1727.43,,
ESTAT:ERT_H_EUR_D(1.0),08/01/26 11:00:00,Daily,Average,National currency (former currencies of the euro area countries),Italian lira,1992-12-07,1726.62,,
ESTAT:ERT_H_EUR_D(1.0),08/01/26 11:00:00,Daily,Average,National currency (former currencies of the euro area countries),Italian lira,1992-12-08,1730.32,,
ESTAT:ERT_H_EUR_D(1.0),08/01/26 11:00:00,Daily,Average,National currency (former currencies of the euro area countries),Italian lira,1992-12-09,1734.07,,
ESTAT:ERT_H_EUR_D(1.0),08/01/26 11:00:00,Daily,Average,National currency (former currencies of the euro area countries),Italian lira,1992-12-10,1738.50,,
ESTAT:ERT_H_EUR_D(1.0),08/01/26 11:00:00,Daily,Average,National currency (former currencies of the euro area countries),Italian lira,1992-12-11,1737.21,,
ESTAT:ERT_H_EUR_D(1.0),08/01/26 11:00:00,Daily,Average,National currency (former currencies of the euro area countries),Italian lira,1992-12-14,1741.81,,
ESTAT:ERT_H_EUR_D(1.0),08/01/26 11:00:00,Daily,Average,National currency (former currencies of the euro area countries),Italian lira,1992-12-15,1754.12,,
ESTAT:ERT_H_EUR_D(1.0),08/01/26 11:00:00,Daily,Average,National currency (former currencies of the euro area countries),Italian lira,1992-12-16,1764.38,,
ESTAT:ERT_H_EUR_D(1.0),08/01/26 11:00:00,Daily,Average,National currency (former currencies of the euro area countries),Italian lira,1992-12-17,1765.83,,
ESTAT:ERT_H_EUR_D(1.0),08/01/26 11:00:00,Daily,Average,National currency (former currencies of the euro area countries),Italian lira,1992-12-18,1762.47,,
ESTAT:ERT_H_EUR_D(1.0),08/01/26 11:00:00,Daily,Average,National currency (former currencies of the euro area countries),Italian lira,1992-12-21,1760.33,,
ESTAT:ERT_H_EUR_D(1.0),08/01/26 11:00:00,Daily,Average,National currency (former currencies of the euro area countries),Italian lira,1992-12-22,1756.44,,
ESTAT:ERT_H_EUR_D(1.0),08/01/26 11:00:00,Daily,Average,National currency (former currencies of the euro area countries),Italian lira,1992-12-23,1754.53,,
ESTAT:ERT_H_EUR_D(1.0),08/01/26 11:00:00,Daily,Average,National currency (former currencies of the euro area countries),Italian lira,1992-12-24,1753.36,,
ESTAT:ERT_H_EUR_D(1.0),08/01/26 11:00:00,Daily,Average,National currency (former currencies of the euro area countries),Italian lira,1992-12-28,1757.23,,
ESTAT:ERT_H_EUR_D(1.0),08/01/26 11:00:00,Daily,Average,National currency (former currencies of the euro area countries),Italian lira,1992-12-29,1783.81,,
ESTAT:ERT_H_EUR_D(1.0),08/01/26 11:00:00,Daily,Average,National currency (former currencies of the euro area countries),Italian lira,1992-12-30,1780.64,,
ESTAT:ERT_H_EUR_D(1.0),08/01/26 11:00:00,Daily,Average,National currency (former currencies of the euro area countries),Italian lira,1992-12-31,1787.42,,
ESTAT:ERT_H_EUR_D(1.0),08/01/26 11:00:00,Daily,Average,National currency (former currencies of the euro area countries),Italian lira,1993-01-04,1804.52,,
ESTAT:ERT_H_EUR_D(1.0),08/01/26 11:00:00,Daily,Average,National currency (former currencies of the euro area countries),Italian lira,1993-01-05,1832.91,,
ESTAT:ERT_H_EUR_D(1.0),08/01/26 11:00:00,Daily,Average,National currency (former currencies of the euro area countries),Italian lira,1993-01-06,1828.69,,
ESTAT:ERT_H_EUR_D(1.0),08/01/26 11:00:00,Daily,Average,National currency (former currencies of the euro area countries),Italian lira,1993-01-07,1825.62,,
ESTAT:ERT_H_EUR_D(1.0),08/01/26 11:00:00,Daily,Average,National currency (former currencies of the euro area countries),Italian lira,1993-01-08,1809.36,,
ESTAT:ERT_H_EUR_D(1.0),08/01/26 11:00:00,Daily,Average,National currency (former currencies of the euro area countries),Italian lira,1993-01-11,1798.13,,
ESTAT:ERT_H_EUR_D(1.0),08/01/26 11:00:00,Daily,Average,National currency (former currencies of the euro area countries),Italian lira,1993-01-12,1785.62,,
ESTAT:ERT_H_EUR_D(1.0),08/01/26 11:00:00,Daily,Average,National currency (former currencies of the euro area countries),Italian lira,1993-01-13,1813.10,,
ESTAT:ERT_H_EUR_D(1.0),08/01/26 11:00:00,Daily,Average,National currency (former currencies of the euro area countries),Italian lira,1993-01-14,1813.68,,
ESTAT:ERT_H_EUR_D(1.0),08/01/26 11:00:00,Daily,Average,National currency (former currencies of the euro area countries),Italian lira,1993-01-15,1805.04,,
ESTAT:ERT_H_EUR_D(1.0),08/01/26 11:00:00,Daily,Average,National currency (former currencies of the euro area countries),Italian lira,1993-01-18,1801.76,,
ESTAT:ERT_H_EUR_D(1.0),08/01/26 11:00:00,Daily,Average,National currency (former currencies of the euro area countries),Italian lira,1993-01-19,1800.71,,
ESTAT:ERT_H_EUR_D(1.0),08/01/26 11:00:00,Daily,Average,National currency (former currencies of the euro area countries),Italian lira,1993-01-20,1796.29,,
ESTAT:ERT_H_EUR_D(1.0),08/01/26 11:00:00,Daily,Average,National currency (former currencies of the euro area countries),Italian lira,1993-01-21,1793.71,,
ESTAT:ERT_H_EUR_D(1.0),08/01/26 11:00:00,Daily,Average,National currency (former currencies of the euro area countries),Italian lira,1993-01-22,1801.85,,
ESTAT:ERT_H_EUR_D(1.0),08/01/26 11:00:00,Daily,Average,National currency (former currencies of the euro area countries),Italian lira,1993-01-25,1805.81,,
ESTAT:ERT_H_EUR_D(1.0),08/01/26 11:00:00,Daily,Average,National currency (former currencies of the euro area countries),Italian lira,1993-01-26,1799.82,,
ESTAT:ERT_H_EUR_D(1.0),08/01/26 11:00:00,Daily,Average,National currency (former currencies of the euro area countries),Italian lira,1993-01-27,1810.09,,
ESTAT:ERT_H_EUR_D(1.0),08/01/26 11:00:00,Daily,Average,National currency (former currencies of the euro area countries),Italian lira,1993-01-28,1825.20,,
ESTAT:ERT_H_EUR_D(1.0),08/01/26 11:00:00,Daily,Average,National currency (former currencies of the euro area countries),Italian lira,1993-01-29,1809.87,,
ESTAT:ERT_H_EUR_D(1.0),08/01/26 11:00:00,Daily,Average,National currency (former currencies of the euro area countries),Italian lira,1993-02-01,1806.07,,
ESTAT:ERT_H_EUR_D(1.0),08/01/26 11:00:00,Daily,Average,National currency (former currencies of the euro area countries),Italian lira,1993-02-02,1812.41,,
ESTAT:ERT_H_EUR_D(1.0),08/01/26 11:00:00,Daily,Average,National currency (former currencies of the euro area countries),Italian lira,1993-02-03,1807.89,,
ESTAT:ERT_H_EUR_D(1.0),08/01/26 11:00:00,Daily,Average,National currency (former currencies of the euro area countries),Italian lira,1993-02-04,1807.00,,
ESTAT:ERT_H_EUR_D(1.0),08/01/26 11:00:00,Daily,Average,National currency (former currencies of the euro area countries),Italian lira,1993-02-05,1799.28,,
ESTAT:ERT_H_EUR_D(1.0),08/01/26 11:00:00,Daily,Average,National currency (former currencies of the euro area countries),Italian lira,1993-02-08,1800.89,,
ESTAT:ERT_H_EUR_D(1.0),08/01/26 11:00:00,Daily,Average,National currency (former currencies of the euro area countries),Italian lira,1993-02-09,1800.91,,
ESTAT:ERT_H_EUR_D(1.0),08/01/26 11:00:00,Daily,Average,National currency (former currencies of the euro area countries),Italian lira,1993-02-10,1802.09,,
ESTAT:ERT_H_EUR_D(1.0),08/01/26 11:00:00,Daily,Average,National currency (former currencies of the euro area countries),Italian lira,1993-02-11,1808.81,,
ESTAT:ERT_H_EUR_D(1.0),08/01/26 11:00:00,Daily,Average,National currency (former currencies of the euro area countries),Italian lira,1993-02-12,1817.61,,
ESTAT:ERT_H_EUR_D(1.0),08/01/26 11:00:00,Daily,Average,National currency (former currencies of the euro area countries),Italian lira,1993-02-15,1815.97,,
ESTAT:ERT_H_EUR_D(1.0),08/01/26 11:00:00,Daily,Average,National currency (former currencies of the euro area countries),Italian lira,1993-02-16,1826.15,,
ESTAT:ERT_H_EUR_D(1.0),08/01/26 11:00:00,Daily,Average,National currency (former currencies of the euro area countries),Italian lira,1993-02-17,1841.64,,
ESTAT:ERT_H_EUR_D(1.0),08/01/26 11:00:00,Daily,Average,National currency (former currencies of the euro area countries),Italian lira,1993-02-18,1840.17,,
ESTAT:ERT_H_EUR_D(1.0),08/01/26 11:00:00,Daily,Average,National currency (former currencies of the euro area countries),Italian lira,1993-02-19,1855.75,,
ESTAT:ERT_H_EUR_D(1.0),08/01/26 11:00:00,Daily,Average,National currency (former currencies of the euro area countries),Italian lira,1993-02-22,1868.14,,
ESTAT:ERT_H_EUR_D(1.0),08/01/26 11:00:00,Daily,Average,National currency (former currencies of the euro area countries),Italian lira,1993-02-23,1877.94,,
ESTAT:ERT_H_EUR_D(1.0),08/01/26 11:00:00,Daily,Average,National currency (former currencies of the euro area countries),Italian lira,1993-02-24,1898.83,,
ESTAT:ERT_H_EUR_D(1.0),08/01/26 11:00:00,Daily,Average,National currency (former currencies of the euro area countries),Italian lira,1993-02-25,1864.24,,
ESTAT:ERT_H_EUR_D(1.0),08/01/26 11:00:00,Daily,Average,National currency (former currencies of the euro area countries),Italian lira,1993-02-26,1869.36,,
ESTAT:ERT_H_EUR_D(1.0),08/01/26 11:00:00,Daily,Average,National currency (former currencies of the euro area countries),Italian lira,1993-03-01,1855.76,,
ESTAT:ERT_H_EUR_D(1.0),08/01/26 11:00:00,Daily,Average,National currency (former currencies of the euro area countries),Italian lira,1993-03-02,1854.33,,
ESTAT:ERT_H_EUR_D(1.0),08/01/26 11:00:00,Daily,Average,National currency (former currencies of the euro area countries),Italian lira,1993-03-03,1855.80,,
ESTAT:ERT_H_EUR_D(1.0),08/01/26 11:00:00,Daily,Average,National currency (former currencies of the euro area countries),Italian lira,1993-03-04,1853.64,,
ESTAT:ERT_H_EUR_D(1.0),08/01/26 11:00:00,Daily,Average,National currency (former currencies of the euro area countries),Italian lira,1993-03-05,1847.50,,
ESTAT:ERT_H_EUR_D(1.0),08/01/26 11:00:00,Daily,Average,National currency (former currencies of the euro area countries),Italian lira,1993-03-08,1843.47,,
ESTAT:ERT_H_EUR_D(1.0),08/01/26 11:00:00,Daily,Average,National currency (former currencies of the euro area countries),Italian lira,1993-03-09,1874.44,,
ESTAT:ERT_H_EUR_D(1.0),08/01/26 11:00:00,Daily,Average,National currency (former currencies of the euro area countries),Italian lira,1993-03-10,1876.43,,
ESTAT:ERT_H_EUR_D(1.0),08/01/26 11:00:00,Daily,Average,National currency (former currencies of the euro area countries),Italian lira,1993-03-11,1873.29,,
ESTAT:ERT_H_EUR_D(1.0),08/01/26 11:00:00,Daily,Average,National currency (former currencies of the euro area countries),Italian lira,1993-03-12,1873.34,,
ESTAT:ERT_H_EUR_D(1.0),08/01/26 11:00:00,Daily,Average,National currency (former currencies of the euro area countries),Italian lira,1993-03-15,1871.08,,
ESTAT:ERT_H_EUR_D(1.0),08/01/26 11:00:00,Daily,Average,National currency (former currencies of the euro area countries),Italian lira,1993-03-16,1875.85,,
ESTAT:ERT_H_EUR_D(1.0),08/01/26 11:00:00,Daily,Average,National currency (former currencies of the euro area countries),Italian lira,1993-03-17,1873.57,,
ESTAT:ERT_H_EUR_D(1.0),08/01/26 11:00:00,Daily,Average,National currency (former currencies of the euro area countries),Italian lira,1993-03-18,1880.13,,
ESTAT:ERT_H_EUR_D(1.0),08/01/26 11:00:00,Daily,Average,National currency (former currencies of the euro area countries),Italian lira,1993-03-19,1880.23,,
ESTAT:ERT_H_EUR_D(1.0),08/01/26 11:00:00,Daily,Average,National currency (former currencies of the euro area countries),Italian lira,1993-03-22,1880.09,,
ESTAT:ERT_H_EUR_D(1.0),08/01/26 11:00:00,Daily,Average,National currency (former currencies of the euro area countries),Italian lira,1993-03-23,1879.28,,
ESTAT:ERT_H_EUR_D(1.0),08/01/26 11:00:00,Daily,Average,National currency (former currencies of the euro area countries),Italian lira,1993-03-24,1883.25,,
ESTAT:ERT_H_EUR_D(1.0),08/01/26 11:00:00,Daily,Average,National currency (former currencies of the euro area countries),Italian lira,1993-03-25,1897.98,,
ESTAT:ERT_H_EUR_D(1.0),08/01/26 11:00:00,Daily,Average,National currency (former currencies of the euro area countries),Italian lira,1993-03-26,1894.39,,
ESTAT:ERT_H_EUR_D(1.0),08/01/26 11:00:00,Daily,Average,National currency (former currencies of the euro area countries),Italian lira,1993-03-29,1918.07,,
ESTAT:ERT_H_EUR_D(1.0),08/01/26 11:00:00,Daily,Average,National currency (former currencies of the euro area countries),Italian lira,1993-03-30,1929.67,,
ESTAT:ERT_H_EUR_D(1.0),08/01/26 11:00:00,Daily,Average,National currency (former currencies of the euro area countries),Italian lira,1993-03-31,1919.87,,
ESTAT:ERT_H_EUR_D(1.0),08/01/26 11:00:00,Daily,Average,National currency (former currencies of the euro area countries),Italian lira,1993-04-01,1927.88,,
ESTAT:ERT_H_EUR_D(1.0),08/01/26 11:00:00,Daily,Average,National currency (former currencies of the euro area countries),Italian lira,1993-04-02,1937.81,,
ESTAT:ERT_H_EUR_D(1.0),08/01/26 11:00:00,Daily,Average,National currency (former currencies of the euro area countries),Italian lira,1993-04-05,1927.13,,
ESTAT:ERT_H_EUR_D(1.0),08/01/26 11:00:00,Daily,Average,National currency (former currencies of the euro area countries),Italian lira,1993-04-06,1926.12,,
ESTAT:ERT_H_EUR_D(1.0),08/01/26 11:00:00,Daily,Average,National currency (former currencies of the euro area countries),Italian lira,1993-04-07,1919.28,,
ESTAT:ERT_H_EUR_D(1.0),08/01/26 11:00:00,Daily,Average,National currency (former currencies of the euro area countries),Italian lira,1993-04-08,1890.65,,
ESTAT:ERT_H_EUR_D(1.0),08/01/26 11:00:00,Daily,Average,National currency (former currencies of the euro area countries),Italian lira,1993-04-13,1887.12,,
ESTAT:ERT_H_EUR_D(1.0),08/01/26 11:00:00,Daily,Average,National currency (former currencies of the euro area countries),Italian lira,1993-04-14,1881.18,,
ESTAT:ERT_H_EUR_D(1.0),08/01/26 11:00:00,Daily,Average,National currency (former currencies of the euro area countries),Italian lira,1993-04-15,1881.36,,
ESTAT:ERT_H_EUR_D(1.0),08/01/26 11:00:00,Daily,Average,National currency (former currencies of the euro area countries),Italian lira,1993-04-16,1865.07,,
ESTAT:ERT_H_EUR_D(1.0),08/01/26 11:00:00,Daily,Average,National currency (former currencies of the euro area countries),Italian lira,1993-04-19,1856.06,,
ESTAT:ERT_H_EUR_D(1.0),08/01/26 11:00:00,Daily,Average,National currency (former currencies of the euro area countries),Italian lira,1993-04-20,1867.86,,
ESTAT:ERT_H_EUR_D(1.0),08/01/26 11:00:00,Daily,Average,National currency (former currencies of the euro area countries),Italian lira,1993-04-21,1865.68,,
ESTAT:ERT_H_EUR_D(1.0),08/01/26 11:00:00,Daily,Average,National currency (former currencies of the euro area countries),Italian lira,1993-04-22,1863.37,,
ESTAT:ERT_H_EUR_D(1.0),08/01/26 11:00:00,Daily,Average,National currency (former currencies of the euro area countries),Italian lira,1993-04-23,1832.21,,
ESTAT:ERT_H_EUR_D(1.0),08/01/26 11:00:00,Daily,Average,National currency (former currencies of the euro area countries),Italian lira,1993-04-26,1826.24,,
ESTAT:ERT_H_EUR_D(1.0),08/01/26 11:00:00,Daily,Average,National currency (former currencies of the euro area countries),Italian lira,1993-04-27,1817.81,,
ESTAT:ERT_H_EUR_D(1.0),08/01/26 11:00:00,Daily,Average,National currency (former currencies of the euro area countries),Italian lira,1993-04-28,1821.91,,
ESTAT:ERT_H_EUR_D(1.0),08/01/26 11:00:00,Daily,Average,National currency (former currencies of the euro area countries),Italian lira,1993-04-29,1821.26,,
ESTAT:ERT_H_EUR_D(1.0),08/01/26 11:00:00,Daily,Average,National currency (former currencies of the euro area countries),Italian lira,1993-04-30,1830.31,,
ESTAT:ERT_H_EUR_D(1.0),08/01/26 11:00:00,Daily,Average,National currency (former currencies of the euro area countries),Italian lira,1993-05-03,1824.39,,
ESTAT:ERT_H_EUR_D(1.0),08/01/26 11:00:00,Daily,Average,National currency (former currencies of the euro area countries),Italian lira,1993-05-04,1823.47,,
ESTAT:ERT_H_EUR_D(1.0),08/01/26 11:00:00,Daily,Average,National currency (former currencies of the euro area countries),Italian lira,1993-05-05,1811.70,,
ESTAT:ERT_H_EUR_D(1.0),08/01/26 11:00:00,Daily,Average,National currency (former currencies of the euro area countries),Italian lira,1993-05-06,1808.66,,
ESTAT:ERT_H_EUR_D(1.0),08/01/26 11:00:00,Daily,Average,National currency (former currencies of the euro area countries),Italian lira,1993-05-07,1799.62,,
ESTAT:ERT_H_EUR_D(1.0),08/01/26 11:00:00,Daily,Average,National currency (former currencies of the euro area countries),Italian lira,1993-05-10,1793.90,,
ESTAT:ERT_H_EUR_D(1.0),08/01/26 11:00:00,Daily,Average,National currency (former currencies of the euro area countries),Italian lira,1993-05-11,1808.38,,
ESTAT:ERT_H_EUR_D(1.0),08/01/26 11:00:00,Daily,Average,National currency (former currencies of the euro area countries),Italian lira,1993-05-12,1800.48,,
ESTAT:ERT_H_EUR_D(1.0),08/01/26 11:00:00,Daily,Average,National currency (former currencies of the euro area countries),Italian lira,1993-05-13,1803.77,,
ESTAT:ERT_H_EUR_D(1.0),08/01/26 11:00:00,Daily,Average,National currency (former currencies of the euro area countries),Italian lira,1993-05-14,1798.10,,
ESTAT:ERT_H_EUR_D(1.0),08/01/26 11:00:00,Daily,Average,National currency (former currencies of the euro area countries),Italian lira,1993-05-17,1786.48,,
ESTAT:ERT_H_EUR_D(1.0),08/01/26 11:00:00,Daily,Average,National currency (former currencies of the euro area countries),Italian lira,1993-05-18,1783.73,,
ESTAT:ERT_H_EUR_D(1.0),08/01/26 11:00:00,Daily,Average,National currency (former currencies of the euro area countries),Italian lira,1993-05-19,1777.78,,
ESTAT:ERT_H_EUR_D(1.0),08/01/26 11:00:00,Daily,Average,National currency (former currencies of the euro area countries),Italian lira,1993-05-21,1778.10,,
ESTAT:ERT_H_EUR_D(1.0),08/01/26 11:00:00,Daily,Average,National currency (former currencies of the euro area countries),Italian lira,1993-05-24,1778.80,,
ESTAT:ERT_H_EUR_D(1.0),08/01/26 11:00:00,Daily,Average,National currency (former currencies of the euro area countries),Italian lira,1993-05-25,1782.41,,
ESTAT:ERT_H_EUR_D(1.0),08/01/26 11:00:00,Daily,Average,National currency (former currencies of the euro area countries),Italian lira,1993-05-26,1784.82,,
ESTAT:ERT_H_EUR_D(1.0),08/01/26 11:00:00,Daily,Average,National currency (former currencies of the euro area countries),Italian lira,1993-05-27,1792.95,,
ESTAT:ERT_H_EUR_D(1.0),08/01/26 11:00:00,Daily,Average,National currency (former currencies of the euro area countries),Italian lira,1993-05-28,1797.18,,
ESTAT:ERT_H_EUR_D(1.0),08/01/26 11:00:00,Daily,Average,National currency (former currencies of the euro area countries),Italian lira,1993-06-01,1800.04,,
ESTAT:ERT_H_EUR_D(1.0),08/01/26 11:00:00,Daily,Average,National currency (former currencies of the euro area countries),Italian lira,1993-06-02,1784.17,,
ESTAT:ERT_H_EUR_D(1.0),08/01/26 11:00:00,Daily,Average,National currency (former currencies of the euro area countries),Italian lira,1993-06-03,1782.09,,
ESTAT:ERT_H_EUR_D(1.0),08/01/26 11:00:00,Daily,Average,National currency (former currencies of the euro area countries),Italian lira,1993-06-04,1783.90,,
ESTAT:ERT_H_EUR_D(1.0),08/01/26 11:00:00,Daily,Average,National currency (former currencies of the euro area countries),Italian lira,1993-06-07,1778.47,,
ESTAT:ERT_H_EUR_D(1.0),08/01/26 11:00:00,Daily,Average,National currency (former currencies of the euro area countries),Italian lira,1993-06-08,1777.59,,
ESTAT:ERT_H_EUR_D(1.0),08/01/26 11:00:00,Daily,Average,National currency (former currencies of the euro area countries),Italian lira,1993-06-09,1773.32,,
ESTAT:ERT_H_EUR_D(1.0),08/01/26 11:00:00,Daily,Average,National currency (former currencies of the euro area countries),Italian lira,1993-06-10,1779.17,,
ESTAT:ERT_H_EUR_D(1.0),08/01/26 11:00:00,Daily,Average,National currency (former currencies of the euro area countries),Italian lira,1993-06-11,1786.69,,
ESTAT:ERT_H_EUR_D(1.0),08/01/26 11:00:00,Daily,Average,National currency (former currencies of the euro area countries),Italian lira,1993-06-14,1777.07,,
ESTAT:ERT_H_EUR_D(1.0),08/01/26 11:00:00,Daily,Average,National currency (former currencies of the euro area countries),Italian lira,1993-06-15,1779.39,,
ESTAT:ERT_H_EUR_D(1.0),08/01/26 11:00:00,Daily,Average,National currency (former currencies of the euro area countries),Italian lira,1993-06-16,1776.77,,
ESTAT:ERT_H_EUR_D(1.0),08/01/26 11:00:00,Daily,Average,National currency (former currencies of the euro area countries),Italian lira,1993-06-17,1776.11,,
ESTAT:ERT_H_EUR_D(1.0),08/01/26 11:00:00,Daily,Average,National currency (former currencies of the euro area countries),Italian lira,1993-06-18,1776.87,,
ESTAT:ERT_H_EUR_D(1.0),08/01/26 11:00:00,Daily,Average,National currency (former currencies of the euro area countries),Italian lira,1993-06-21,1774.87,,
ESTAT:ERT_H_EUR_D(1.0),08/01/26 11:00:00,Daily,Average,National currency (former currencies of the euro area countries),Italian lira,1993-06-22,1770.84,,
ESTAT:ERT_H_EUR_D(1.0),08/01/26 11:00:00,Daily,Average,National currency (former currencies of the euro area countries),Italian lira,1993-06-23,1766.03,,
ESTAT:ERT_H_EUR_D(1.0),08/01/26 11:00:00,Daily,Average,National currency (former currencies of the euro area countries),Italian lira,1993-06-24,1765.90,,
ESTAT:ERT_H_EUR_D(1.0),08/01/26 11:00:00,Daily,Average,National currency (former currencies of the euro area countries),Italian lira,1993-06-25,1768.24,,
ESTAT:ERT_H_EUR_D(1.0),08/01/26 11:00:00,Daily,Average,National currency (former currencies of the euro area countries),Italian lira,1993-06-28,1781.38,,
ESTAT:ERT_H_EUR_D(1.0),08/01/26 11:00:00,Daily,Average,National currency (former currencies of the euro area countries),Italian lira,1993-06-29,1781.90,,
ESTAT:ERT_H_EUR_D(1.0),08/01/26 11:00:00,Daily,Average,National currency (former currencies of the euro area countries),Italian lira,1993-06-30,1781.51,,
ESTAT:ERT_H_EUR_D(1.0),08/01/26 11:00:00,Daily,Average,National currency (former currencies of the euro area countries),Italian lira,1993-07-01,1777.84,,
ESTAT:ERT_H_EUR_D(1.0),08/01/26 11:00:00,Daily,Average,National currency (former currencies of the euro area countries),Italian lira,1993-07-02,1783.62,,
ESTAT:ERT_H_EUR_D(1.0),08/01/26 11:00:00,Daily,Average,National currency (former currencies of the euro area countries),Italian lira,1993-07-05,1776.39,,
ESTAT:ERT_H_EUR_D(1.0),08/01/26 11:00:00,Daily,Average,National currency (former currencies of the euro area countries),Italian lira,1993-07-06,1780.64,,
ESTAT:ERT_H_EUR_D(1.0),08/01/26 11:00:00,Daily,Average,National currency (former currencies of the euro area countries),Italian lira,1993-07-07,1778.52,,
ESTAT:ERT_H_EUR_D(1.0),08/01/26 11:00:00,Daily,Average,National currency (former currencies of the euro area countries),Italian lira,1993-07-08,1791.52,,
ESTAT:ERT_H_EUR_D(1.0),08/01/26 11:00:00,Daily,Average,National currency (former currencies of the euro area countries),Italian lira,1993-07-09,1797.41,,
ESTAT:ERT_H_EUR_D(1.0),08/01/26 11:00:00,Daily,Average,National currency (former currencies of the euro area countries),Italian lira,1993-07-12,1791.63,,
ESTAT:ERT_H_EUR_D(1.0),08/01/26 11:00:00,Daily,Average,National currency (former currencies of the euro area countries),Italian lira,1993-07-13,1795.97,,
ESTAT:ERT_H_EUR_D(1.0),08/01/26 11:00:00,Daily,Average,National currency (former currencies of the euro area countries),Italian lira,1993-07-14,1801.09,,
ESTAT:ERT_H_EUR_D(1.0),08/01/26 11:00:00,Daily,Average,National currency (former currencies of the euro area countries),Italian lira,1993-07-15,1806.31,,
ESTAT:ERT_H_EUR_D(1.0),08/01/26 11:00:00,Daily,Average,National currency (former currencies of the euro area countries),Italian lira,1993-07-16,1803.12,,
ESTAT:ERT_H_EUR_D(1.0),08/01/26 11:00:00,Daily,Average,National currency (former currencies of the euro area countries),Italian lira,1993-07-19,1802.55,,
ESTAT:ERT_H_EUR_D(1.0),08/01/26 11:00:00,Daily,Average,National currency (former currencies of the euro area countries),Italian lira,1993-07-20,1810.56,,
ESTAT:ERT_H_EUR_D(1.0),08/01/26 11:00:00,Daily,Average,National currency (former currencies of the euro area countries),Italian lira,1993-07-21,1836.20,,
ESTAT:ERT_H_EUR_D(1.0),08/01/26 11:00:00,Daily,Average,National currency (former currencies of the euro area countries),Italian lira,1993-07-22,1832.24,,
ESTAT:ERT_H_EUR_D(1.0),08/01/26 11:00:00,Daily,Average,National currency (former currencies of the euro area countries),Italian lira,1993-07-23,1825.14,,
ESTAT:ERT_H_EUR_D(1.0),08/01/26 11:00:00,Daily,Average,National currency (former currencies of the euro area countries),Italian lira,1993-07-26,1810.22,,
ESTAT:ERT_H_EUR_D(1.0),08/01/26 11:00:00,Daily,Average,National currency (former currencies of the euro area countries),Italian lira,1993-07-27,1814.99,,
ESTAT:ERT_H_EUR_D(1.0),08/01/26 11:00:00,Daily,Average,National currency (former currencies of the euro area countries),Italian lira,1993-07-28,1814.30,,
ESTAT:ERT_H_EUR_D(1.0),08/01/26 11:00:00,Daily,Average,National currency (former currencies of the euro area countries),Italian lira,1993-07-29,1810.40,,
ESTAT:ERT_H_EUR_D(1.0),08/01/26 11:00:00,Daily,Average,National currency (former currencies of the euro area countries),Italian lira,1993-07-30,1800.20,,
ESTAT:ERT_H_EUR_D(1.0),08/01/26 11:00:00,Daily,Average,National currency (former currencies of the euro area countries),Italian lira,1993-08-02,1799.12,,
ESTAT:ERT_H_EUR_D(1.0),08/01/26 11:00:00,Daily,Average,National currency (former currencies of the euro area countries),Italian lira,1993-08-03,1808.36,,
ESTAT:ERT_H_EUR_D(1.0),08/01/26 11:00:00,Daily,Average,National currency (former currencies of the euro area countries),Italian lira,1993-08-04,1812.57,,
ESTAT:ERT_H_EUR_D(1.0),08/01/26 11:00:00,Daily,Average,National currency (former currencies of the euro area countries),Italian lira,1993-08-05,1811.73,,
ESTAT:ERT_H_EUR_D(1.0),08/01/26 11:00:00,Daily,Average,National currency (former currencies of the euro area countries),Italian lira,1993-08-06,1816.51,,
ESTAT:ERT_H_EUR_D(1.0),08/01/26 11:00:00,Daily,Average,National currency (former currencies of the euro area countries),Italian lira,1993-08-09,1822.31,,
ESTAT:ERT_H_EUR_D(1.0),08/01/26 11:00:00,Daily,Average,National currency (former currencies of the euro area countries),Italian lira,1993-08-10,1823.21,,
ESTAT:ERT_H_EUR_D(1.0),08/01/26 11:00:00,Daily,Average,National currency (former currencies of the euro area countries),Italian lira,1993-08-11,1807.55,,
ESTAT:ERT_H_EUR_D(1.0),08/01/26 11:00:00,Daily,Average,National currency (former currencies of the euro area countries),Italian lira,1993-08-12,1809.62,,
ESTAT:ERT_H_EUR_D(1.0),08/01/26 11:00:00,Daily,Average,National currency (former currencies of the euro area countries),Italian lira,1993-08-13,1814.49,,
ESTAT:ERT_H_EUR_D(1.0),08/01/26 11:00:00,Daily,Average,National currency (former currencies of the euro area countries),Italian lira,1993-08-16,1818.87,,
ESTAT:ERT_H_EUR_D(1.0),08/01/26 11:00:00,Daily,Average,National currency (former currencies of the euro area countries),Italian lira,1993-08-17,1814.49,,
ESTAT:ERT_H_EUR_D(1.0),08/01/26 11:00:00,Daily,Average,National currency (former currencies of the euro area countries),Italian lira,1993-08-18,1818.73,,
ESTAT:ERT_H_EUR_D(1.0),08/01/26 11:00:00,Daily,Average,National currency (former currencies of the euro area countries),Italian lira,1993-08-19,1823.18,,
ESTAT:ERT_H_EUR_D(1.0),08/01/26 11:00:00,Daily,Average,National currency (former currencies of the euro area countries),Italian lira,1993-08-20,1820.08,,
ESTAT:ERT_H_EUR_D(1.0),08/01/26 11:00:00,Daily,Average,National currency (former currencies of the euro area countries),Italian lira,1993-08-23,1824.09,,
ESTAT:ERT_H_EUR_D(1.0),08/01/26 11:00:00,Daily,Average,National currency (former currencies of the euro area countries),Italian lira,1993-08-24,1823.46,,
ESTAT:ERT_H_EUR_D(1.0),08/01/26 11:00:00,Daily,Average,National currency (former currencies of the euro area countries),Italian lira,1993-08-25,1823.41,,
ESTAT:ERT_H_EUR_D(1.0),08/01/26 11:00:00,Daily,Average,National currency (former currencies of the euro area countries),Italian lira,1993-08-26,1823.00,,
ESTAT:ERT_H_EUR_D(1.0),08/01/26 11:00:00,Daily,Average,National currency (former currencies of the euro area countries),Italian lira,1993-08-27,1834.39,,
ESTAT:ERT_H_EUR_D(1.0),08/01/26 11:00:00,Daily,Average,National currency (former currencies of the euro area countries),Italian lira,1993-08-30,1832.64,,
ESTAT:ERT_H_EUR_D(1.0),08/01/26 11:00:00,Daily,Average,National currency (former currencies of the euro area countries),Italian lira,1993-08-31,1833.67,,
ESTAT:ERT_H_EUR_D(1.0),08/01/26 11:00:00,Daily,Average,National currency (former currencies of the euro area countries),Italian lira,1993-09-01,1831.88,,
ESTAT:ERT_H_EUR_D(1.0),08/01/26 11:00:00,Daily,Average,National currency (former currencies of the euro area countries),Italian lira,1993-09-02,1848.34,,
ESTAT:ERT_H_EUR_D(1.0),08/01/26 11:00:00,Daily,Average,National currency (former currencies of the euro area countries),Italian lira,1993-09-03,1849.27,,
ESTAT:ERT_H_EUR_D(1.0),08/01/26 11:00:00,Daily,Average,National currency (former currencies of the euro area countries),Italian lira,1993-09-06,1856.68,,
ESTAT:ERT_H_EUR_D(1.0),08/01/26 11:00:00,Daily,Average,National currency (former currencies of the euro area countries),Italian lira,1993-09-07,1841.78,,
ESTAT:ERT_H_EUR_D(1.0),08/01/26 11:00:00,Daily,Average,National currency (former currencies of the euro area countries),Italian lira,1993-09-08,1847.40,,
ESTAT:ERT_H_EUR_D(1.0),08/01/26 11:00:00,Daily,Average,National currency (former currencies of the euro area countries),Italian lira,1993-09-09,1845.92,,
ESTAT:ERT_H_EUR_D(1.0),08/01/26 11:00:00,Daily,Average,National currency (former currencies of the euro area countries),Italian lira,1993-09-10,1840.91,,
ESTAT:ERT_H_EUR_D(1.0),08/01/26 11:00:00,Daily,Average,National currency (former currencies of the euro area countries),Italian lira,1993-09-13,1833.64,,
ESTAT:ERT_H_EUR_D(1.0),08/01/26 11:00:00,Daily,Average,National currency (former currencies of the euro area countries),Italian lira,1993-09-14,1828.65,,
ESTAT:ERT_H_EUR_D(1.0),08/01/26 11:00:00,Daily,Average,National currency (former currencies of the euro area countries),Italian lira,1993-09-15,1832.70,,
ESTAT:ERT_H_EUR_D(1.0),08/01/26 11:00:00,Daily,Average,National currency (former currencies of the euro area countries),Italian lira,1993-09-16,1854.64,,
ESTAT:ERT_H_EUR_D(1.0),08/01/26 11:00:00,Daily,Average,National currency (former currencies of the euro area countries),Italian lira,1993-09-17,1850.61,,
ESTAT:ERT_H_EUR_D(1.0),08/01/26 11:00:00,Daily,Average,National currency (former currencies of the euro area countries),Italian lira,1993-09-20,1850.26,,
ESTAT:ERT_H_EUR_D(1.0),08/01/26 11:00:00,Daily,Average,National currency (former currencies of the euro area countries),Italian lira,1993-09-21,1862.65,,
ESTAT:ERT_H_EUR_D(1.0),08/01/26 11:00:00,Daily,Average,National currency (former currencies of the euro area countries),Italian lira,1993-09-22,1854.15,,
ESTAT:ERT_H_EUR_D(1.0),08/01/26 11:00:00,Daily,Average,National currency (former currencies of the euro area countries),Italian lira,1993-09-23,1855.91,,
ESTAT:ERT_H_EUR_D(1.0),08/01/26 11:00:00,Daily,Average,National currency (former currencies of the euro area countries),Italian lira,1993-09-24,1847.81,,
ESTAT:ERT_H_EUR_D(1.0),08/01/26 11:00:00,Daily,Average,National currency (former currencies of the euro area countries),Italian lira,1993-09-27,1852.10,,
ESTAT:ERT_H_EUR_D(1.0),08/01/26 11:00:00,Daily,Average,National currency (former currencies of the euro area countries),Italian lira,1993-09-28,1856.03,,
ESTAT:ERT_H_EUR_D(1.0),08/01/26 11:00:00,Daily,Average,National currency (former currencies of the euro area countries),Italian lira,1993-09-29,1864.69,,
ESTAT:ERT_H_EUR_D(1.0),08/01/26 11:00:00,Daily,Average,National currency (former currencies of the euro area countries),Italian lira,1993-09-30,1860.65,,
ESTAT:ERT_H_EUR_D(1.0),08/01/26 11:00:00,Daily,Average,National currency (former currencies of the euro area countries),Italian lira,1993-10-01,1857.14,,
ESTAT:ERT_H_EUR_D(1.0),08/01/26 11:00:00,Daily,Average,National currency (former currencies of the euro area countries),Italian lira,1993-10-04,1864.71,,
ESTAT:ERT_H_EUR_D(1.0),08/01/26 11:00:00,Daily,Average,National currency (former currencies of the euro area countries),Italian lira,1993-10-05,1871.09,,
ESTAT:ERT_H_EUR_D(1.0),08/01/26 11:00:00,Daily,Average,National currency (former currencies of the euro area countries),Italian lira,1993-10-06,1866.62,,
ESTAT:ERT_H_EUR_D(1.0),08/01/26 11:00:00,Daily,Average,National currency (former currencies of the euro area countries),Italian lira,1993-10-07,1883.12,,
ESTAT:ERT_H_EUR_D(1.0),08/01/26 11:00:00,Daily,Average,National currency (former currencies of the euro area countries),Italian lira,1993-10-08,1884.79,,
ESTAT:ERT_H_EUR_D(1.0),08/01/26 11:00:00,Daily,Average,National currency (former currencies of the euro area countries),Italian lira,1993-10-11,1881.53,,
ESTAT:ERT_H_EUR_D(1.0),08/01/26 11:00:00,Daily,Average,National currency (former currencies of the euro area countries),Italian lira,1993-10-12,1876.28,,
ESTAT:ERT_H_EUR_D(1.0),08/01/26 11:00:00,Daily,Average,National currency (former currencies of the euro area countries),Italian lira,1993-10-13,1875.54,,
ESTAT:ERT_H_EUR_D(1.0),08/01/26 11:00:00,Daily,Average,National currency (former currencies of the euro area countries),Italian lira,1993-10-14,1876.69,,
ESTAT:ERT_H_EUR_D(1.0),08/01/26 11:00:00,Daily,Average,National currency (former currencies of the euro area countries),Italian lira,1993-10-15,1868.55,,
ESTAT:ERT_H_EUR_D(1.0),08/01/26 11:00:00,Daily,Average,National currency (former currencies of the euro area countries),Italian lira,1993-10-18,1858.77,,
ESTAT:ERT_H_EUR_D(1.0),08/01/26 11:00:00,Daily,Average,National currency (former currencies of the euro area countries),Italian lira,1993-10-19,1853.90,,
ESTAT:ERT_H_EUR_D(1.0),08/01/26 11:00:00,Daily,Average,National currency (former currencies of the euro area countries),Italian lira,1993-10-20,1850.79,,
ESTAT:ERT_H_EUR_D(1.0),08/01/26 11:00:00,Daily,Average,National currency (former currencies of the euro area countries),Italian lira,1993-10-21,1852.40,,
ESTAT:ERT_H_EUR_D(1.0),08/01/26 11:00:00,Daily,Average,National currency (former currencies of the euro area countries),Italian lira,1993-10-22,1843.35,,
ESTAT:ERT_H_EUR_D(1.0),08/01/26 11:00:00,Daily,Average,National currency (former currencies of the euro area countries),Italian lira,1993-10-25,1842.94,,
ESTAT:ERT_H_EUR_D(1.0),08/01/26 11:00:00,Daily,Average,National currency (former currencies of the euro area countries),Italian lira,1993-10-26,1843.22,,
ESTAT:ERT_H_EUR_D(1.0),08/01/26 11:00:00,Daily,Average,National currency (former currencies of the euro area countries),Italian lira,1993-10-27,1853.48,,
ESTAT:ERT_H_EUR_D(1.0),08/01/26 11:00:00,Daily,Average,National currency (former currencies of the euro area countries),Italian lira,1993-10-28,1861.26,,
ESTAT:ERT_H_EUR_D(1.0),08/01/26 11:00:00,Daily,Average,National currency (former currencies of the euro area countries),Italian lira,1993-10-29,1855.14,,
ESTAT:ERT_H_EUR_D(1.0),08/01/26 11:00:00,Daily,Average,National currency (former currencies of the euro area countries),Italian lira,1993-11-01,1865.35,,
ESTAT:ERT_H_EUR_D(1.0),08/01/26 11:00:00,Daily,Average,National currency (former currencies of the euro area countries),Italian lira,1993-11-02,1859.89,,
ESTAT:ERT_H_EUR_D(1.0),08/01/26 11:00:00,Daily,Average,National currency (former currencies of the euro area countries),Italian lira,1993-11-03,1852.64,,
ESTAT:ERT_H_EUR_D(1.0),08/01/26 11:00:00,Daily,Average,National currency (former currencies of the euro area countries),Italian lira,1993-11-04,1861.45,,
ESTAT:ERT_H_EUR_D(1.0),08/01/26 11:00:00,Daily,Average,National currency (former currencies of the euro area countries),Italian lira,1993-11-05,1863.66,,
ESTAT:ERT_H_EUR_D(1.0),08/01/26 11:00:00,Daily,Average,National currency (former currencies of the euro area countries),Italian lira,1993-11-08,1869.61,,
ESTAT:ERT_H_EUR_D(1.0),08/01/26 11:00:00,Daily,Average,National currency (former currencies of the euro area countries),Italian lira,1993-11-09,1871.75,,
ESTAT:ERT_H_EUR_D(1.0),08/01/26 11:00:00,Daily,Average,National currency (former currencies of the euro area countries),Italian lira,1993-11-10,1869.83,,
ESTAT:ERT_H_EUR_D(1.0),08/01/26 11:00:00,Daily,Average,National currency (former currencies of the euro area countries),Italian lira,1993-11-11,1869.86,,
ESTAT:ERT_H_EUR_D(1.0),08/01/26 11:00:00,Daily,Average,National currency (former currencies of the euro area countries),Italian lira,1993-11-12,1878.37,,
ESTAT:ERT_H_EUR_D(1.0),08/01/26 11:00:00,Daily,Average,National currency (former currencies of the euro area countries),Italian lira,1993-11-15,1890.65,,
ESTAT:ERT_H_EUR_D(1.0),08/01/26 11:00:00,Daily,Average,National currency (former currencies of the euro area countries),Italian lira,1993-11-16,1887.44,,
ESTAT:ERT_H_EUR_D(1.0),08/01/26 11:00:00,Daily,Average,National currency (former currencies of the euro area countries),Italian lira,1993-11-17,1878.21,,
ESTAT:ERT_H_EUR_D(1.0),08/01/26 11:00:00,Daily,Average,National currency (former currencies of the euro area countries),Italian lira,1993-11-18,1877.36,,
ESTAT:ERT_H_EUR_D(1.0),08/01/26 11:00:00,Daily,Average,National currency (former currencies of the euro area countries),Italian lira,1993-11-19,1882.33,,
ESTAT:ERT_H_EUR_D(1.0),08/01/26 11:00:00,Daily,Average,National currency (former currencies of the euro area countries),Italian lira,1993-11-22,1896.12,,
ESTAT:ERT_H_EUR_D(1.0),08/01/26 11:00:00,Daily,Average,National currency (former currencies of the euro area countries),Italian lira,1993-11-23,1914.38,,
ESTAT:ERT_H_EUR_D(1.0),08/01/26 11:00:00,Daily,Average,National currency (former currencies of the euro area countries),Italian lira,1993-11-24,1897.58,,
ESTAT:ERT_H_EUR_D(1.0),08/01/26 11:00:00,Daily,Average,National currency (former currencies of the euro area countries),Italian lira,1993-11-25,1899.50,,
ESTAT:ERT_H_EUR_D(1.0),08/01/26 11:00:00,Daily,Average,National currency (former currencies of the euro area countries),Italian lira,1993-11-26,1902.56,,
ESTAT:ERT_H_EUR_D(1.0),08/01/26 11:00:00,Daily,Average,National currency (former currencies of the euro area countries),Italian lira,1993-11-29,1900.92,,
ESTAT:ERT_H_EUR_D(1.0),08/01/26 11:00:00,Daily,Average,National currency (former currencies of the euro area countries),Italian lira,1993-11-30,1912.51,,
ESTAT:ERT_H_EUR_D(1.0),08/01/26 11:00:00,Daily,Average,National currency (former currencies of the euro area countries),Italian lira,1993-12-01,1919.04,,
ESTAT:ERT_H_EUR_D(1.0),08/01/26 11:00:00,Daily,Average,National currency (former currencies of the euro area countries),Italian lira,1993-12-02,1920.82,,
ESTAT:ERT_H_EUR_D(1.0),08/01/26 11:00:00,Daily,Average,National currency (former currencies of the euro area countries),Italian lira,1993-12-03,1923.50,,
ESTAT:ERT_H_EUR_D(1.0),08/01/26 11:00:00,Daily,Average,National currency (former currencies of the euro area countries),Italian lira,1993-12-06,1913.83,,
ESTAT:ERT_H_EUR_D(1.0),08/01/26 11:00:00,Daily,Average,National currency (former currencies of the euro area countries),Italian lira,1993-12-07,1894.77,,
ESTAT:ERT_H_EUR_D(1.0),08/01/26 11:00:00,Daily,Average,National currency (former currencies of the euro area countries),Italian lira,1993-12-08,1892.14,,
ESTAT:ERT_H_EUR_D(1.0),08/01/26 11:00:00,Daily,Average,National currency (former currencies of the euro area countries),Italian lira,1993-12-09,1900.41,,
ESTAT:ERT_H_EUR_D(1.0),08/01/26 11:00:00,Daily,Average,National currency (former currencies of the euro area countries),Italian lira,1993-12-10,1902.42,,
ESTAT:ERT_H_EUR_D(1.0),08/01/26 11:00:00,Daily,Average,National currency (former currencies of the euro area countries),Italian lira,1993-12-13,1910.74,,
ESTAT:ERT_H_EUR_D(1.0),08/01/26 11:00:00,Daily,Average,National currency (former currencies of the euro area countries),Italian lira,1993-12-14,1906.38,,
ESTAT:ERT_H_EUR_D(1.0),08/01/26 11:00:00,Daily,Average,National currency (former currencies of the euro area countries),Italian lira,1993-12-15,1902.84,,
ESTAT:ERT_H_EUR_D(1.0),08/01/26 11:00:00,Daily,Average,National currency (former currencies of the euro area countries),Italian lira,1993-12-16,1907.43,,
ESTAT:ERT_H_EUR_D(1.0),08/01/26 11:00:00,Daily,Average,National currency (former currencies of the euro area countries),Italian lira,1993-12-17,1909.12,,
ESTAT:ERT_H_EUR_D(1.0),08/01/26 11:00:00,Daily,Average,National currency (former currencies of the euro area countries),Italian lira,1993-12-20,1900.60,,
ESTAT:ERT_H_EUR_D(1.0),08/01/26 11:00:00,Daily,Average,National currency (former currencies of the euro area countries),Italian lira,1993-12-21,1894.17,,
ESTAT:ERT_H_EUR_D(1.0),08/01/26 11:00:00,Daily,Average,National currency (former currencies of the euro area countries),Italian lira,1993-12-22,1893.30,,
ESTAT:ERT_H_EUR_D(1.0),08/01/26 11:00:00,Daily,Average,National currency (former currencies of the euro area countries),Italian lira,1993-12-23,1891.54,,
ESTAT:ERT_H_EUR_D(1.0),08/01/26 11:00:00,Daily,Average,National currency (former currencies of the euro area countries),Italian lira,1993-12-24,1897.53,,
ESTAT:ERT_H_EUR_D(1.0),08/01/26 11:00:00,Daily,Average,National currency (former currencies of the euro area countries),Italian lira,1993-12-27,1907.99,,
ESTAT:ERT_H_EUR_D(1.0),08/01/26 11:00:00,Daily,Average,National currency (former currencies of the euro area countries),Italian lira,1993-12-28,1910.07,,
ESTAT:ERT_H_EUR_D(1.0),08/01/26 11:00:00,Daily,Average,National currency (former currencies of the euro area countries),Italian lira,1993-12-29,1913.46,,
ESTAT:ERT_H_EUR_D(1.0),08/01/26 11:00:00,Daily,Average,National currency (former currencies of the euro area countries),Italian lira,1993-12-30,1908.39,,
ESTAT:ERT_H_EUR_D(1.0),08/01/26 11:00:00,Daily,Average,National currency (former currencies of the euro area countries),Italian lira,1993-12-31,1909.98,,
ESTAT:ERT_H_EUR_D(1.0),08/01/26 11:00:00,Daily,Average,National currency (former currencies of the euro area countries),Italian lira,1994-01-03,1907.82,,
ESTAT:ERT_H_EUR_D(1.0),08/01/26 11:00:00,Daily,Average,National currency (former currencies of the euro area countries),Italian lira,1994-01-04,1897.54,,
ESTAT:ERT_H_EUR_D(1.0),08/01/26 11:00:00,Daily,Average,National currency (former currencies of the euro area countries),Italian lira,1994-01-05,1888.38,,
ESTAT:ERT_H_EUR_D(1.0),08/01/26 11:00:00,Daily,Average,National currency (former currencies of the euro area countries),Italian lira,1994-01-06,1880.51,,
ESTAT:ERT_H_EUR_D(1.0),08/01/26 11:00:00,Daily,Average,National currency (former currencies of the euro area countries),Italian lira,1994-01-07,1893.45,,
ESTAT:ERT_H_EUR_D(1.0),08/01/26 11:00:00,Daily,Average,National currency (former currencies of the euro area countries),Italian lira,1994-01-10,1901.93,,
ESTAT:ERT_H_EUR_D(1.0),08/01/26 11:00:00,Daily,Average,National currency (former currencies of the euro area countries),Italian lira,1994-01-11,1899.75,,
ESTAT:ERT_H_EUR_D(1.0),08/01/26 11:00:00,Daily,Average,National currency (former currencies of the euro area countries),Italian lira,1994-01-12,1893.35,,
ESTAT:ERT_H_EUR_D(1.0),08/01/26 11:00:00,Daily,Average,National currency (former currencies of the euro area countries),Italian lira,1994-01-13,1889.30,,
ESTAT:ERT_H_EUR_D(1.0),08/01/26 11:00:00,Daily,Average,National currency (former currencies of the euro area countries),Italian lira,1994-01-14,1896.21,,
ESTAT:ERT_H_EUR_D(1.0),08/01/26 11:00:00,Daily,Average,National currency (former currencies of the euro area countries),Italian lira,1994-01-17,1889.79,,
ESTAT:ERT_H_EUR_D(1.0),08/01/26 11:00:00,Daily,Average,National currency (former currencies of the euro area countries),Italian lira,1994-01-18,1887.85,,
ESTAT:ERT_H_EUR_D(1.0),08/01/26 11:00:00,Daily,Average,National currency (former currencies of the euro area countries),Italian lira,1994-01-19,1892.29,,
ESTAT:ERT_H_EUR_D(1.0),08/01/26 11:00:00,Daily,Average,National currency (former currencies of the euro area countries),Italian lira,1994-01-20,1895.23,,
ESTAT:ERT_H_EUR_D(1.0),08/01/26 11:00:00,Daily,Average,National currency (former currencies of the euro area countries),Italian lira,1994-01-21,1896.41,,
ESTAT:ERT_H_EUR_D(1.0),08/01/26 11:00:00,Daily,Average,National currency (former currencies of the euro area countries),Italian lira,1994-01-24,1896.02,,
ESTAT:ERT_H_EUR_D(1.0),08/01/26 11:00:00,Daily,Average,National currency (former currencies of the euro area countries),Italian lira,1994-01-25,1890.28,,
ESTAT:ERT_H_EUR_D(1.0),08/01/26 11:00:00,Daily,Average,National currency (former currencies of the euro area countries),Italian lira,1994-01-26,1891.81,,
ESTAT:ERT_H_EUR_D(1.0),08/01/26 11:00:00,Daily,Average,National currency (former currencies of the euro area countries),Italian lira,1994-01-27,1898.41,,
ESTAT:ERT_H_EUR_D(1.0),08/01/26 11:00:00,Daily,Average,National currency (former currencies of the euro area countries),Italian lira,1994-01-28,1898.18,,
ESTAT:ERT_H_EUR_D(1.0),08/01/26 11:00:00,Daily,Average,National currency (former currencies of the euro area countries),Italian lira,1994-01-31,1895.90,,
ESTAT:ERT_H_EUR_D(1.0),08/01/26 11:00:00,Daily,Average,National currency (former currencies of the euro area countries),Italian lira,1994-02-01,1896.38,,
ESTAT:ERT_H_EUR_D(1.0),08/01/26 11:00:00,Daily,Average,National currency (former currencies of the euro area countries),Italian lira,1994-02-02,1896.33,,
ESTAT:ERT_H_EUR_D(1.0),08/01/26 11:00:00,Daily,Average,National currency (former currencies of the euro area countries),Italian lira,1994-02-03,1891.97,,
ESTAT:ERT_H_EUR_D(1.0),08/01/26 11:00:00,Daily,Average,National currency (former currencies of the euro area countries),Italian lira,1994-02-04,1885.52,,
ESTAT:ERT_H_EUR_D(1.0),08/01/26 11:00:00,Daily,Average,National currency (former currencies of the euro area countries),Italian lira,1994-02-07,1878.13,,
ESTAT:ERT_H_EUR_D(1.0),08/01/26 11:00:00,Daily,Average,National currency (former currencies of the euro area countries),Italian lira,1994-02-08,1877.52,,
ESTAT:ERT_H_EUR_D(1.0),08/01/26 11:00:00,Daily,Average,National currency (former currencies of the euro area countries),Italian lira,1994-02-09,1866.72,,
ESTAT:ERT_H_EUR_D(1.0),08/01/26 11:00:00,Daily,Average,National currency (former currencies of the euro area countries),Italian lira,1994-02-10,1866.88,,
ESTAT:ERT_H_EUR_D(1.0),08/01/26 11:00:00,Daily,Average,National currency (former currencies of the euro area countries),Italian lira,1994-02-11,1875.49,,
ESTAT:ERT_H_EUR_D(1.0),08/01/26 11:00:00,Daily,Average,National currency (former currencies of the euro area countries),Italian lira,1994-02-14,1873.93,,
ESTAT:ERT_H_EUR_D(1.0),08/01/26 11:00:00,Daily,Average,National currency (former currencies of the euro area countries),Italian lira,1994-02-15,1881.29,,
ESTAT:ERT_H_EUR_D(1.0),08/01/26 11:00:00,Daily,Average,National currency (former currencies of the euro area countries),Italian lira,1994-02-16,1889.06,,
ESTAT:ERT_H_EUR_D(1.0),08/01/26 11:00:00,Daily,Average,National currency (former currencies of the euro area countries),Italian lira,1994-02-17,1886.03,,
ESTAT:ERT_H_EUR_D(1.0),08/01/26 11:00:00,Daily,Average,National currency (former currencies of the euro area countries),Italian lira,1994-02-18,1884.21,,
ESTAT:ERT_H_EUR_D(1.0),08/01/26 11:00:00,Daily,Average,National currency (former currencies of the euro area countries),Italian lira,1994-02-21,1881.38,,
ESTAT:ERT_H_EUR_D(1.0),08/01/26 11:00:00,Daily,Average,National currency (former currencies of the euro area countries),Italian lira,1994-02-22,1883.68,,
ESTAT:ERT_H_EUR_D(1.0),08/01/26 11:00:00,Daily,Average,National currency (former currencies of the euro area countries),Italian lira,1994-02-23,1887.39,,
ESTAT:ERT_H_EUR_D(1.0),08/01/26 11:00:00,Daily,Average,National currency (former currencies of the euro area countries),Italian lira,1994-02-24,1886.61,,
ESTAT:ERT_H_EUR_D(1.0),08/01/26 11:00:00,Daily,Average,National currency (former currencies of the euro area countries),Italian lira,1994-02-25,1900.59,,
ESTAT:ERT_H_EUR_D(1.0),08/01/26 11:00:00,Daily,Average,National currency (former currencies of the euro area countries),Italian lira,1994-02-28,1906.27,,
ESTAT:ERT_H_EUR_D(1.0),08/01/26 11:00:00,Daily,Average,National currency (former currencies of the euro area countries),Italian lira,1994-03-01,1918.28,,
ESTAT:ERT_H_EUR_D(1.0),08/01/26 11:00:00,Daily,Average,National currency (former currencies of the euro area countries),Italian lira,1994-03-02,1918.99,,
ESTAT:ERT_H_EUR_D(1.0),08/01/26 11:00:00,Daily,Average,National currency (former currencies of the euro area countries),Italian lira,1994-03-03,1907.73,,
ESTAT:ERT_H_EUR_D(1.0),08/01/26 11:00:00,Daily,Average,National currency (former currencies of the euro area countries),Italian lira,1994-03-04,1903.85,,
ESTAT:ERT_H_EUR_D(1.0),08/01/26 11:00:00,Daily,Average,National currency (former currencies of the euro area countries),Italian lira,1994-03-07,1903.76,,
ESTAT:ERT_H_EUR_D(1.0),08/01/26 11:00:00,Daily,Average,National currency (former currencies of the euro area countries),Italian lira,1994-03-08,1907.11,,
ESTAT:ERT_H_EUR_D(1.0),08/01/26 11:00:00,Daily,Average,National currency (former currencies of the euro area countries),Italian lira,1994-03-09,1909.21,,
ESTAT:ERT_H_EUR_D(1.0),08/01/26 11:00:00,Daily,Average,National currency (former currencies of the euro area countries),Italian lira,1994-03-10,1914.51,,
ESTAT:ERT_H_EUR_D(1.0),08/01/26 11:00:00,Daily,Average,National currency (former currencies of the euro area countries),Italian lira,1994-03-11,1911.49,,
ESTAT:ERT_H_EUR_D(1.0),08/01/26 11:00:00,Daily,Average,National currency (former currencies of the euro area countries),Italian lira,1994-03-14,1910.65,,
ESTAT:ERT_H_EUR_D(1.0),08/01/26 11:00:00,Daily,Average,National currency (former currencies of the euro area countries),Italian lira,1994-03-15,1907.90,,
ESTAT:ERT_H_EUR_D(1.0),08/01/26 11:00:00,Daily,Average,National currency (former currencies of the euro area countries),Italian lira,1994-03-16,1905.38,,
ESTAT:ERT_H_EUR_D(1.0),08/01/26 11:00:00,Daily,Average,National currency (former currencies of the euro area countries),Italian lira,1994-03-17,1906.78,,
ESTAT:ERT_H_EUR_D(1.0),08/01/26 11:00:00,Daily,Average,National currency (former currencies of the euro area countries),Italian lira,1994-03-18,1911.62,,
ESTAT:ERT_H_EUR_D(1.0),08/01/26 11:00:00,Daily,Average,National currency (former currencies of the euro area countries),Italian lira,1994-03-21,1908.33,,
ESTAT:ERT_H_EUR_D(1.0),08/01/26 11:00:00,Daily,Average,National currency (former currencies of the euro area countries),Italian lira,1994-03-22,1906.87,,
ESTAT:ERT_H_EUR_D(1.0),08/01/26 11:00:00,Daily,Average,National currency (former currencies of the euro area countries),Italian lira,1994-03-23,1906.48,,
ESTAT:ERT_H_EUR_D(1.0),08/01/26 11:00:00,Daily,Average,National currency (former currencies of the euro area countries),Italian lira,1994-03-24,1911.30,,
ESTAT:ERT_H_EUR_D(1.0),08/01/26 11:00:00,Daily,Average,National currency (former currencies of the euro area countries),Italian lira,1994-03-25,1911.55,,
ESTAT:ERT_H_EUR_D(1.0),08/01/26 11:00:00,Daily,Average,National currency (former currencies of the euro area countries),Italian lira,1994-03-28,1890.83,,
ESTAT:ERT_H_EUR_D(1.0),08/01/26 11:00:00,Daily,Average,National currency (former currencies of the euro area countries),Italian lira,1994-03-29,1883.91,,
ESTAT:ERT_H_EUR_D(1.0),08/01/26 11:00:00,Daily,Average,National currency (former currencies of the euro area countries),Italian lira,1994-03-30,1877.35,,
ESTAT:ERT_H_EUR_D(1.0),08/01/26 11:00:00,Daily,Average,National currency (former currencies of the euro area countries),Italian lira,1994-03-31,1860.45,,
ESTAT:ERT_H_EUR_D(1.0),08/01/26 11:00:00,Daily,Average,National currency (former currencies of the euro area countries),Italian lira,1994-04-05,1860.15,,
ESTAT:ERT_H_EUR_D(1.0),08/01/26 11:00:00,Daily,Average,National currency (former currencies of the euro area countries),Italian lira,1994-04-06,1866.18,,
ESTAT:ERT_H_EUR_D(1.0),08/01/26 11:00:00,Daily,Average,National currency (former currencies of the euro area countries),Italian lira,1994-04-07,1856.51,,
ESTAT:ERT_H_EUR_D(1.0),08/01/26 11:00:00,Daily,Average,National currency (former currencies of the euro area countries),Italian lira,1994-04-08,1844.19,,
ESTAT:ERT_H_EUR_D(1.0),08/01/26 11:00:00,Daily,Average,National currency (former currencies of the euro area countries),Italian lira,1994-04-11,1837.78,,
ESTAT:ERT_H_EUR_D(1.0),08/01/26 11:00:00,Daily,Average,National currency (former currencies of the euro area countries),Italian lira,1994-04-12,1847.45,,
ESTAT:ERT_H_EUR_D(1.0),08/01/26 11:00:00,Daily,Average,National currency (former currencies of the euro area countries),Italian lira,1994-04-13,1847.85,,
ESTAT:ERT_H_EUR_D(1.0),08/01/26 11:00:00,Daily,Average,National currency (former currencies of the euro area countries),Italian lira,1994-04-14,1847.64,,
ESTAT:ERT_H_EUR_D(1.0),08/01/26 11:00:00,Daily,Average,National currency (former currencies of the euro area countries),Italian lira,1994-04-15,1850.06,,
ESTAT:ERT_H_EUR_D(1.0),08/01/26 11:00:00,Daily,Average,National currency (former currencies of the euro area countries),Italian lira,1994-04-18,1847.04,,
ESTAT:ERT_H_EUR_D(1.0),08/01/26 11:00:00,Daily,Average,National currency (former currencies of the euro area countries),Italian lira,1994-04-19,1849.04,,
ESTAT:ERT_H_EUR_D(1.0),08/01/26 11:00:00,Daily,Average,National currency (former currencies of the euro area countries),Italian lira,1994-04-20,1852.94,,
ESTAT:ERT_H_EUR_D(1.0),08/01/26 11:00:00,Daily,Average,National currency (former currencies of the euro area countries),Italian lira,1994-04-21,1853.09,,
ESTAT:ERT_H_EUR_D(1.0),08/01/26 11:00:00,Daily,Average,National currency (former currencies of the euro area countries),Italian lira,1994-04-22,1851.74,,
ESTAT:ERT_H_EUR_D(1.0),08/01/26 11:00:00,Daily,Average,National currency (former currencies of the euro area countries),Italian lira,1994-04-25,1851.49,,
ESTAT:ERT_H_EUR_D(1.0),08/01/26 11:00:00,Daily,Average,National currency (former currencies of the euro area countries),Italian lira,1994-04-26,1847.64,,
ESTAT:ERT_H_EUR_D(1.0),08/01/26 11:00:00,Daily,Average,National currency (former currencies of the euro area countries),Italian lira,1994-04-27,1858.63,,
ESTAT:ERT_H_EUR_D(1.0),08/01/26 11:00:00,Daily,Average,National currency (former currencies of the euro area countries),Italian lira,1994-04-28,1853.37,,
ESTAT:ERT_H_EUR_D(1.0),08/01/26 11:00:00,Daily,Average,National currency (former currencies of the euro area countries),Italian lira,1994-04-29,1854.48,,
ESTAT:ERT_H_EUR_D(1.0),08/01/26 11:00:00,Daily,Average,National currency (former currencies of the euro area countries),Italian lira,1994-05-02,1854.58,,
ESTAT:ERT_H_EUR_D(1.0),08/01/26 11:00:00,Daily,Average,National currency (former currencies of the euro area countries),Italian lira,1994-05-03,1860.57,,
ESTAT:ERT_H_EUR_D(1.0),08/01/26 11:00:00,Daily,Average,National currency (former currencies of the euro area countries),Italian lira,1994-05-04,1860.79,,
ESTAT:ERT_H_EUR_D(1.0),08/01/26 11:00:00,Daily,Average,National currency (former currencies of the euro area countries),Italian lira,1994-05-05,1867.71,,
ESTAT:ERT_H_EUR_D(1.0),08/01/26 11:00:00,Daily,Average,National currency (former currencies of the euro area countries),Italian lira,1994-05-06,1854.20,,
ESTAT:ERT_H_EUR_D(1.0),08/01/26 11:00:00,Daily,Average,National currency (former currencies of the euro area countries),Italian lira,1994-05-09,1850.46,,
ESTAT:ERT_H_EUR_D(1.0),08/01/26 11:00:00,Daily,Average,National currency (former currencies of the euro area countries),Italian lira,1994-05-10,1843.01,,
ESTAT:ERT_H_EUR_D(1.0),08/01/26 11:00:00,Daily,Average,National currency (former currencies of the euro area countries),Italian lira,1994-05-11,1847.78,,
ESTAT:ERT_H_EUR_D(1.0),08/01/26 11:00:00,Daily,Average,National currency (former currencies of the euro area countries),Italian lira,1994-05-13,1848.16,,
ESTAT:ERT_H_EUR_D(1.0),08/01/26 11:00:00,Daily,Average,National currency (former currencies of the euro area countries),Italian lira,1994-05-16,1856.30,,
ESTAT:ERT_H_EUR_D(1.0),08/01/26 11:00:00,Daily,Average,National currency (former currencies of the euro area countries),Italian lira,1994-05-17,1853.18,,
ESTAT:ERT_H_EUR_D(1.0),08/01/26 11:00:00,Daily,Average,National currency (former currencies of the euro area countries),Italian lira,1994-05-18,1848.30,,
ESTAT:ERT_H_EUR_D(1.0),08/01/26 11:00:00,Daily,Average,National currency (former currencies of the euro area countries),Italian lira,1994-05-19,1849.58,,
ESTAT:ERT_H_EUR_D(1.0),08/01/26 11:00:00,Daily,Average,National currency (former currencies of the euro area countries),Italian lira,1994-05-20,1851.80,,
ESTAT:ERT_H_EUR_D(1.0),08/01/26 11:00:00,Daily,Average,National currency (former currencies of the euro area countries),Italian lira,1994-05-24,1862.10,,
ESTAT:ERT_H_EUR_D(1.0),08/01/26 11:00:00,Daily,Average,National currency (former currencies of the euro area countries),Italian lira,1994-05-25,1863.66,,
ESTAT:ERT_H_EUR_D(1.0),08/01/26 11:00:00,Daily,Average,National currency (former currencies of the euro area countries),Italian lira,1994-05-26,1871.22,,
ESTAT:ERT_H_EUR_D(1.0),08/01/26 11:00:00,Daily,Average,National currency (former currencies of the euro area countries),Italian lira,1994-05-27,1866.02,,
ESTAT:ERT_H_EUR_D(1.0),08/01/26 11:00:00,Daily,Average,National currency (former currencies of the euro area countries),Italian lira,1994-05-30,1864.99,,
ESTAT:ERT_H_EUR_D(1.0),08/01/26 11:00:00,Daily,Average,National currency (former currencies of the euro area countries),Italian lira,1994-05-31,1868.61,,
ESTAT:ERT_H_EUR_D(1.0),08/01/26 11:00:00,Daily,Average,National currency (former currencies of the euro area countries),Italian lira,1994-06-01,1868.95,,
ESTAT:ERT_H_EUR_D(1.0),08/01/26 11:00:00,Daily,Average,National currency (former currencies of the euro area countries),Italian lira,1994-06-02,1869.83,,
ESTAT:ERT_H_EUR_D(1.0),08/01/26 11:00:00,Daily,Average,National currency (former currencies of the euro area countries),Italian lira,1994-06-03,1879.15,,
ESTAT:ERT_H_EUR_D(1.0),08/01/26 11:00:00,Daily,Average,National currency (former currencies of the euro area countries),Italian lira,1994-06-06,1874.96,,
ESTAT:ERT_H_EUR_D(1.0),08/01/26 11:00:00,Daily,Average,National currency (former currencies of the euro area countries),Italian lira,1994-06-07,1872.91,,
ESTAT:ERT_H_EUR_D(1.0),08/01/26 11:00:00,Daily,Average,National currency (former currencies of the euro area countries),Italian lira,1994-06-08,1875.91,,
ESTAT:ERT_H_EUR_D(1.0),08/01/26 11:00:00,Daily,Average,National currency (former currencies of the euro area countries),Italian lira,1994-06-09,1875.16,,
ESTAT:ERT_H_EUR_D(1.0),08/01/26 11:00:00,Daily,Average,National currency (former currencies of the euro area countries),Italian lira,1994-06-10,1871.50,,
ESTAT:ERT_H_EUR_D(1.0),08/01/26 11:00:00,Daily,Average,National currency (former currencies of the euro area countries),Italian lira,1994-06-13,1868.86,,
ESTAT:ERT_H_EUR_D(1.0),08/01/26 11:00:00,Daily,Average,National currency (former currencies of the euro area countries),Italian lira,1994-06-14,1874.47,,
ESTAT:ERT_H_EUR_D(1.0),08/01/26 11:00:00,Daily,Average,National currency (former currencies of the euro area countries),Italian lira,1994-06-15,1881.34,,
ESTAT:ERT_H_EUR_D(1.0),08/01/26 11:00:00,Daily,Average,National currency (former currencies of the euro area countries),Italian lira,1994-06-16,1885.66,,
ESTAT:ERT_H_EUR_D(1.0),08/01/26 11:00:00,Daily,Average,National currency (former currencies of the euro area countries),Italian lira,1994-06-17,1892.11,,
ESTAT:ERT_H_EUR_D(1.0),08/01/26 11:00:00,Daily,Average,National currency (former currencies of the euro area countries),Italian lira,1994-06-20,1905.04,,
ESTAT:ERT_H_EUR_D(1.0),08/01/26 11:00:00,Daily,Average,National currency (former currencies of the euro area countries),Italian lira,1994-06-21,1897.65,,
ESTAT:ERT_H_EUR_D(1.0),08/01/26 11:00:00,Daily,Average,National currency (former currencies of the euro area countries),Italian lira,1994-06-22,1893.12,,
ESTAT:ERT_H_EUR_D(1.0),08/01/26 11:00:00,Daily,Average,National currency (former currencies of the euro area countries),Italian lira,1994-06-23,1891.00,,
ESTAT:ERT_H_EUR_D(1.0),08/01/26 11:00:00,Daily,Average,National currency (former currencies of the euro area countries),Italian lira,1994-06-24,1895.95,,
ESTAT:ERT_H_EUR_D(1.0),08/01/26 11:00:00,Daily,Average,National currency (former currencies of the euro area countries),Italian lira,1994-06-27,1898.96,,
ESTAT:ERT_H_EUR_D(1.0),08/01/26 11:00:00,Daily,Average,National currency (former currencies of the euro area countries),Italian lira,1994-06-28,1898.20,,
ESTAT:ERT_H_EUR_D(1.0),08/01/26 11:00:00,Daily,Average,National currency (former currencies of the euro area countries),Italian lira,1994-06-29,1900.64,,
ESTAT:ERT_H_EUR_D(1.0),08/01/26 11:00:00,Daily,Average,National currency (former currencies of the euro area countries),Italian lira,1994-06-30,1909.77,,
ESTAT:ERT_H_EUR_D(1.0),08/01/26 11:00:00,Daily,Average,National currency (former currencies of the euro area countries),Italian lira,1994-07-01,1910.21,,
ESTAT:ERT_H_EUR_D(1.0),08/01/26 11:00:00,Daily,Average,National currency (former currencies of the euro area countries),Italian lira,1994-07-04,1904.53,,
ESTAT:ERT_H_EUR_D(1.0),08/01/26 11:00:00,Daily,Average,National currency (former currencies of the euro area countries),Italian lira,1994-07-05,1905.42,,
ESTAT:ERT_H_EUR_D(1.0),08/01/26 11:00:00,Daily,Average,National currency (former currencies of the euro area countries),Italian lira,1994-07-06,1911.53,,
ESTAT:ERT_H_EUR_D(1.0),08/01/26 11:00:00,Daily,Average,National currency (former currencies of the euro area countries),Italian lira,1994-07-07,1905.37,,
ESTAT:ERT_H_EUR_D(1.0),08/01/26 11:00:00,Daily,Average,National currency (former currencies of the euro area countries),Italian lira,1994-07-08,1906.60,,
ESTAT:ERT_H_EUR_D(1.0),08/01/26 11:00:00,Daily,Average,National currency (former currencies of the euro area countries),Italian lira,1994-07-11,1904.66,,
ESTAT:ERT_H_EUR_D(1.0),08/01/26 11:00:00,Daily,Average,National currency (former currencies of the euro area countries),Italian lira,1994-07-12,1899.07,,
ESTAT:ERT_H_EUR_D(1.0),08/01/26 11:00:00,Daily,Average,National currency (former currencies of the euro area countries),Italian lira,1994-07-13,1899.65,,
ESTAT:ERT_H_EUR_D(1.0),08/01/26 11:00:00,Daily,Average,National currency (former currencies of the euro area countries),Italian lira,1994-07-14,1901.16,,
ESTAT:ERT_H_EUR_D(1.0),08/01/26 11:00:00,Daily,Average,National currency (former currencies of the euro area countries),Italian lira,1994-07-15,1907.78,,
ESTAT:ERT_H_EUR_D(1.0),08/01/26 11:00:00,Daily,Average,National currency (former currencies of the euro area countries),Italian lira,1994-07-18,1920.62,,
ESTAT:ERT_H_EUR_D(1.0),08/01/26 11:00:00,Daily,Average,National currency (former currencies of the euro area countries),Italian lira,1994-07-19,1928.14,,
ESTAT:ERT_H_EUR_D(1.0),08/01/26 11:00:00,Daily,Average,National currency (former currencies of the euro area countries),Italian lira,1994-07-20,1915.77,,
ESTAT:ERT_H_EUR_D(1.0),08/01/26 11:00:00,Daily,Average,National currency (former currencies of the euro area countries),Italian lira,1994-07-21,1912.27,,
ESTAT:ERT_H_EUR_D(1.0),08/01/26 11:00:00,Daily,Average,National currency (former currencies of the euro area countries),Italian lira,1994-07-22,1905.27,,
ESTAT:ERT_H_EUR_D(1.0),08/01/26 11:00:00,Daily,Average,National currency (former currencies of the euro area countries),Italian lira,1994-07-25,1910.81,,
ESTAT:ERT_H_EUR_D(1.0),08/01/26 11:00:00,Daily,Average,National currency (former currencies of the euro area countries),Italian lira,1994-07-26,1914.43,,
ESTAT:ERT_H_EUR_D(1.0),08/01/26 11:00:00,Daily,Average,National currency (former currencies of the euro area countries),Italian lira,1994-07-27,1924.85,,
ESTAT:ERT_H_EUR_D(1.0),08/01/26 11:00:00,Daily,Average,National currency (former currencies of the euro area countries),Italian lira,1994-07-28,1929.14,,
ESTAT:ERT_H_EUR_D(1.0),08/01/26 11:00:00,Daily,Average,National currency (former currencies of the euro area countries),Italian lira,1994-07-29,1920.87,,
ESTAT:ERT_H_EUR_D(1.0),08/01/26 11:00:00,Daily,Average,National currency (former currencies of the euro area countries),Italian lira,1994-08-01,1928.30,,
ESTAT:ERT_H_EUR_D(1.0),08/01/26 11:00:00,Daily,Average,National currency (former currencies of the euro area countries),Italian lira,1994-08-02,1924.37,,
ESTAT:ERT_H_EUR_D(1.0),08/01/26 11:00:00,Daily,Average,National currency (former currencies of the euro area countries),Italian lira,1994-08-03,1919.41,,
ESTAT:ERT_H_EUR_D(1.0),08/01/26 11:00:00,Daily,Average,National currency (former currencies of the euro area countries),Italian lira,1994-08-04,1912.53,,
ESTAT:ERT_H_EUR_D(1.0),08/01/26 11:00:00,Daily,Average,National currency (former currencies of the euro area countries),Italian lira,1994-08-05,1916.66,,
ESTAT:ERT_H_EUR_D(1.0),08/01/26 11:00:00,Daily,Average,National currency (former currencies of the euro area countries),Italian lira,1994-08-08,1914.87,,
ESTAT:ERT_H_EUR_D(1.0),08/01/26 11:00:00,Daily,Average,National currency (former currencies of the euro area countries),Italian lira,1994-08-09,1919.64,,
ESTAT:ERT_H_EUR_D(1.0),08/01/26 11:00:00,Daily,Average,National currency (former currencies of the euro area countries),Italian lira,1994-08-10,1925.12,,
ESTAT:ERT_H_EUR_D(1.0),08/01/26 11:00:00,Daily,Average,National currency (former currencies of the euro area countries),Italian lira,1994-08-11,1933.33,,
ESTAT:ERT_H_EUR_D(1.0),08/01/26 11:00:00,Daily,Average,National currency (former currencies of the euro area countries),Italian lira,1994-08-12,1959.65,,
ESTAT:ERT_H_EUR_D(1.0),08/01/26 11:00:00,Daily,Average,National currency (former currencies of the euro area countries),Italian lira,1994-08-15,1956.30,,
ESTAT:ERT_H_EUR_D(1.0),08/01/26 11:00:00,Daily,Average,National currency (former currencies of the euro area countries),Italian lira,1994-08-16,1953.27,,
ESTAT:ERT_H_EUR_D(1.0),08/01/26 11:00:00,Daily,Average,National currency (former currencies of the euro area countries),Italian lira,1994-08-17,1949.97,,
ESTAT:ERT_H_EUR_D(1.0),08/01/26 11:00:00,Daily,Average,National currency (former currencies of the euro area countries),Italian lira,1994-08-18,1955.86,,
ESTAT:ERT_H_EUR_D(1.0),08/01/26 11:00:00,Daily,Average,National currency (former currencies of the euro area countries),Italian lira,1994-08-19,1945.70,,
ESTAT:ERT_H_EUR_D(1.0),08/01/26 11:00:00,Daily,Average,National currency (former currencies of the euro area countries),Italian lira,1994-08-22,1947.72,,
ESTAT:ERT_H_EUR_D(1.0),08/01/26 11:00:00,Daily,Average,National currency (former currencies of the euro area countries),Italian lira,1994-08-23,1946.84,,
ESTAT:ERT_H_EUR_D(1.0),08/01/26 11:00:00,Daily,Average,National currency (former currencies of the euro area countries),Italian lira,1994-08-24,1942.42,,
ESTAT:ERT_H_EUR_D(1.0),08/01/26 11:00:00,Daily,Average,National currency (former currencies of the euro area countries),Italian lira,1994-08-25,1941.41,,
ESTAT:ERT_H_EUR_D(1.0),08/01/26 11:00:00,Daily,Average,National currency (former currencies of the euro area countries),Italian lira,1994-08-26,1943.22,,
ESTAT:ERT_H_EUR_D(1.0),08/01/26 11:00:00,Daily,Average,National currency (former currencies of the euro area countries),Italian lira,1994-08-29,1935.56,,
ESTAT:ERT_H_EUR_D(1.0),08/01/26 11:00:00,Daily,Average,National currency (former currencies of the euro area countries),Italian lira,1994-08-30,1934.34,,
ESTAT:ERT_H_EUR_D(1.0),08/01/26 11:00:00,Daily,Average,National currency (former currencies of the euro area countries),Italian lira,1994-08-31,1925.44,,
ESTAT:ERT_H_EUR_D(1.0),08/01/26 11:00:00,Daily,Average,National currency (former currencies of the euro area countries),Italian lira,1994-09-01,1921.68,,
ESTAT:ERT_H_EUR_D(1.0),08/01/26 11:00:00,Daily,Average,National currency (former currencies of the euro area countries),Italian lira,1994-09-02,1923.88,,
ESTAT:ERT_H_EUR_D(1.0),08/01/26 11:00:00,Daily,Average,National currency (former currencies of the euro area countries),Italian lira,1994-09-05,1931.61,,
ESTAT:ERT_H_EUR_D(1.0),08/01/26 11:00:00,Daily,Average,National currency (former currencies of the euro area countries),Italian lira,1994-09-06,1942.08,,
ESTAT:ERT_H_EUR_D(1.0),08/01/26 11:00:00,Daily,Average,National currency (former currencies of the euro area countries),Italian lira,1994-09-07,1949.24,,
ESTAT:ERT_H_EUR_D(1.0),08/01/26 11:00:00,Daily,Average,National currency (former currencies of the euro area countries),Italian lira,1994-09-08,1944.25,,
ESTAT:ERT_H_EUR_D(1.0),08/01/26 11:00:00,Daily,Average,National currency (former currencies of the euro area countries),Italian lira,1994-09-09,1944.99,,
ESTAT:ERT_H_EUR_D(1.0),08/01/26 11:00:00,Daily,Average,National currency (former currencies of the euro area countries),Italian lira,1994-09-12,1946.53,,
ESTAT:ERT_H_EUR_D(1.0),08/01/26 11:00:00,Daily,Average,National currency (former currencies of the euro area countries),Italian lira,1994-09-13,1943.90,,
ESTAT:ERT_H_EUR_D(1.0),08/01/26 11:00:00,Daily,Average,National currency (former currencies of the euro area countries),Italian lira,1994-09-14,1942.86,,
ESTAT:ERT_H_EUR_D(1.0),08/01/26 11:00:00,Daily,Average,National currency (former currencies of the euro area countries),Italian lira,1994-09-15,1940.01,,
ESTAT:ERT_H_EUR_D(1.0),08/01/26 11:00:00,Daily,Average,National currency (former currencies of the euro area countries),Italian lira,1994-09-16,1934.74,,
ESTAT:ERT_H_EUR_D(1.0),08/01/26 11:00:00,Daily,Average,National currency (former currencies of the euro area countries),Italian lira,1994-09-19,1939.48,,
ESTAT:ERT_H_EUR_D(1.0),08/01/26 11:00:00,Daily,Average,National currency (former currencies of the euro area countries),Italian lira,1994-09-20,1934.72,,
ESTAT:ERT_H_EUR_D(1.0),08/01/26 11:00:00,Daily,Average,National currency (former currencies of the euro area countries),Italian lira,1994-09-21,1927.66,,
ESTAT:ERT_H_EUR_D(1.0),08/01/26 11:00:00,Daily,Average,National currency (former currencies of the euro area countries),Italian lira,1994-09-22,1939.79,,
ESTAT:ERT_H_EUR_D(1.0),08/01/26 11:00:00,Daily,Average,National currency (former currencies of the euro area countries),Italian lira,1994-09-23,1934.18,,
ESTAT:ERT_H_EUR_D(1.0),08/01/26 11:00:00,Daily,Average,National currency (former currencies of the euro area countries),Italian lira,1994-09-26,1930.92,,
ESTAT:ERT_H_EUR_D(1.0),08/01/26 11:00:00,Daily,Average,National currency (former currencies of the euro area countries),Italian lira,1994-09-27,1930.53,,
ESTAT:ERT_H_EUR_D(1.0),08/01/26 11:00:00,Daily,Average,National currency (former currencies of the euro area countries),Italian lira,1994-09-28,1932.12,,
ESTAT:ERT_H_EUR_D(1.0),08/01/26 11:00:00,Daily,Average,National currency (former currencies of the euro area countries),Italian lira,1994-09-29,1930.71,,
ESTAT:ERT_H_EUR_D(1.0),08/01/26 11:00:00,Daily,Average,National currency (former currencies of the euro area countries),Italian lira,1994-09-30,1931.68,,
ESTAT:ERT_H_EUR_D(1.0),08/01/26 11:00:00,Daily,Average,National currency (former currencies of the euro area countries),Italian lira,1994-10-03,1932.52,,
ESTAT:ERT_H_EUR_D(1.0),08/01/26 11:00:00,Daily,Average,National currency (former currencies of the euro area countries),Italian lira,1994-10-04,1935.83,,
ESTAT:ERT_H_EUR_D(1.0),08/01/26 11:00:00,Daily,Average,National currency (former currencies of the euro area countries),Italian lira,1994-10-05,1949.42,,
ESTAT:ERT_H_EUR_D(1.0),08/01/26 11:00:00,Daily,Average,National currency (former currencies of the euro area countries),Italian lira,1994-10-06,1944.72,,
ESTAT:ERT_H_EUR_D(1.0),08/01/26 11:00:00,Daily,Average,National currency (former currencies of the euro area countries),Italian lira,1994-10-07,1954.53,,
ESTAT:ERT_H_EUR_D(1.0),08/01/26 11:00:00,Daily,Average,National currency (former currencies of the euro area countries),Italian lira,1994-10-10,1951.49,,
ESTAT:ERT_H_EUR_D(1.0),08/01/26 11:00:00,Daily,Average,National currency (former currencies of the euro area countries),Italian lira,1994-10-11,1953.88,,
ESTAT:ERT_H_EUR_D(1.0),08/01/26 11:00:00,Daily,Average,National currency (former currencies of the euro area countries),Italian lira,1994-10-12,1949.60,,
ESTAT:ERT_H_EUR_D(1.0),08/01/26 11:00:00,Daily,Average,National currency (former currencies of the euro area countries),Italian lira,1994-10-13,1947.62,,
ESTAT:ERT_H_EUR_D(1.0),08/01/26 11:00:00,Daily,Average,National currency (former currencies of the euro area countries),Italian lira,1994-10-14,1951.92,,
ESTAT:ERT_H_EUR_D(1.0),08/01/26 11:00:00,Daily,Average,National currency (former currencies of the euro area countries),Italian lira,1994-10-17,1956.77,,
ESTAT:ERT_H_EUR_D(1.0),08/01/26 11:00:00,Daily,Average,National currency (former currencies of the euro area countries),Italian lira,1994-10-18,1952.61,,
ESTAT:ERT_H_EUR_D(1.0),08/01/26 11:00:00,Daily,Average,National currency (former currencies of the euro area countries),Italian lira,1994-10-19,1955.14,,
ESTAT:ERT_H_EUR_D(1.0),08/01/26 11:00:00,Daily,Average,National currency (former currencies of the euro area countries),Italian lira,1994-10-20,1953.37,,
ESTAT:ERT_H_EUR_D(1.0),08/01/26 11:00:00,Daily,Average,National currency (former currencies of the euro area countries),Italian lira,1994-10-21,1959.54,,
ESTAT:ERT_H_EUR_D(1.0),08/01/26 11:00:00,Daily,Average,National currency (former currencies of the euro area countries),Italian lira,1994-10-24,1958.47,,
ESTAT:ERT_H_EUR_D(1.0),08/01/26 11:00:00,Daily,Average,National currency (former currencies of the euro area countries),Italian lira,1994-10-25,1961.63,,
ESTAT:ERT_H_EUR_D(1.0),08/01/26 11:00:00,Daily,Average,National currency (former currencies of the euro area countries),Italian lira,1994-10-26,1958.13,,
ESTAT:ERT_H_EUR_D(1.0),08/01/26 11:00:00,Daily,Average,National currency (former currencies of the euro area countries),Italian lira,1994-10-27,1957.27,,
ESTAT:ERT_H_EUR_D(1.0),08/01/26 11:00:00,Daily,Average,National currency (former currencies of the euro area countries),Italian lira,1994-10-28,1960.56,,
ESTAT:ERT_H_EUR_D(1.0),08/01/26 11:00:00,Daily,Average,National currency (former currencies of the euro area countries),Italian lira,1994-10-31,1959.96,,
ESTAT:ERT_H_EUR_D(1.0),08/01/26 11:00:00,Daily,Average,National currency (former currencies of the euro area countries),Italian lira,1994-11-01,1970.58,,
ESTAT:ERT_H_EUR_D(1.0),08/01/26 11:00:00,Daily,Average,National currency (former currencies of the euro area countries),Italian lira,1994-11-02,1967.46,,
ESTAT:ERT_H_EUR_D(1.0),08/01/26 11:00:00,Daily,Average,National currency (former currencies of the euro area countries),Italian lira,1994-11-03,1966.31,,
ESTAT:ERT_H_EUR_D(1.0),08/01/26 11:00:00,Daily,Average,National currency (former currencies of the euro area countries),Italian lira,1994-11-04,1965.38,,
ESTAT:ERT_H_EUR_D(1.0),08/01/26 11:00:00,Daily,Average,National currency (former currencies of the euro area countries),Italian lira,1994-11-07,1965.62,,
ESTAT:ERT_H_EUR_D(1.0),08/01/26 11:00:00,Daily,Average,National currency (former currencies of the euro area countries),Italian lira,1994-11-08,1965.16,,
ESTAT:ERT_H_EUR_D(1.0),08/01/26 11:00:00,Daily,Average,National currency (former currencies of the euro area countries),Italian lira,1994-11-09,1966.94,,
ESTAT:ERT_H_EUR_D(1.0),08/01/26 11:00:00,Daily,Average,National currency (former currencies of the euro area countries),Italian lira,1994-11-10,1966.65,,
ESTAT:ERT_H_EUR_D(1.0),08/01/26 11:00:00,Daily,Average,National currency (former currencies of the euro area countries),Italian lira,1994-11-11,1961.59,,
ESTAT:ERT_H_EUR_D(1.0),08/01/26 11:00:00,Daily,Average,National currency (former currencies of the euro area countries),Italian lira,1994-11-14,1964.66,,
ESTAT:ERT_H_EUR_D(1.0),08/01/26 11:00:00,Daily,Average,National currency (former currencies of the euro area countries),Italian lira,1994-11-15,1962.86,,
ESTAT:ERT_H_EUR_D(1.0),08/01/26 11:00:00,Daily,Average,National currency (former currencies of the euro area countries),Italian lira,1994-11-16,1958.14,,
ESTAT:ERT_H_EUR_D(1.0),08/01/26 11:00:00,Daily,Average,National currency (former currencies of the euro area countries),Italian lira,1994-11-17,1964.41,,
ESTAT:ERT_H_EUR_D(1.0),08/01/26 11:00:00,Daily,Average,National currency (former currencies of the euro area countries),Italian lira,1994-11-18,1961.35,,
ESTAT:ERT_H_EUR_D(1.0),08/01/26 11:00:00,Daily,Average,National currency (former currencies of the euro area countries),Italian lira,1994-11-21,1962.93,,
ESTAT:ERT_H_EUR_D(1.0),08/01/26 11:00:00,Daily,Average,National currency (former currencies of the euro area countries),Italian lira,1994-11-22,1969.03,,
ESTAT:ERT_H_EUR_D(1.0),08/01/26 11:00:00,Daily,Average,National currency (former currencies of the euro area countries),Italian lira,1994-11-23,1977.38,,
ESTAT:ERT_H_EUR_D(1.0),08/01/26 11:00:00,Daily,Average,National currency (former currencies of the euro area countries),Italian lira,1994-11-24,1976.96,,
ESTAT:ERT_H_EUR_D(1.0),08/01/26 11:00:00,Daily,Average,National currency (former currencies of the euro area countries),Italian lira,1994-11-25,1982.60,,
ESTAT:ERT_H_EUR_D(1.0),08/01/26 11:00:00,Daily,Average,National currency (former currencies of the euro area countries),Italian lira,1994-11-28,1978.94,,
ESTAT:ERT_H_EUR_D(1.0),08/01/26 11:00:00,Daily,Average,National currency (former currencies of the euro area countries),Italian lira,1994-11-29,1973.45,,
ESTAT:ERT_H_EUR_D(1.0),08/01/26 11:00:00,Daily,Average,National currency (former currencies of the euro area countries),Italian lira,1994-11-30,1972.79,,
ESTAT:ERT_H_EUR_D(1.0),08/01/26 11:00:00,Daily,Average,National currency (former currencies of the euro area countries),Italian lira,1994-12-01,1969.56,,
ESTAT:ERT_H_EUR_D(1.0),08/01/26 11:00:00,Daily,Average,National currency (former currencies of the euro area countries),Italian lira,1994-12-02,1966.37,,
ESTAT:ERT_H_EUR_D(1.0),08/01/26 11:00:00,Daily,Average,National currency (former currencies of the euro area countries),Italian lira,1994-12-05,1966.35,,
ESTAT:ERT_H_EUR_D(1.0),08/01/26 11:00:00,Daily,Average,National currency (former currencies of the euro area countries),Italian lira,1994-12-06,1975.72,,
ESTAT:ERT_H_EUR_D(1.0),08/01/26 11:00:00,Daily,Average,National currency (former currencies of the euro area countries),Italian lira,1994-12-07,1977.03,,
ESTAT:ERT_H_EUR_D(1.0),08/01/26 11:00:00,Daily,Average,National currency (former currencies of the euro area countries),Italian lira,1994-12-08,1976.02,,
ESTAT:ERT_H_EUR_D(1.0),08/01/26 11:00:00,Daily,Average,National currency (former currencies of the euro area countries),Italian lira,1994-12-09,1977.94,,
ESTAT:ERT_H_EUR_D(1.0),08/01/26 11:00:00,Daily,Average,National currency (former currencies of the euro area countries),Italian lira,1994-12-12,1984.50,,
ESTAT:ERT_H_EUR_D(1.0),08/01/26 11:00:00,Daily,Average,National currency (former currencies of the euro area countries),Italian lira,1994-12-13,1991.63,,
ESTAT:ERT_H_EUR_D(1.0),08/01/26 11:00:00,Daily,Average,National currency (former currencies of the euro area countries),Italian lira,1994-12-14,1990.22,,
ESTAT:ERT_H_EUR_D(1.0),08/01/26 11:00:00,Daily,Average,National currency (former currencies of the euro area countries),Italian lira,1994-12-15,1985.51,,
ESTAT:ERT_H_EUR_D(1.0),08/01/26 11:00:00,Daily,Average,National currency (former currencies of the euro area countries),Italian lira,1994-12-16,1990.77,,
ESTAT:ERT_H_EUR_D(1.0),08/01/26 11:00:00,Daily,Average,National currency (former currencies of the euro area countries),Italian lira,1994-12-19,1999.22,,
ESTAT:ERT_H_EUR_D(1.0),08/01/26 11:00:00,Daily,Average,National currency (former currencies of the euro area countries),Italian lira,1994-12-20,2003.03,,
ESTAT:ERT_H_EUR_D(1.0),08/01/26 11:00:00,Daily,Average,National currency (former currencies of the euro area countries),Italian lira,1994-12-21,1996.76,,
ESTAT:ERT_H_EUR_D(1.0),08/01/26 11:00:00,Daily,Average,National currency (former currencies of the euro area countries),Italian lira,1994-12-22,1987.81,,
ESTAT:ERT_H_EUR_D(1.0),08/01/26 11:00:00,Daily,Average,National currency (former currencies of the euro area countries),Italian lira,1994-12-23,1986.10,,
ESTAT:ERT_H_EUR_D(1.0),08/01/26 11:00:00,Daily,Average,National currency (former currencies of the euro area countries),Italian lira,1994-12-27,1985.75,,
ESTAT:ERT_H_EUR_D(1.0),08/01/26 11:00:00,Daily,Average,National currency (former currencies of the euro area countries),Italian lira,1994-12-28,1991.40,,
ESTAT:ERT_H_EUR_D(1.0),08/01/26 11:00:00,Daily,Average,National currency (former currencies of the euro area countries),Italian lira,1994-12-29,1995.60,,
ESTAT:ERT_H_EUR_D(1.0),08/01/26 11:00:00,Daily,Average,National currency (former currencies of the euro area countries),Italian lira,1994-12-30,1997.45,,
ESTAT:ERT_H_EUR_D(1.0),08/01/26 11:00:00,Daily,Average,National currency (former currencies of the euro area countries),Italian lira,1995-01-02,1998.11,,
ESTAT:ERT_H_EUR_D(1.0),08/01/26 11:00:00,Daily,Average,National currency (former currencies of the euro area countries),Italian lira,1995-01-03,1989.22,,
ESTAT:ERT_H_EUR_D(1.0),08/01/26 11:00:00,Daily,Average,National currency (former currencies of the euro area countries),Italian lira,1995-01-04,1990.52,,
ESTAT:ERT_H_EUR_D(1.0),08/01/26 11:00:00,Daily,Average,National currency (former currencies of the euro area countries),Italian lira,1995-01-05,1988.26,,
ESTAT:ERT_H_EUR_D(1.0),08/01/26 11:00:00,Daily,Average,National currency (former currencies of the euro area countries),Italian lira,1995-01-06,1993.28,,
ESTAT:ERT_H_EUR_D(1.0),08/01/26 11:00:00,Daily,Average,National currency (former currencies of the euro area countries),Italian lira,1995-01-09,1991.84,,
ESTAT:ERT_H_EUR_D(1.0),08/01/26 11:00:00,Daily,Average,National currency (former currencies of the euro area countries),Italian lira,1995-01-10,2006.89,,
ESTAT:ERT_H_EUR_D(1.0),08/01/26 11:00:00,Daily,Average,National currency (former currencies of the euro area countries),Italian lira,1995-01-11,2009.41,,
ESTAT:ERT_H_EUR_D(1.0),08/01/26 11:00:00,Daily,Average,National currency (former currencies of the euro area countries),Italian lira,1995-01-12,2007.81,,
ESTAT:ERT_H_EUR_D(1.0),08/01/26 11:00:00,Daily,Average,National currency (former currencies of the euro area countries),Italian lira,1995-01-13,2007.78,,
ESTAT:ERT_H_EUR_D(1.0),08/01/26 11:00:00,Daily,Average,National currency (former currencies of the euro area countries),Italian lira,1995-01-16,1985.07,,
ESTAT:ERT_H_EUR_D(1.0),08/01/26 11:00:00,Daily,Average,National currency (former currencies of the euro area countries),Italian lira,1995-01-17,1990.57,,
ESTAT:ERT_H_EUR_D(1.0),08/01/26 11:00:00,Daily,Average,National currency (former currencies of the euro area countries),Italian lira,1995-01-18,2011.01,,
ESTAT:ERT_H_EUR_D(1.0),08/01/26 11:00:00,Daily,Average,National currency (former currencies of the euro area countries),Italian lira,1995-01-19,1996.78,,
ESTAT:ERT_H_EUR_D(1.0),08/01/26 11:00:00,Daily,Average,National currency (former currencies of the euro area countries),Italian lira,1995-01-20,2004.36,,
ESTAT:ERT_H_EUR_D(1.0),08/01/26 11:00:00,Daily,Average,National currency (former currencies of the euro area countries),Italian lira,1995-01-23,1989.92,,
ESTAT:ERT_H_EUR_D(1.0),08/01/26 11:00:00,Daily,Average,National currency (former currencies of the euro area countries),Italian lira,1995-01-24,1991.95,,
ESTAT:ERT_H_EUR_D(1.0),08/01/26 11:00:00,Daily,Average,National currency (former currencies of the euro area countries),Italian lira,1995-01-25,2000.32,,
ESTAT:ERT_H_EUR_D(1.0),08/01/26 11:00:00,Daily,Average,National currency (former currencies of the euro area countries),Italian lira,1995-01-26,2004.30,,
ESTAT:ERT_H_EUR_D(1.0),08/01/26 11:00:00,Daily,Average,National currency (former currencies of the euro area countries),Italian lira,1995-01-27,2009.51,,
ESTAT:ERT_H_EUR_D(1.0),08/01/26 11:00:00,Daily,Average,National currency (former currencies of the euro area countries),Italian lira,1995-01-30,2006.26,,
ESTAT:ERT_H_EUR_D(1.0),08/01/26 11:00:00,Daily,Average,National currency (former currencies of the euro area countries),Italian lira,1995-01-31,2005.13,,
ESTAT:ERT_H_EUR_D(1.0),08/01/26 11:00:00,Daily,Average,National currency (former currencies of the euro area countries),Italian lira,1995-02-01,2007.80,,
ESTAT:ERT_H_EUR_D(1.0),08/01/26 11:00:00,Daily,Average,National currency (former currencies of the euro area countries),Italian lira,1995-02-02,2006.42,,
ESTAT:ERT_H_EUR_D(1.0),08/01/26 11:00:00,Daily,Average,National currency (former currencies of the euro area countries),Italian lira,1995-02-03,2007.50,,
ESTAT:ERT_H_EUR_D(1.0),08/01/26 11:00:00,Daily,Average,National currency (former currencies of the euro area countries),Italian lira,1995-02-06,1997.99,,
ESTAT:ERT_H_EUR_D(1.0),08/01/26 11:00:00,Daily,Average,National currency (former currencies of the euro area countries),Italian lira,1995-02-07,1998.84,,
ESTAT:ERT_H_EUR_D(1.0),08/01/26 11:00:00,Daily,Average,National currency (former currencies of the euro area countries),Italian lira,1995-02-08,2002.78,,
ESTAT:ERT_H_EUR_D(1.0),08/01/26 11:00:00,Daily,Average,National currency (former currencies of the euro area countries),Italian lira,1995-02-09,2004.98,,
ESTAT:ERT_H_EUR_D(1.0),08/01/26 11:00:00,Daily,Average,National currency (former currencies of the euro area countries),Italian lira,1995-02-10,2008.41,,
ESTAT:ERT_H_EUR_D(1.0),08/01/26 11:00:00,Daily,Average,National currency (former currencies of the euro area countries),Italian lira,1995-02-13,2014.42,,
ESTAT:ERT_H_EUR_D(1.0),08/01/26 11:00:00,Daily,Average,National currency (former currencies of the euro area countries),Italian lira,1995-02-14,2008.42,,
ESTAT:ERT_H_EUR_D(1.0),08/01/26 11:00:00,Daily,Average,National currency (former currencies of the euro area countries),Italian lira,1995-02-15,2014.16,,
ESTAT:ERT_H_EUR_D(1.0),08/01/26 11:00:00,Daily,Average,National currency (former currencies of the euro area countries),Italian lira,1995-02-16,2031.26,,
ESTAT:ERT_H_EUR_D(1.0),08/01/26 11:00:00,Daily,Average,National currency (former currencies of the euro area countries),Italian lira,1995-02-17,2044.43,,
ESTAT:ERT_H_EUR_D(1.0),08/01/26 11:00:00,Daily,Average,National currency (former currencies of the euro area countries),Italian lira,1995-02-20,2043.37,,
ESTAT:ERT_H_EUR_D(1.0),08/01/26 11:00:00,Daily,Average,National currency (former currencies of the euro area countries),Italian lira,1995-02-21,2062.37,,
ESTAT:ERT_H_EUR_D(1.0),08/01/26 11:00:00,Daily,Average,National currency (former currencies of the euro area countries),Italian lira,1995-02-22,2070.26,,
ESTAT:ERT_H_EUR_D(1.0),08/01/26 11:00:00,Daily,Average,National currency (former currencies of the euro area countries),Italian lira,1995-02-23,2067.75,,
ESTAT:ERT_H_EUR_D(1.0),08/01/26 11:00:00,Daily,Average,National currency (former currencies of the euro area countries),Italian lira,1995-02-24,2081.03,,
ESTAT:ERT_H_EUR_D(1.0),08/01/26 11:00:00,Daily,Average,National currency (former currencies of the euro area countries),Italian lira,1995-02-27,2143.98,,
ESTAT:ERT_H_EUR_D(1.0),08/01/26 11:00:00,Daily,Average,National currency (former currencies of the euro area countries),Italian lira,1995-02-28,2139.01,,
ESTAT:ERT_H_EUR_D(1.0),08/01/26 11:00:00,Daily,Average,National currency (former currencies of the euro area countries),Italian lira,1995-03-01,2096.71,,
ESTAT:ERT_H_EUR_D(1.0),08/01/26 11:00:00,Daily,Average,National currency (former currencies of the euro area countries),Italian lira,1995-03-02,2126.37,,
ESTAT:ERT_H_EUR_D(1.0),08/01/26 11:00:00,Daily,Average,National currency (former currencies of the euro area countries),Italian lira,1995-03-03,2149.26,,
ESTAT:ERT_H_EUR_D(1.0),08/01/26 11:00:00,Daily,Average,National currency (former currencies of the euro area countries),Italian lira,1995-03-06,2206.14,,
ESTAT:ERT_H_EUR_D(1.0),08/01/26 11:00:00,Daily,Average,National currency (former currencies of the euro area countries),Italian lira,1995-03-07,2193.67,,
ESTAT:ERT_H_EUR_D(1.0),08/01/26 11:00:00,Daily,Average,National currency (former currencies of the euro area countries),Italian lira,1995-03-08,2197.22,,
ESTAT:ERT_H_EUR_D(1.0),08/01/26 11:00:00,Daily,Average,National currency (former currencies of the euro area countries),Italian lira,1995-03-09,2186.26,,
ESTAT:ERT_H_EUR_D(1.0),08/01/26 11:00:00,Daily,Average,National currency (former currencies of the euro area countries),Italian lira,1995-03-10,2188.11,,
ESTAT:ERT_H_EUR_D(1.0),08/01/26 11:00:00,Daily,Average,National currency (former currencies of the euro area countries),Italian lira,1995-03-13,2221.75,,
ESTAT:ERT_H_EUR_D(1.0),08/01/26 11:00:00,Daily,Average,National currency (former currencies of the euro area countries),Italian lira,1995-03-14,2207.63,,
ESTAT:ERT_H_EUR_D(1.0),08/01/26 11:00:00,Daily,Average,National currency (former currencies of the euro area countries),Italian lira,1995-03-15,2220.97,,
ESTAT:ERT_H_EUR_D(1.0),08/01/26 11:00:00,Daily,Average,National currency (former currencies of the euro area countries),Italian lira,1995-03-16,2225.04,,
ESTAT:ERT_H_EUR_D(1.0),08/01/26 11:00:00,Daily,Average,National currency (former currencies of the euro area countries),Italian lira,1995-03-17,2337.99,,
ESTAT:ERT_H_EUR_D(1.0),08/01/26 11:00:00,Daily,Average,National currency (former currencies of the euro area countries),Italian lira,1995-03-20,2283.73,,
ESTAT:ERT_H_EUR_D(1.0),08/01/26 11:00:00,Daily,Average,National currency (former currencies of the euro area countries),Italian lira,1995-03-21,2272.12,,
ESTAT:ERT_H_EUR_D(1.0),08/01/26 11:00:00,Daily,Average,National currency (former currencies of the euro area countries),Italian lira,1995-03-22,2227.11,,
ESTAT:ERT_H_EUR_D(1.0),08/01/26 11:00:00,Daily,Average,National currency (former currencies of the euro area countries),Italian lira,1995-03-23,2278.13,,
ESTAT:ERT_H_EUR_D(1.0),08/01/26 11:00:00,Daily,Average,National currency (former currencies of the euro area countries),Italian lira,1995-03-24,2265.34,,
ESTAT:ERT_H_EUR_D(1.0),08/01/26 11:00:00,Daily,Average,National currency (former currencies of the euro area countries),Italian lira,1995-03-27,2249.05,,
ESTAT:ERT_H_EUR_D(1.0),08/01/26 11:00:00,Daily,Average,National currency (former currencies of the euro area countries),Italian lira,1995-03-28,2247.38,,
ESTAT:ERT_H_EUR_D(1.0),08/01/26 11:00:00,Daily,Average,National currency (former currencies of the euro area countries),Italian lira,1995-03-29,2276.13,,
ESTAT:ERT_H_EUR_D(1.0),08/01/26 11:00:00,Daily,Average,National currency (former currencies of the euro area countries),Italian lira,1995-03-30,2258.97,,
ESTAT:ERT_H_EUR_D(1.0),08/01/26 11:00:00,Daily,Average,National currency (former currencies of the euro area countries),Italian lira,1995-03-31,2291.05,,
ESTAT:ERT_H_EUR_D(1.0),08/01/26 11:00:00,Daily,Average,National currency (former currencies of the euro area countries),Italian lira,1995-04-03,2314.20,,
ESTAT:ERT_H_EUR_D(1.0),08/01/26 11:00:00,Daily,Average,National currency (former currencies of the euro area countries),Italian lira,1995-04-04,2305.45,,
ESTAT:ERT_H_EUR_D(1.0),08/01/26 11:00:00,Daily,Average,National currency (former currencies of the euro area countries),Italian lira,1995-04-05,2309.76,,
ESTAT:ERT_H_EUR_D(1.0),08/01/26 11:00:00,Daily,Average,National currency (former currencies of the euro area countries),Italian lira,1995-04-06,2303.52,,
ESTAT:ERT_H_EUR_D(1.0),08/01/26 11:00:00,Daily,Average,National currency (former currencies of the euro area countries),Italian lira,1995-04-07,2293.67,,
ESTAT:ERT_H_EUR_D(1.0),08/01/26 11:00:00,Daily,Average,National currency (former currencies of the euro area countries),Italian lira,1995-04-10,2279.04,,
ESTAT:ERT_H_EUR_D(1.0),08/01/26 11:00:00,Daily,Average,National currency (former currencies of the euro area countries),Italian lira,1995-04-11,2280.23,,
ESTAT:ERT_H_EUR_D(1.0),08/01/26 11:00:00,Daily,Average,National currency (former currencies of the euro area countries),Italian lira,1995-04-12,2291.45,,
ESTAT:ERT_H_EUR_D(1.0),08/01/26 11:00:00,Daily,Average,National currency (former currencies of the euro area countries),Italian lira,1995-04-13,2280.36,,
ESTAT:ERT_H_EUR_D(1.0),08/01/26 11:00:00,Daily,Average,National currency (former currencies of the euro area countries),Italian lira,1995-04-18,2303.69,,
ESTAT:ERT_H_EUR_D(1.0),08/01/26 11:00:00,Daily,Average,National currency (former currencies of the euro area countries),Italian lira,1995-04-19,2313.05,,
ESTAT:ERT_H_EUR_D(1.0),08/01/26 11:00:00,Daily,Average,National currency (former currencies of the euro area countries),Italian lira,1995-04-20,2320.79,,
ESTAT:ERT_H_EUR_D(1.0),08/01/26 11:00:00,Daily,Average,National currency (former currencies of the euro area countries),Italian lira,1995-04-21,2309.12,,
ESTAT:ERT_H_EUR_D(1.0),08/01/26 11:00:00,Daily,Average,National currency (former currencies of the euro area countries),Italian lira,1995-04-24,2309.29,,
ESTAT:ERT_H_EUR_D(1.0),08/01/26 11:00:00,Daily,Average,National currency (former currencies of the euro area countries),Italian lira,1995-04-25,2285.93,,
ESTAT:ERT_H_EUR_D(1.0),08/01/26 11:00:00,Daily,Average,National currency (former currencies of the euro area countries),Italian lira,1995-04-26,2293.87,,
ESTAT:ERT_H_EUR_D(1.0),08/01/26 11:00:00,Daily,Average,National currency (former currencies of the euro area countries),Italian lira,1995-04-27,2285.75,,
ESTAT:ERT_H_EUR_D(1.0),08/01/26 11:00:00,Daily,Average,National currency (former currencies of the euro area countries),Italian lira,1995-04-28,2251.66,,
ESTAT:ERT_H_EUR_D(1.0),08/01/26 11:00:00,Daily,Average,National currency (former currencies of the euro area countries),Italian lira,1995-05-02,2237.20,,
ESTAT:ERT_H_EUR_D(1.0),08/01/26 11:00:00,Daily,Average,National currency (former currencies of the euro area countries),Italian lira,1995-05-03,2238.09,,
ESTAT:ERT_H_EUR_D(1.0),08/01/26 11:00:00,Daily,Average,National currency (former currencies of the euro area countries),Italian lira,1995-05-04,2236.60,,
ESTAT:ERT_H_EUR_D(1.0),08/01/26 11:00:00,Daily,Average,National currency (former currencies of the euro area countries),Italian lira,1995-05-05,2207.90,,
ESTAT:ERT_H_EUR_D(1.0),08/01/26 11:00:00,Daily,Average,National currency (former currencies of the euro area countries),Italian lira,1995-05-08,2199.28,,
ESTAT:ERT_H_EUR_D(1.0),08/01/26 11:00:00,Daily,Average,National currency (former currencies of the euro area countries),Italian lira,1995-05-09,2202.59,,
ESTAT:ERT_H_EUR_D(1.0),08/01/26 11:00:00,Daily,Average,National currency (former currencies of the euro area countries),Italian lira,1995-05-10,2175.53,,
ESTAT:ERT_H_EUR_D(1.0),08/01/26 11:00:00,Daily,Average,National currency (former currencies of the euro area countries),Italian lira,1995-05-11,2170.06,,
ESTAT:ERT_H_EUR_D(1.0),08/01/26 11:00:00,Daily,Average,National currency (former currencies of the euro area countries),Italian lira,1995-05-12,2160.61,,
ESTAT:ERT_H_EUR_D(1.0),08/01/26 11:00:00,Daily,Average,National currency (former currencies of the euro area countries),Italian lira,1995-05-15,2116.05,,
ESTAT:ERT_H_EUR_D(1.0),08/01/26 11:00:00,Daily,Average,National currency (former currencies of the euro area countries),Italian lira,1995-05-16,2125.09,,
ESTAT:ERT_H_EUR_D(1.0),08/01/26 11:00:00,Daily,Average,National currency (former currencies of the euro area countries),Italian lira,1995-05-17,2147.37,,
ESTAT:ERT_H_EUR_D(1.0),08/01/26 11:00:00,Daily,Average,National currency (former currencies of the euro area countries),Italian lira,1995-05-18,2143.09,,
ESTAT:ERT_H_EUR_D(1.0),08/01/26 11:00:00,Daily,Average,National currency (former currencies of the euro area countries),Italian lira,1995-05-19,2155.80,,
ESTAT:ERT_H_EUR_D(1.0),08/01/26 11:00:00,Daily,Average,National currency (former currencies of the euro area countries),Italian lira,1995-05-22,2168.03,,
ESTAT:ERT_H_EUR_D(1.0),08/01/26 11:00:00,Daily,Average,National currency (former currencies of the euro area countries),Italian lira,1995-05-23,2194.68,,
ESTAT:ERT_H_EUR_D(1.0),08/01/26 11:00:00,Daily,Average,National currency (former currencies of the euro area countries),Italian lira,1995-05-24,2182.32,,
ESTAT:ERT_H_EUR_D(1.0),08/01/26 11:00:00,Daily,Average,National currency (former currencies of the euro area countries),Italian lira,1995-05-26,2211.95,,
ESTAT:ERT_H_EUR_D(1.0),08/01/26 11:00:00,Daily,Average,National currency (former currencies of the euro area countries),Italian lira,1995-05-29,2203.66,,
ESTAT:ERT_H_EUR_D(1.0),08/01/26 11:00:00,Daily,Average,National currency (former currencies of the euro area countries),Italian lira,1995-05-30,2190.95,,
ESTAT:ERT_H_EUR_D(1.0),08/01/26 11:00:00,Daily,Average,National currency (former currencies of the euro area countries),Italian lira,1995-05-31,2171.23,,
ESTAT:ERT_H_EUR_D(1.0),08/01/26 11:00:00,Daily,Average,National currency (former currencies of the euro area countries),Italian lira,1995-06-01,2157.19,,
ESTAT:ERT_H_EUR_D(1.0),08/01/26 11:00:00,Daily,Average,National currency (former currencies of the euro area countries),Italian lira,1995-06-02,2168.22,,
ESTAT:ERT_H_EUR_D(1.0),08/01/26 11:00:00,Daily,Average,National currency (former currencies of the euro area countries),Italian lira,1995-06-06,2149.83,,
ESTAT:ERT_H_EUR_D(1.0),08/01/26 11:00:00,Daily,Average,National currency (former currencies of the euro area countries),Italian lira,1995-06-07,2168.14,,
ESTAT:ERT_H_EUR_D(1.0),08/01/26 11:00:00,Daily,Average,National currency (former currencies of the euro area countries),Italian lira,1995-06-08,2170.55,,
ESTAT:ERT_H_EUR_D(1.0),08/01/26 11:00:00,Daily,Average,National currency (former currencies of the euro area countries),Italian lira,1995-06-09,2175.70,,
ESTAT:ERT_H_EUR_D(1.0),08/01/26 11:00:00,Daily,Average,National currency (former currencies of the euro area countries),Italian lira,1995-06-12,2199.43,,
ESTAT:ERT_H_EUR_D(1.0),08/01/26 11:00:00,Daily,Average,National currency (former currencies of the euro area countries),Italian lira,1995-06-13,2211.18,,
ESTAT:ERT_H_EUR_D(1.0),08/01/26 11:00:00,Daily,Average,National currency (former currencies of the euro area countries),Italian lira,1995-06-14,2183.90,,
ESTAT:ERT_H_EUR_D(1.0),08/01/26 11:00:00,Daily,Average,National currency (former currencies of the euro area countries),Italian lira,1995-06-15,2181.90,,
ESTAT:ERT_H_EUR_D(1.0),08/01/26 11:00:00,Daily,Average,National currency (former currencies of the euro area countries),Italian lira,1995-06-16,2190.43,,
ESTAT:ERT_H_EUR_D(1.0),08/01/26 11:00:00,Daily,Average,National currency (former currencies of the euro area countries),Italian lira,1995-06-19,2195.25,,
ESTAT:ERT_H_EUR_D(1.0),08/01/26 11:00:00,Daily,Average,National currency (former currencies of the euro area countries),Italian lira,1995-06-20,2193.55,,
ESTAT:ERT_H_EUR_D(1.0),08/01/26 11:00:00,Daily,Average,National currency (former currencies of the euro area countries),Italian lira,1995-06-21,2190.19,,
ESTAT:ERT_H_EUR_D(1.0),08/01/26 11:00:00,Daily,Average,National currency (former currencies of the euro area countries),Italian lira,1995-06-22,2189.32,,
ESTAT:ERT_H_EUR_D(1.0),08/01/26 11:00:00,Daily,Average,National currency (former currencies of the euro area countries),Italian lira,1995-06-23,2176.58,,
ESTAT:ERT_H_EUR_D(1.0),08/01/26 11:00:00,Daily,Average,National currency (former currencies of the euro area countries),Italian lira,1995-06-26,2178.40,,
ESTAT:ERT_H_EUR_D(1.0),08/01/26 11:00:00,Daily,Average,National currency (former currencies of the euro area countries),Italian lira,1995-06-27,2185.43,,
ESTAT:ERT_H_EUR_D(1.0),08/01/26 11:00:00,Daily,Average,National currency (former currencies of the euro area countries),Italian lira,1995-06-28,2185.59,,
ESTAT:ERT_H_EUR_D(1.0),08/01/26 11:00:00,Daily,Average,National currency (former currencies of the euro area countries),Italian lira,1995-06-29,2185.50,,
ESTAT:ERT_H_EUR_D(1.0),08/01/26 11:00:00,Daily,Average,National currency (former currencies of the euro area countries),Italian lira,1995-06-30,2202.07,,
ESTAT:ERT_H_EUR_D(1.0),08/01/26 11:00:00,Daily,Average,National currency (former currencies of the euro area countries),Italian lira,1995-07-03,2193.79,,
ESTAT:ERT_H_EUR_D(1.0),08/01/26 11:00:00,Daily,Average,National currency (former currencies of the euro area countries),Italian lira,1995-07-04,2186.84,,
ESTAT:ERT_H_EUR_D(1.0),08/01/26 11:00:00,Daily,Average,National currency (former currencies of the euro area countries),Italian lira,1995-07-05,2179.62,,
ESTAT:ERT_H_EUR_D(1.0),08/01/26 11:00:00,Daily,Average,National currency (former currencies of the euro area countries),Italian lira,1995-07-06,2184.67,,
ESTAT:ERT_H_EUR_D(1.0),08/01/26 11:00:00,Daily,Average,National currency (former currencies of the euro area countries),Italian lira,1995-07-07,2166.97,,
ESTAT:ERT_H_EUR_D(1.0),08/01/26 11:00:00,Daily,Average,National currency (former currencies of the euro area countries),Italian lira,1995-07-10,2161.98,,
ESTAT:ERT_H_EUR_D(1.0),08/01/26 11:00:00,Daily,Average,National currency (former currencies of the euro area countries),Italian lira,1995-07-11,2162.63,,
ESTAT:ERT_H_EUR_D(1.0),08/01/26 11:00:00,Daily,Average,National currency (former currencies of the euro area countries),Italian lira,1995-07-12,2158.86,,
ESTAT:ERT_H_EUR_D(1.0),08/01/26 11:00:00,Daily,Average,National currency (former currencies of the euro area countries),Italian lira,1995-07-13,2151.30,,
ESTAT:ERT_H_EUR_D(1.0),08/01/26 11:00:00,Daily,Average,National currency (former currencies of the euro area countries),Italian lira,1995-07-14,2164.48,,
ESTAT:ERT_H_EUR_D(1.0),08/01/26 11:00:00,Daily,Average,National currency (former currencies of the euro area countries),Italian lira,1995-07-17,2159.57,,
ESTAT:ERT_H_EUR_D(1.0),08/01/26 11:00:00,Daily,Average,National currency (former currencies of the euro area countries),Italian lira,1995-07-18,2164.64,,
ESTAT:ERT_H_EUR_D(1.0),08/01/26 11:00:00,Daily,Average,National currency (former currencies of the euro area countries),Italian lira,1995-07-19,2180.33,,
ESTAT:ERT_H_EUR_D(1.0),08/01/26 11:00:00,Daily,Average,National currency (former currencies of the euro area countries),Italian lira,1995-07-20,2180.63,,
ESTAT:ERT_H_EUR_D(1.0),08/01/26 11:00:00,Daily,Average,National currency (former currencies of the euro area countries),Italian lira,1995-07-21,2159.83,,
ESTAT:ERT_H_EUR_D(1.0),08/01/26 11:00:00,Daily,Average,National currency (former currencies of the euro area countries),Italian lira,1995-07-24,2154.26,,
ESTAT:ERT_H_EUR_D(1.0),08/01/26 11:00:00,Daily,Average,National currency (former currencies of the euro area countries),Italian lira,1995-07-25,2154.93,,
ESTAT:ERT_H_EUR_D(1.0),08/01/26 11:00:00,Daily,Average,National currency (former currencies of the euro area countries),Italian lira,1995-07-26,2148.37,,
ESTAT:ERT_H_EUR_D(1.0),08/01/26 11:00:00,Daily,Average,National currency (former currencies of the euro area countries),Italian lira,1995-07-27,2148.57,,
ESTAT:ERT_H_EUR_D(1.0),08/01/26 11:00:00,Daily,Average,National currency (former currencies of the euro area countries),Italian lira,1995-07-28,2146.07,,
ESTAT:ERT_H_EUR_D(1.0),08/01/26 11:00:00,Daily,Average,National currency (former currencies of the euro area countries),Italian lira,1995-07-31,2150.57,,
ESTAT:ERT_H_EUR_D(1.0),08/01/26 11:00:00,Daily,Average,National currency (former currencies of the euro area countries),Italian lira,1995-08-01,2149.34,,
ESTAT:ERT_H_EUR_D(1.0),08/01/26 11:00:00,Daily,Average,National currency (former currencies of the euro area countries),Italian lira,1995-08-02,2134.82,,
ESTAT:ERT_H_EUR_D(1.0),08/01/26 11:00:00,Daily,Average,National currency (former currencies of the euro area countries),Italian lira,1995-08-03,2122.57,,
ESTAT:ERT_H_EUR_D(1.0),08/01/26 11:00:00,Daily,Average,National currency (former currencies of the euro area countries),Italian lira,1995-08-04,2123.30,,
ESTAT:ERT_H_EUR_D(1.0),08/01/26 11:00:00,Daily,Average,National currency (former currencies of the euro area countries),Italian lira,1995-08-07,2109.39,,
ESTAT:ERT_H_EUR_D(1.0),08/01/26 11:00:00,Daily,Average,National currency (former currencies of the euro area countries),Italian lira,1995-08-08,2117.63,,
ESTAT:ERT_H_EUR_D(1.0),08/01/26 11:00:00,Daily,Average,National currency (former currencies of the euro area countries),Italian lira,1995-08-09,2116.62,,
ESTAT:ERT_H_EUR_D(1.0),08/01/26 11:00:00,Daily,Average,National currency (former currencies of the euro area countries),Italian lira,1995-08-10,2108.06,,
ESTAT:ERT_H_EUR_D(1.0),08/01/26 11:00:00,Daily,Average,National currency (former currencies of the euro area countries),Italian lira,1995-08-11,2093.96,,
ESTAT:ERT_H_EUR_D(1.0),08/01/26 11:00:00,Daily,Average,National currency (former currencies of the euro area countries),Italian lira,1995-08-14,2104.60,,
ESTAT:ERT_H_EUR_D(1.0),08/01/26 11:00:00,Daily,Average,National currency (former currencies of the euro area countries),Italian lira,1995-08-15,2100.67,,
ESTAT:ERT_H_EUR_D(1.0),08/01/26 11:00:00,Daily,Average,National currency (former currencies of the euro area countries),Italian lira,1995-08-16,2074.86,,
ESTAT:ERT_H_EUR_D(1.0),08/01/26 11:00:00,Daily,Average,National currency (former currencies of the euro area countries),Italian lira,1995-08-17,2069.99,,
ESTAT:ERT_H_EUR_D(1.0),08/01/26 11:00:00,Daily,Average,National currency (former currencies of the euro area countries),Italian lira,1995-08-18,2075.10,,
ESTAT:ERT_H_EUR_D(1.0),08/01/26 11:00:00,Daily,Average,National currency (former currencies of the euro area countries),Italian lira,1995-08-21,2077.18,,
ESTAT:ERT_H_EUR_D(1.0),08/01/26 11:00:00,Daily,Average,National currency (former currencies of the euro area countries),Italian lira,1995-08-22,2066.38,,
ESTAT:ERT_H_EUR_D(1.0),08/01/26 11:00:00,Daily,Average,National currency (former currencies of the euro area countries),Italian lira,1995-08-23,2062.99,,
ESTAT:ERT_H_EUR_D(1.0),08/01/26 11:00:00,Daily,Average,National currency (former currencies of the euro area countries),Italian lira,1995-08-24,2055.79,,
ESTAT:ERT_H_EUR_D(1.0),08/01/26 11:00:00,Daily,Average,National currency (former currencies of the euro area countries),Italian lira,1995-08-25,2063.93,,
ESTAT:ERT_H_EUR_D(1.0),08/01/26 11:00:00,Daily,Average,National currency (former currencies of the euro area countries),Italian lira,1995-08-28,2085.04,,
ESTAT:ERT_H_EUR_D(1.0),08/01/26 11:00:00,Daily,Average,National currency (former currencies of the euro area countries),Italian lira,1995-08-29,2098.69,,
ESTAT:ERT_H_EUR_D(1.0),08/01/26 11:00:00,Daily,Average,National currency (former currencies of the euro area countries),Italian lira,1995-08-30,2080.46,,
ESTAT:ERT_H_EUR_D(1.0),08/01/26 11:00:00,Daily,Average,National currency (former currencies of the euro area countries),Italian lira,1995-08-31,2084.07,,
ESTAT:ERT_H_EUR_D(1.0),08/01/26 11:00:00,Daily,Average,National currency (former currencies of the euro area countries),Italian lira,1995-09-01,2091.92,,
ESTAT:ERT_H_EUR_D(1.0),08/01/26 11:00:00,Daily,Average,National currency (former currencies of the euro area countries),Italian lira,1995-09-04,2094.95,,
ESTAT:ERT_H_EUR_D(1.0),08/01/26 11:00:00,Daily,Average,National currency (former currencies of the euro area countries),Italian lira,1995-09-05,2087.75,,
ESTAT:ERT_H_EUR_D(1.0),08/01/26 11:00:00,Daily,Average,National currency (former currencies of the euro area countries),Italian lira,1995-09-06,2081.79,,
ESTAT:ERT_H_EUR_D(1.0),08/01/26 11:00:00,Daily,Average,National currency (former currencies of the euro area countries),Italian lira,1995-09-07,2069.91,,
ESTAT:ERT_H_EUR_D(1.0),08/01/26 11:00:00,Daily,Average,National currency (former currencies of the euro area countries),Italian lira,1995-09-08,2061.60,,
ESTAT:ERT_H_EUR_D(1.0),08/01/26 11:00:00,Daily,Average,National currency (former currencies of the euro area countries),Italian lira,1995-09-11,2068.22,,
ESTAT:ERT_H_EUR_D(1.0),08/01/26 11:00:00,Daily,Average,National currency (former currencies of the euro area countries),Italian lira,1995-09-12,2064.54,,
ESTAT:ERT_H_EUR_D(1.0),08/01/26 11:00:00,Daily,Average,National currency (former currencies of the euro area countries),Italian lira,1995-09-13,2055.10,,
ESTAT:ERT_H_EUR_D(1.0),08/01/26 11:00:00,Daily,Average,National currency (former currencies of the euro area countries),Italian lira,1995-09-14,2046.01,,
ESTAT:ERT_H_EUR_D(1.0),08/01/26 11:00:00,Daily,Average,National currency (former currencies of the euro area countries),Italian lira,1995-09-15,2041.11,,
ESTAT:ERT_H_EUR_D(1.0),08/01/26 11:00:00,Daily,Average,National currency (former currencies of the euro area countries),Italian lira,1995-09-18,2048.11,,
ESTAT:ERT_H_EUR_D(1.0),08/01/26 11:00:00,Daily,Average,National currency (former currencies of the euro area countries),Italian lira,1995-09-19,2053.49,,
ESTAT:ERT_H_EUR_D(1.0),08/01/26 11:00:00,Daily,Average,National currency (former currencies of the euro area countries),Italian lira,1995-09-20,2052.45,,
ESTAT:ERT_H_EUR_D(1.0),08/01/26 11:00:00,Daily,Average,National currency (former currencies of the euro area countries),Italian lira,1995-09-21,2088.11,,
ESTAT:ERT_H_EUR_D(1.0),08/01/26 11:00:00,Daily,Average,National currency (former currencies of the euro area countries),Italian lira,1995-09-22,2115.40,,
ESTAT:ERT_H_EUR_D(1.0),08/01/26 11:00:00,Daily,Average,National currency (former currencies of the euro area countries),Italian lira,1995-09-25,2117.62,,
ESTAT:ERT_H_EUR_D(1.0),08/01/26 11:00:00,Daily,Average,National currency (former currencies of the euro area countries),Italian lira,1995-09-26,2101.02,,
ESTAT:ERT_H_EUR_D(1.0),08/01/26 11:00:00,Daily,Average,National currency (former currencies of the euro area countries),Italian lira,1995-09-27,2113.76,,
ESTAT:ERT_H_EUR_D(1.0),08/01/26 11:00:00,Daily,Average,National currency (former currencies of the euro area countries),Italian lira,1995-09-28,2134.22,,
ESTAT:ERT_H_EUR_D(1.0),08/01/26 11:00:00,Daily,Average,National currency (former currencies of the euro area countries),Italian lira,1995-09-29,2124.94,,
ESTAT:ERT_H_EUR_D(1.0),08/01/26 11:00:00,Daily,Average,National currency (former currencies of the euro area countries),Italian lira,1995-10-02,2112.68,,
ESTAT:ERT_H_EUR_D(1.0),08/01/26 11:00:00,Daily,Average,National currency (former currencies of the euro area countries),Italian lira,1995-10-03,2124.14,,
ESTAT:ERT_H_EUR_D(1.0),08/01/26 11:00:00,Daily,Average,National currency (former currencies of the euro area countries),Italian lira,1995-10-04,2111.22,,
ESTAT:ERT_H_EUR_D(1.0),08/01/26 11:00:00,Daily,Average,National currency (former currencies of the euro area countries),Italian lira,1995-10-05,2113.10,,
ESTAT:ERT_H_EUR_D(1.0),08/01/26 11:00:00,Daily,Average,National currency (former currencies of the euro area countries),Italian lira,1995-10-06,2125.18,,
ESTAT:ERT_H_EUR_D(1.0),08/01/26 11:00:00,Daily,Average,National currency (former currencies of the euro area countries),Italian lira,1995-10-09,2122.46,,
ESTAT:ERT_H_EUR_D(1.0),08/01/26 11:00:00,Daily,Average,National currency (former currencies of the euro area countries),Italian lira,1995-10-10,2121.14,,
ESTAT:ERT_H_EUR_D(1.0),08/01/26 11:00:00,Daily,Average,National currency (former currencies of the euro area countries),Italian lira,1995-10-11,2114.76,,
ESTAT:ERT_H_EUR_D(1.0),08/01/26 11:00:00,Daily,Average,National currency (former currencies of the euro area countries),Italian lira,1995-10-12,2109.40,,
ESTAT:ERT_H_EUR_D(1.0),08/01/26 11:00:00,Daily,Average,National currency (former currencies of the euro area countries),Italian lira,1995-10-13,2105.54,,
ESTAT:ERT_H_EUR_D(1.0),08/01/26 11:00:00,Daily,Average,National currency (former currencies of the euro area countries),Italian lira,1995-10-16,2112.52,,
ESTAT:ERT_H_EUR_D(1.0),08/01/26 11:00:00,Daily,Average,National currency (former currencies of the euro area countries),Italian lira,1995-10-17,2107.08,,
ESTAT:ERT_H_EUR_D(1.0),08/01/26 11:00:00,Daily,Average,National currency (former currencies of the euro area countries),Italian lira,1995-10-18,2108.50,,
ESTAT:ERT_H_EUR_D(1.0),08/01/26 11:00:00,Daily,Average,National currency (former currencies of the euro area countries),Italian lira,1995-10-19,2108.72,,
ESTAT:ERT_H_EUR_D(1.0),08/01/26 11:00:00,Daily,Average,National currency (former currencies of the euro area countries),Italian lira,1995-10-20,2123.83,,
ESTAT:ERT_H_EUR_D(1.0),08/01/26 11:00:00,Daily,Average,National currency (former currencies of the euro area countries),Italian lira,1995-10-23,2158.67,,
ESTAT:ERT_H_EUR_D(1.0),08/01/26 11:00:00,Daily,Average,National currency (former currencies of the euro area countries),Italian lira,1995-10-24,2163.63,,
ESTAT:ERT_H_EUR_D(1.0),08/01/26 11:00:00,Daily,Average,National currency (former currencies of the euro area countries),Italian lira,1995-10-25,2157.38,,
ESTAT:ERT_H_EUR_D(1.0),08/01/26 11:00:00,Daily,Average,National currency (former currencies of the euro area countries),Italian lira,1995-10-26,2128.47,,
ESTAT:ERT_H_EUR_D(1.0),08/01/26 11:00:00,Daily,Average,National currency (former currencies of the euro area countries),Italian lira,1995-10-27,2138.07,,
ESTAT:ERT_H_EUR_D(1.0),08/01/26 11:00:00,Daily,Average,National currency (former currencies of the euro area countries),Italian lira,1995-10-30,2122.35,,
ESTAT:ERT_H_EUR_D(1.0),08/01/26 11:00:00,Daily,Average,National currency (former currencies of the euro area countries),Italian lira,1995-10-31,2116.12,,
ESTAT:ERT_H_EUR_D(1.0),08/01/26 11:00:00,Daily,Average,National currency (former currencies of the euro area countries),Italian lira,1995-11-01,2115.80,,
ESTAT:ERT_H_EUR_D(1.0),08/01/26 11:00:00,Daily,Average,National currency (former currencies of the euro area countries),Italian lira,1995-11-02,2109.11,,
ESTAT:ERT_H_EUR_D(1.0),08/01/26 11:00:00,Daily,Average,National currency (former currencies of the euro area countries),Italian lira,1995-11-03,2107.90,,
ESTAT:ERT_H_EUR_D(1.0),08/01/26 11:00:00,Daily,Average,National currency (former currencies of the euro area countries),Italian lira,1995-11-06,2118.55,,
ESTAT:ERT_H_EUR_D(1.0),08/01/26 11:00:00,Daily,Average,National currency (former currencies of the euro area countries),Italian lira,1995-11-07,2115.09,,
ESTAT:ERT_H_EUR_D(1.0),08/01/26 11:00:00,Daily,Average,National currency (former currencies of the euro area countries),Italian lira,1995-11-08,2110.19,,
ESTAT:ERT_H_EUR_D(1.0),08/01/26 11:00:00,Daily,Average,National currency (former currencies of the euro area countries),Italian lira,1995-11-09,2104.14,,
ESTAT:ERT_H_EUR_D(1.0),08/01/26 11:00:00,Daily,Average,National currency (former currencies of the euro area countries),Italian lira,1995-11-10,2120.16,,
ESTAT:ERT_H_EUR_D(1.0),08/01/26 11:00:00,Daily,Average,National currency (former currencies of the euro area countries),Italian lira,1995-11-13,2120.33,,
ESTAT:ERT_H_EUR_D(1.0),08/01/26 11:00:00,Daily,Average,National currency (former currencies of the euro area countries),Italian lira,1995-11-14,2108.24,,
ESTAT:ERT_H_EUR_D(1.0),08/01/26 11:00:00,Daily,Average,National currency (former currencies of the euro area countries),Italian lira,1995-11-15,2123.79,,
ESTAT:ERT_H_EUR_D(1.0),08/01/26 11:00:00,Daily,Average,National currency (former currencies of the euro area countries),Italian lira,1995-11-16,2115.24,,
ESTAT:ERT_H_EUR_D(1.0),08/01/26 11:00:00,Daily,Average,National currency (former currencies of the euro area countries),Italian lira,1995-11-17,2120.52,,
ESTAT:ERT_H_EUR_D(1.0),08/01/26 11:00:00,Daily,Average,National currency (former currencies of the euro area countries),Italian lira,1995-11-20,2110.41,,
ESTAT:ERT_H_EUR_D(1.0),08/01/26 11:00:00,Daily,Average,National currency (former currencies of the euro area countries),Italian lira,1995-11-21,2114.26,,
ESTAT:ERT_H_EUR_D(1.0),08/01/26 11:00:00,Daily,Average,National currency (former currencies of the euro area countries),Italian lira,1995-11-22,2113.70,,
ESTAT:ERT_H_EUR_D(1.0),08/01/26 11:00:00,Daily,Average,National currency (former currencies of the euro area countries),Italian lira,1995-11-23,2112.06,,
ESTAT:ERT_H_EUR_D(1.0),08/01/26 11:00:00,Daily,Average,National currency (former currencies of the euro area countries),Italian lira,1995-11-24,2109.05,,
ESTAT:ERT_H_EUR_D(1.0),08/01/26 11:00:00,Daily,Average,National currency (former currencies of the euro area countries),Italian lira,1995-11-27,2101.14,,
ESTAT:ERT_H_EUR_D(1.0),08/01/26 11:00:00,Daily,Average,National currency (former currencies of the euro area countries),Italian lira,1995-11-28,2091.66,,
ESTAT:ERT_H_EUR_D(1.0),08/01/26 11:00:00,Daily,Average,National currency (former currencies of the euro area countries),Italian lira,1995-11-29,2090.93,,
ESTAT:ERT_H_EUR_D(1.0),08/01/26 11:00:00,Daily,Average,National currency (former currencies of the euro area countries),Italian lira,1995-11-30,2083.58,,
ESTAT:ERT_H_EUR_D(1.0),08/01/26 11:00:00,Daily,Average,National currency (former currencies of the euro area countries),Italian lira,1995-12-01,2079.93,,
ESTAT:ERT_H_EUR_D(1.0),08/01/26 11:00:00,Daily,Average,National currency (former currencies of the euro area countries),Italian lira,1995-12-04,2086.88,,
ESTAT:ERT_H_EUR_D(1.0),08/01/26 11:00:00,Daily,Average,National currency (former currencies of the euro area countries),Italian lira,1995-12-05,2093.57,,
ESTAT:ERT_H_EUR_D(1.0),08/01/26 11:00:00,Daily,Average,National currency (former currencies of the euro area countries),Italian lira,1995-12-06,2079.58,,
ESTAT:ERT_H_EUR_D(1.0),08/01/26 11:00:00,Daily,Average,National currency (former currencies of the euro area countries),Italian lira,1995-12-07,2074.66,,
ESTAT:ERT_H_EUR_D(1.0),08/01/26 11:00:00,Daily,Average,National currency (former currencies of the euro area countries),Italian lira,1995-12-08,2066.88,,
ESTAT:ERT_H_EUR_D(1.0),08/01/26 11:00:00,Daily,Average,National currency (former currencies of the euro area countries),Italian lira,1995-12-11,2074.51,,
ESTAT:ERT_H_EUR_D(1.0),08/01/26 11:00:00,Daily,Average,National currency (former currencies of the euro area countries),Italian lira,1995-12-12,2074.65,,
ESTAT:ERT_H_EUR_D(1.0),08/01/26 11:00:00,Daily,Average,National currency (former currencies of the euro area countries),Italian lira,1995-12-13,2070.91,,
ESTAT:ERT_H_EUR_D(1.0),08/01/26 11:00:00,Daily,Average,National currency (former currencies of the euro area countries),Italian lira,1995-12-14,2074.67,,
ESTAT:ERT_H_EUR_D(1.0),08/01/26 11:00:00,Daily,Average,National currency (former currencies of the euro area countries),Italian lira,1995-12-15,2084.32,,
ESTAT:ERT_H_EUR_D(1.0),08/01/26 11:00:00,Daily,Average,National currency (former currencies of the euro area countries),Italian lira,1995-12-18,2084.66,,
ESTAT:ERT_H_EUR_D(1.0),08/01/26 11:00:00,Daily,Average,National currency (former currencies of the euro area countries),Italian lira,1995-12-19,2089.54,,
ESTAT:ERT_H_EUR_D(1.0),08/01/26 11:00:00,Daily,Average,National currency (former currencies of the euro area countries),Italian lira,1995-12-20,2076.12,,
ESTAT:ERT_H_EUR_D(1.0),08/01/26 11:00:00,Daily,Average,National currency (former currencies of the euro area countries),Italian lira,1995-12-21,2077.52,,
ESTAT:ERT_H_EUR_D(1.0),08/01/26 11:00:00,Daily,Average,National currency (former currencies of the euro area countries),Italian lira,1995-12-22,2073.13,,
ESTAT:ERT_H_EUR_D(1.0),08/01/26 11:00:00,Daily,Average,National currency (former currencies of the euro area countries),Italian lira,1995-12-27,2085.16,,
ESTAT:ERT_H_EUR_D(1.0),08/01/26 11:00:00,Daily,Average,National currency (former currencies of the euro area countries),Italian lira,1995-12-28,2082.67,,
ESTAT:ERT_H_EUR_D(1.0),08/01/26 11:00:00,Daily,Average,National currency (former currencies of the euro area countries),Italian lira,1995-12-29,2082.71,,
ESTAT:ERT_H_EUR_D(1.0),08/01/26 11:00:00,Daily,Average,National currency (former currencies of the euro area countries),Italian lira,1996-01-02,2061.30,,
ESTAT:ERT_H_EUR_D(1.0),08/01/26 11:00:00,Daily,Average,National currency (former currencies of the euro area countries),Italian lira,1996-01-03,2059.96,,
ESTAT:ERT_H_EUR_D(1.0),08/01/26 11:00:00,Daily,Average,National currency (former currencies of the euro area countries),Italian lira,1996-01-04,2058.56,,
ESTAT:ERT_H_EUR_D(1.0),08/01/26 11:00:00,Daily,Average,National currency (former currencies of the euro area countries),Italian lira,1996-01-05,2064.93,,
ESTAT:ERT_H_EUR_D(1.0),08/01/26 11:00:00,Daily,Average,National currency (former currencies of the euro area countries),Italian lira,1996-01-08,2068.64,,
ESTAT:ERT_H_EUR_D(1.0),08/01/26 11:00:00,Daily,Average,National currency (former currencies of the euro area countries),Italian lira,1996-01-09,2058.14,,
ESTAT:ERT_H_EUR_D(1.0),08/01/26 11:00:00,Daily,Average,National currency (former currencies of the euro area countries),Italian lira,1996-01-10,2059.65,,
ESTAT:ERT_H_EUR_D(1.0),08/01/26 11:00:00,Daily,Average,National currency (former currencies of the euro area countries),Italian lira,1996-01-11,2058.14,,
ESTAT:ERT_H_EUR_D(1.0),08/01/26 11:00:00,Daily,Average,National currency (former currencies of the euro area countries),Italian lira,1996-01-12,2057.14,,
ESTAT:ERT_H_EUR_D(1.0),08/01/26 11:00:00,Daily,Average,National currency (former currencies of the euro area countries),Italian lira,1996-01-15,2053.02,,
ESTAT:ERT_H_EUR_D(1.0),08/01/26 11:00:00,Daily,Average,National currency (former currencies of the euro area countries),Italian lira,1996-01-16,2046.92,,
ESTAT:ERT_H_EUR_D(1.0),08/01/26 11:00:00,Daily,Average,National currency (former currencies of the euro area countries),Italian lira,1996-01-17,2043.43,,
ESTAT:ERT_H_EUR_D(1.0),08/01/26 11:00:00,Daily,Average,National currency (former currencies of the euro area countries),Italian lira,1996-01-18,2029.93,,
ESTAT:ERT_H_EUR_D(1.0),08/01/26 11:00:00,Daily,Average,National currency (former currencies of the euro area countries),Italian lira,1996-01-19,2028.64,,
ESTAT:ERT_H_EUR_D(1.0),08/01/26 11:00:00,Daily,Average,National currency (former currencies of the euro area countries),Italian lira,1996-01-22,2030.96,,
ESTAT:ERT_H_EUR_D(1.0),08/01/26 11:00:00,Daily,Average,National currency (former currencies of the euro area countries),Italian lira,1996-01-23,2045.41,,
ESTAT:ERT_H_EUR_D(1.0),08/01/26 11:00:00,Daily,Average,National currency (former currencies of the euro area countries),Italian lira,1996-01-24,2022.82,,
ESTAT:ERT_H_EUR_D(1.0),08/01/26 11:00:00,Daily,Average,National currency (former currencies of the euro area countries),Italian lira,1996-01-25,2038.13,,
ESTAT:ERT_H_EUR_D(1.0),08/01/26 11:00:00,Daily,Average,National currency (former currencies of the euro area countries),Italian lira,1996-01-26,2036.67,,
ESTAT:ERT_H_EUR_D(1.0),08/01/26 11:00:00,Daily,Average,National currency (former currencies of the euro area countries),Italian lira,1996-01-29,2031.19,,
ESTAT:ERT_H_EUR_D(1.0),08/01/26 11:00:00,Daily,Average,National currency (former currencies of the euro area countries),Italian lira,1996-01-30,2028.54,,
ESTAT:ERT_H_EUR_D(1.0),08/01/26 11:00:00,Daily,Average,National currency (former currencies of the euro area countries),Italian lira,1996-01-31,2026.42,,
ESTAT:ERT_H_EUR_D(1.0),08/01/26 11:00:00,Daily,Average,National currency (former currencies of the euro area countries),Italian lira,1996-02-01,2010.91,,
ESTAT:ERT_H_EUR_D(1.0),08/01/26 11:00:00,Daily,Average,National currency (former currencies of the euro area countries),Italian lira,1996-02-02,2010.41,,
ESTAT:ERT_H_EUR_D(1.0),08/01/26 11:00:00,Daily,Average,National currency (former currencies of the euro area countries),Italian lira,1996-02-05,2016.00,,
ESTAT:ERT_H_EUR_D(1.0),08/01/26 11:00:00,Daily,Average,National currency (former currencies of the euro area countries),Italian lira,1996-02-06,2023.06,,
ESTAT:ERT_H_EUR_D(1.0),08/01/26 11:00:00,Daily,Average,National currency (former currencies of the euro area countries),Italian lira,1996-02-07,2019.57,,
ESTAT:ERT_H_EUR_D(1.0),08/01/26 11:00:00,Daily,Average,National currency (former currencies of the euro area countries),Italian lira,1996-02-08,2016.32,,
ESTAT:ERT_H_EUR_D(1.0),08/01/26 11:00:00,Daily,Average,National currency (former currencies of the euro area countries),Italian lira,1996-02-09,2010.70,,
ESTAT:ERT_H_EUR_D(1.0),08/01/26 11:00:00,Daily,Average,National currency (former currencies of the euro area countries),Italian lira,1996-02-12,2016.10,,
ESTAT:ERT_H_EUR_D(1.0),08/01/26 11:00:00,Daily,Average,National currency (former currencies of the euro area countries),Italian lira,1996-02-13,2011.27,,
ESTAT:ERT_H_EUR_D(1.0),08/01/26 11:00:00,Daily,Average,National currency (former currencies of the euro area countries),Italian lira,1996-02-14,2032.79,,
ESTAT:ERT_H_EUR_D(1.0),08/01/26 11:00:00,Daily,Average,National currency (former currencies of the euro area countries),Italian lira,1996-02-15,2044.42,,
ESTAT:ERT_H_EUR_D(1.0),08/01/26 11:00:00,Daily,Average,National currency (former currencies of the euro area countries),Italian lira,1996-02-16,2042.75,,
ESTAT:ERT_H_EUR_D(1.0),08/01/26 11:00:00,Daily,Average,National currency (former currencies of the euro area countries),Italian lira,1996-02-19,2061.88,,
ESTAT:ERT_H_EUR_D(1.0),08/01/26 11:00:00,Daily,Average,National currency (former currencies of the euro area countries),Italian lira,1996-02-20,2059.69,,
ESTAT:ERT_H_EUR_D(1.0),08/01/26 11:00:00,Daily,Average,National currency (former currencies of the euro area countries),Italian lira,1996-02-21,2040.97,,
ESTAT:ERT_H_EUR_D(1.0),08/01/26 11:00:00,Daily,Average,National currency (former currencies of the euro area countries),Italian lira,1996-02-22,2039.12,,
ESTAT:ERT_H_EUR_D(1.0),08/01/26 11:00:00,Daily,Average,National currency (former currencies of the euro area countries),Italian lira,1996-02-23,2034.23,,
ESTAT:ERT_H_EUR_D(1.0),08/01/26 11:00:00,Daily,Average,National currency (former currencies of the euro area countries),Italian lira,1996-02-26,2033.68,,
ESTAT:ERT_H_EUR_D(1.0),08/01/26 11:00:00,Daily,Average,National currency (former currencies of the euro area countries),Italian lira,1996-02-27,2021.44,,
ESTAT:ERT_H_EUR_D(1.0),08/01/26 11:00:00,Daily,Average,National currency (former currencies of the euro area countries),Italian lira,1996-02-28,2006.66,,
ESTAT:ERT_H_EUR_D(1.0),08/01/26 11:00:00,Daily,Average,National currency (former currencies of the euro area countries),Italian lira,1996-02-29,1998.72,,
ESTAT:ERT_H_EUR_D(1.0),08/01/26 11:00:00,Daily,Average,National currency (former currencies of the euro area countries),Italian lira,1996-03-01,1999.12,,
ESTAT:ERT_H_EUR_D(1.0),08/01/26 11:00:00,Daily,Average,National currency (former currencies of the euro area countries),Italian lira,1996-03-04,2000.05,,
ESTAT:ERT_H_EUR_D(1.0),08/01/26 11:00:00,Daily,Average,National currency (former currencies of the euro area countries),Italian lira,1996-03-05,1984.12,,
ESTAT:ERT_H_EUR_D(1.0),08/01/26 11:00:00,Daily,Average,National currency (former currencies of the euro area countries),Italian lira,1996-03-06,1992.46,,
ESTAT:ERT_H_EUR_D(1.0),08/01/26 11:00:00,Daily,Average,National currency (former currencies of the euro area countries),Italian lira,1996-03-07,1993.81,,
ESTAT:ERT_H_EUR_D(1.0),08/01/26 11:00:00,Daily,Average,National currency (former currencies of the euro area countries),Italian lira,1996-03-08,1999.89,,
ESTAT:ERT_H_EUR_D(1.0),08/01/26 11:00:00,Daily,Average,National currency (former currencies of the euro area countries),Italian lira,1996-03-11,2001.03,,
ESTAT:ERT_H_EUR_D(1.0),08/01/26 11:00:00,Daily,Average,National currency (former currencies of the euro area countries),Italian lira,1996-03-12,1993.08,,
ESTAT:ERT_H_EUR_D(1.0),08/01/26 11:00:00,Daily,Average,National currency (former currencies of the euro area countries),Italian lira,1996-03-13,2007.89,,
ESTAT:ERT_H_EUR_D(1.0),08/01/26 11:00:00,Daily,Average,National currency (former currencies of the euro area countries),Italian lira,1996-03-14,2017.70,,
ESTAT:ERT_H_EUR_D(1.0),08/01/26 11:00:00,Daily,Average,National currency (former currencies of the euro area countries),Italian lira,1996-03-15,2009.34,,
ESTAT:ERT_H_EUR_D(1.0),08/01/26 11:00:00,Daily,Average,National currency (former currencies of the euro area countries),Italian lira,1996-03-18,2009.30,,
ESTAT:ERT_H_EUR_D(1.0),08/01/26 11:00:00,Daily,Average,National currency (former currencies of the euro area countries),Italian lira,1996-03-19,1998.75,,
ESTAT:ERT_H_EUR_D(1.0),08/01/26 11:00:00,Daily,Average,National currency (former currencies of the euro area countries),Italian lira,1996-03-20,2000.20,,
ESTAT:ERT_H_EUR_D(1.0),08/01/26 11:00:00,Daily,Average,National currency (former currencies of the euro area countries),Italian lira,1996-03-21,1996.11,,
ESTAT:ERT_H_EUR_D(1.0),08/01/26 11:00:00,Daily,Average,National currency (former currencies of the euro area countries),Italian lira,1996-03-22,2005.68,,
ESTAT:ERT_H_EUR_D(1.0),08/01/26 11:00:00,Daily,Average,National currency (former currencies of the euro area countries),Italian lira,1996-03-25,2003.05,,
ESTAT:ERT_H_EUR_D(1.0),08/01/26 11:00:00,Daily,Average,National currency (former currencies of the euro area countries),Italian lira,1996-03-26,2009.27,,
ESTAT:ERT_H_EUR_D(1.0),08/01/26 11:00:00,Daily,Average,National currency (former currencies of the euro area countries),Italian lira,1996-03-27,2015.46,,
ESTAT:ERT_H_EUR_D(1.0),08/01/26 11:00:00,Daily,Average,National currency (former currencies of the euro area countries),Italian lira,1996-03-28,2016.23,,
ESTAT:ERT_H_EUR_D(1.0),08/01/26 11:00:00,Daily,Average,National currency (former currencies of the euro area countries),Italian lira,1996-03-29,2013.64,,
ESTAT:ERT_H_EUR_D(1.0),08/01/26 11:00:00,Daily,Average,National currency (former currencies of the euro area countries),Italian lira,1996-04-01,2007.03,,
ESTAT:ERT_H_EUR_D(1.0),08/01/26 11:00:00,Daily,Average,National currency (former currencies of the euro area countries),Italian lira,1996-04-02,2005.15,,
ESTAT:ERT_H_EUR_D(1.0),08/01/26 11:00:00,Daily,Average,National currency (former currencies of the euro area countries),Italian lira,1996-04-03,2002.40,,
ESTAT:ERT_H_EUR_D(1.0),08/01/26 11:00:00,Daily,Average,National currency (former currencies of the euro area countries),Italian lira,1996-04-04,2000.22,,
ESTAT:ERT_H_EUR_D(1.0),08/01/26 11:00:00,Daily,Average,National currency (former currencies of the euro area countries),Italian lira,1996-04-09,1998.06,,
ESTAT:ERT_H_EUR_D(1.0),08/01/26 11:00:00,Daily,Average,National currency (former currencies of the euro area countries),Italian lira,1996-04-10,1993.52,,
ESTAT:ERT_H_EUR_D(1.0),08/01/26 11:00:00,Daily,Average,National currency (former currencies of the euro area countries),Italian lira,1996-04-11,1986.08,,
ESTAT:ERT_H_EUR_D(1.0),08/01/26 11:00:00,Daily,Average,National currency (former currencies of the euro area countries),Italian lira,1996-04-12,1986.40,,
ESTAT:ERT_H_EUR_D(1.0),08/01/26 11:00:00,Daily,Average,National currency (former currencies of the euro area countries),Italian lira,1996-04-15,1980.47,,
ESTAT:ERT_H_EUR_D(1.0),08/01/26 11:00:00,Daily,Average,National currency (former currencies of the euro area countries),Italian lira,1996-04-16,1986.42,,
ESTAT:ERT_H_EUR_D(1.0),08/01/26 11:00:00,Daily,Average,National currency (former currencies of the euro area countries),Italian lira,1996-04-17,1985.31,,
ESTAT:ERT_H_EUR_D(1.0),08/01/26 11:00:00,Daily,Average,National currency (former currencies of the euro area countries),Italian lira,1996-04-18,1981.06,,
ESTAT:ERT_H_EUR_D(1.0),08/01/26 11:00:00,Daily,Average,National currency (former currencies of the euro area countries),Italian lira,1996-04-19,1984.57,,
ESTAT:ERT_H_EUR_D(1.0),08/01/26 11:00:00,Daily,Average,National currency (former currencies of the euro area countries),Italian lira,1996-04-22,1955.36,,
ESTAT:ERT_H_EUR_D(1.0),08/01/26 11:00:00,Daily,Average,National currency (former currencies of the euro area countries),Italian lira,1996-04-23,1948.94,,
ESTAT:ERT_H_EUR_D(1.0),08/01/26 11:00:00,Daily,Average,National currency (former currencies of the euro area countries),Italian lira,1996-04-24,1953.92,,
ESTAT:ERT_H_EUR_D(1.0),08/01/26 11:00:00,Daily,Average,National currency (former currencies of the euro area countries),Italian lira,1996-04-25,1951.89,,
ESTAT:ERT_H_EUR_D(1.0),08/01/26 11:00:00,Daily,Average,National currency (former currencies of the euro area countries),Italian lira,1996-04-26,1953.75,,
ESTAT:ERT_H_EUR_D(1.0),08/01/26 11:00:00,Daily,Average,National currency (former currencies of the euro area countries),Italian lira,1996-04-29,1961.79,,
ESTAT:ERT_H_EUR_D(1.0),08/01/26 11:00:00,Daily,Average,National currency (former currencies of the euro area countries),Italian lira,1996-04-30,1952.75,,
ESTAT:ERT_H_EUR_D(1.0),08/01/26 11:00:00,Daily,Average,National currency (former currencies of the euro area countries),Italian lira,1996-05-02,1947.11,,
ESTAT:ERT_H_EUR_D(1.0),08/01/26 11:00:00,Daily,Average,National currency (former currencies of the euro area countries),Italian lira,1996-05-03,1954.63,,
ESTAT:ERT_H_EUR_D(1.0),08/01/26 11:00:00,Daily,Average,National currency (former currencies of the euro area countries),Italian lira,1996-05-06,1952.57,,
ESTAT:ERT_H_EUR_D(1.0),08/01/26 11:00:00,Daily,Average,National currency (former currencies of the euro area countries),Italian lira,1996-05-07,1951.72,,
ESTAT:ERT_H_EUR_D(1.0),08/01/26 11:00:00,Daily,Average,National currency (former currencies of the euro area countries),Italian lira,1996-05-08,1957.20,,
ESTAT:ERT_H_EUR_D(1.0),08/01/26 11:00:00,Daily,Average,National currency (former currencies of the euro area countries),Italian lira,1996-05-09,1964.36,,
ESTAT:ERT_H_EUR_D(1.0),08/01/26 11:00:00,Daily,Average,National currency (former currencies of the euro area countries),Italian lira,1996-05-10,1957.91,,
ESTAT:ERT_H_EUR_D(1.0),08/01/26 11:00:00,Daily,Average,National currency (former currencies of the euro area countries),Italian lira,1996-05-13,1947.62,,
ESTAT:ERT_H_EUR_D(1.0),08/01/26 11:00:00,Daily,Average,National currency (former currencies of the euro area countries),Italian lira,1996-05-14,1936.92,,
ESTAT:ERT_H_EUR_D(1.0),08/01/26 11:00:00,Daily,Average,National currency (former currencies of the euro area countries),Italian lira,1996-05-15,1937.97,,
ESTAT:ERT_H_EUR_D(1.0),08/01/26 11:00:00,Daily,Average,National currency (former currencies of the euro area countries),Italian lira,1996-05-17,1936.69,,
ESTAT:ERT_H_EUR_D(1.0),08/01/26 11:00:00,Daily,Average,National currency (former currencies of the euro area countries),Italian lira,1996-05-20,1932.50,,
ESTAT:ERT_H_EUR_D(1.0),08/01/26 11:00:00,Daily,Average,National currency (former currencies of the euro area countries),Italian lira,1996-05-21,1933.13,,
ESTAT:ERT_H_EUR_D(1.0),08/01/26 11:00:00,Daily,Average,National currency (former currencies of the euro area countries),Italian lira,1996-05-22,1936.11,,
ESTAT:ERT_H_EUR_D(1.0),08/01/26 11:00:00,Daily,Average,National currency (former currencies of the euro area countries),Italian lira,1996-05-23,1935.68,,
ESTAT:ERT_H_EUR_D(1.0),08/01/26 11:00:00,Daily,Average,National currency (former currencies of the euro area countries),Italian lira,1996-05-24,1935.80,,
ESTAT:ERT_H_EUR_D(1.0),08/01/26 11:00:00,Daily,Average,National currency (former currencies of the euro area countries),Italian lira,1996-05-28,1928.00,,
ESTAT:ERT_H_EUR_D(1.0),08/01/26 11:00:00,Daily,Average,National currency (former currencies of the euro area countries),Italian lira,1996-05-29,1928.59,,
ESTAT:ERT_H_EUR_D(1.0),08/01/26 11:00:00,Daily,Average,National currency (former currencies of the euro area countries),Italian lira,1996-05-30,1939.27,,
ESTAT:ERT_H_EUR_D(1.0),08/01/26 11:00:00,Daily,Average,National currency (former currencies of the euro area countries),Italian lira,1996-05-31,1933.42,,
ESTAT:ERT_H_EUR_D(1.0),08/01/26 11:00:00,Daily,Average,National currency (former currencies of the euro area countries),Italian lira,1996-06-03,1937.20,,
ESTAT:ERT_H_EUR_D(1.0),08/01/26 11:00:00,Daily,Average,National currency (former currencies of the euro area countries),Italian lira,1996-06-04,1934.55,,
ESTAT:ERT_H_EUR_D(1.0),08/01/26 11:00:00,Daily,Average,National currency (former currencies of the euro area countries),Italian lira,1996-06-05,1932.81,,
ESTAT:ERT_H_EUR_D(1.0),08/01/26 11:00:00,Daily,Average,National currency (former currencies of the euro area countries),Italian lira,1996-06-06,1937.61,,
ESTAT:ERT_H_EUR_D(1.0),08/01/26 11:00:00,Daily,Average,National currency (former currencies of the euro area countries),Italian lira,1996-06-07,1937.43,,
ESTAT:ERT_H_EUR_D(1.0),08/01/26 11:00:00,Daily,Average,National currency (former currencies of the euro area countries),Italian lira,1996-06-10,1932.62,,
ESTAT:ERT_H_EUR_D(1.0),08/01/26 11:00:00,Daily,Average,National currency (former currencies of the euro area countries),Italian lira,1996-06-11,1935.76,,
ESTAT:ERT_H_EUR_D(1.0),08/01/26 11:00:00,Daily,Average,National currency (former currencies of the euro area countries),Italian lira,1996-06-12,1931.13,,
ESTAT:ERT_H_EUR_D(1.0),08/01/26 11:00:00,Daily,Average,National currency (former currencies of the euro area countries),Italian lira,1996-06-13,1932.49,,
ESTAT:ERT_H_EUR_D(1.0),08/01/26 11:00:00,Daily,Average,National currency (former currencies of the euro area countries),Italian lira,1996-06-14,1943.71,,
ESTAT:ERT_H_EUR_D(1.0),08/01/26 11:00:00,Daily,Average,National currency (former currencies of the euro area countries),Italian lira,1996-06-17,1943.93,,
ESTAT:ERT_H_EUR_D(1.0),08/01/26 11:00:00,Daily,Average,National currency (former currencies of the euro area countries),Italian lira,1996-06-18,1939.94,,
ESTAT:ERT_H_EUR_D(1.0),08/01/26 11:00:00,Daily,Average,National currency (former currencies of the euro area countries),Italian lira,1996-06-19,1931.30,,
ESTAT:ERT_H_EUR_D(1.0),08/01/26 11:00:00,Daily,Average,National currency (former currencies of the euro area countries),Italian lira,1996-06-20,1926.79,,
ESTAT:ERT_H_EUR_D(1.0),08/01/26 11:00:00,Daily,Average,National currency (former currencies of the euro area countries),Italian lira,1996-06-21,1925.71,,
ESTAT:ERT_H_EUR_D(1.0),08/01/26 11:00:00,Daily,Average,National currency (former currencies of the euro area countries),Italian lira,1996-06-24,1925.49,,
ESTAT:ERT_H_EUR_D(1.0),08/01/26 11:00:00,Daily,Average,National currency (former currencies of the euro area countries),Italian lira,1996-06-25,1916.90,,
ESTAT:ERT_H_EUR_D(1.0),08/01/26 11:00:00,Daily,Average,National currency (former currencies of the euro area countries),Italian lira,1996-06-26,1923.20,,
ESTAT:ERT_H_EUR_D(1.0),08/01/26 11:00:00,Daily,Average,National currency (former currencies of the euro area countries),Italian lira,1996-06-27,1929.50,,
ESTAT:ERT_H_EUR_D(1.0),08/01/26 11:00:00,Daily,Average,National currency (former currencies of the euro area countries),Italian lira,1996-06-28,1929.09,,
ESTAT:ERT_H_EUR_D(1.0),08/01/26 11:00:00,Daily,Average,National currency (former currencies of the euro area countries),Italian lira,1996-07-01,1930.53,,
ESTAT:ERT_H_EUR_D(1.0),08/01/26 11:00:00,Daily,Average,National currency (former currencies of the euro area countries),Italian lira,1996-07-02,1926.93,,
ESTAT:ERT_H_EUR_D(1.0),08/01/26 11:00:00,Daily,Average,National currency (former currencies of the euro area countries),Italian lira,1996-07-03,1928.73,,
ESTAT:ERT_H_EUR_D(1.0),08/01/26 11:00:00,Daily,Average,National currency (former currencies of the euro area countries),Italian lira,1996-07-04,1924.01,,
ESTAT:ERT_H_EUR_D(1.0),08/01/26 11:00:00,Daily,Average,National currency (former currencies of the euro area countries),Italian lira,1996-07-05,1923.95,,
ESTAT:ERT_H_EUR_D(1.0),08/01/26 11:00:00,Daily,Average,National currency (former currencies of the euro area countries),Italian lira,1996-07-08,1928.07,,
ESTAT:ERT_H_EUR_D(1.0),08/01/26 11:00:00,Daily,Average,National currency (former currencies of the euro area countries),Italian lira,1996-07-09,1928.04,,
ESTAT:ERT_H_EUR_D(1.0),08/01/26 11:00:00,Daily,Average,National currency (former currencies of the euro area countries),Italian lira,1996-07-10,1928.12,,
ESTAT:ERT_H_EUR_D(1.0),08/01/26 11:00:00,Daily,Average,National currency (former currencies of the euro area countries),Italian lira,1996-07-11,1928.42,,
ESTAT:ERT_H_EUR_D(1.0),08/01/26 11:00:00,Daily,Average,National currency (former currencies of the euro area countries),Italian lira,1996-07-12,1929.42,,
ESTAT:ERT_H_EUR_D(1.0),08/01/26 11:00:00,Daily,Average,National currency (former currencies of the euro area countries),Italian lira,1996-07-15,1931.24,,
ESTAT:ERT_H_EUR_D(1.0),08/01/26 11:00:00,Daily,Average,National currency (former currencies of the euro area countries),Italian lira,1996-07-16,1943.13,,
ESTAT:ERT_H_EUR_D(1.0),08/01/26 11:00:00,Daily,Average,National currency (former currencies of the euro area countries),Italian lira,1996-07-17,1953.39,,
ESTAT:ERT_H_EUR_D(1.0),08/01/26 11:00:00,Daily,Average,National currency (former currencies of the euro area countries),Italian lira,1996-07-18,1943.73,,
ESTAT:ERT_H_EUR_D(1.0),08/01/26 11:00:00,Daily,Average,National currency (former currencies of the euro area countries),Italian lira,1996-07-19,1939.48,,
ESTAT:ERT_H_EUR_D(1.0),08/01/26 11:00:00,Daily,Average,National currency (former currencies of the euro area countries),Italian lira,1996-07-22,1933.94,,
ESTAT:ERT_H_EUR_D(1.0),08/01/26 11:00:00,Daily,Average,National currency (former currencies of the euro area countries),Italian lira,1996-07-23,1942.67,,
ESTAT:ERT_H_EUR_D(1.0),08/01/26 11:00:00,Daily,Average,National currency (former currencies of the euro area countries),Italian lira,1996-07-24,1940.63,,
ESTAT:ERT_H_EUR_D(1.0),08/01/26 11:00:00,Daily,Average,National currency (former currencies of the euro area countries),Italian lira,1996-07-25,1954.07,,
ESTAT:ERT_H_EUR_D(1.0),08/01/26 11:00:00,Daily,Average,National currency (former currencies of the euro area countries),Italian lira,1996-07-26,1961.49,,
ESTAT:ERT_H_EUR_D(1.0),08/01/26 11:00:00,Daily,Average,National currency (former currencies of the euro area countries),Italian lira,1996-07-29,1961.47,,
ESTAT:ERT_H_EUR_D(1.0),08/01/26 11:00:00,Daily,Average,National currency (former currencies of the euro area countries),Italian lira,1996-07-30,1968.35,,
ESTAT:ERT_H_EUR_D(1.0),08/01/26 11:00:00,Daily,Average,National currency (former currencies of the euro area countries),Italian lira,1996-07-31,1965.70,,
ESTAT:ERT_H_EUR_D(1.0),08/01/26 11:00:00,Daily,Average,National currency (former currencies of the euro area countries),Italian lira,1996-08-01,1959.62,,
ESTAT:ERT_H_EUR_D(1.0),08/01/26 11:00:00,Daily,Average,National currency (former currencies of the euro area countries),Italian lira,1996-08-02,1955.07,,
ESTAT:ERT_H_EUR_D(1.0),08/01/26 11:00:00,Daily,Average,National currency (former currencies of the euro area countries),Italian lira,1996-08-05,1953.67,,
ESTAT:ERT_H_EUR_D(1.0),08/01/26 11:00:00,Daily,Average,National currency (former currencies of the euro area countries),Italian lira,1996-08-06,1941.70,,
ESTAT:ERT_H_EUR_D(1.0),08/01/26 11:00:00,Daily,Average,National currency (former currencies of the euro area countries),Italian lira,1996-08-07,1947.28,,
ESTAT:ERT_H_EUR_D(1.0),08/01/26 11:00:00,Daily,Average,National currency (former currencies of the euro area countries),Italian lira,1996-08-08,1944.88,,
ESTAT:ERT_H_EUR_D(1.0),08/01/26 11:00:00,Daily,Average,National currency (former currencies of the euro area countries),Italian lira,1996-08-09,1950.93,,
ESTAT:ERT_H_EUR_D(1.0),08/01/26 11:00:00,Daily,Average,National currency (former currencies of the euro area countries),Italian lira,1996-08-12,1951.71,,
ESTAT:ERT_H_EUR_D(1.0),08/01/26 11:00:00,Daily,Average,National currency (former currencies of the euro area countries),Italian lira,1996-08-13,1948.02,,
ESTAT:ERT_H_EUR_D(1.0),08/01/26 11:00:00,Daily,Average,National currency (former currencies of the euro area countries),Italian lira,1996-08-14,1945.46,,
ESTAT:ERT_H_EUR_D(1.0),08/01/26 11:00:00,Daily,Average,National currency (former currencies of the euro area countries),Italian lira,1996-08-16,1937.02,,
ESTAT:ERT_H_EUR_D(1.0),08/01/26 11:00:00,Daily,Average,National currency (former currencies of the euro area countries),Italian lira,1996-08-19,1940.07,,
ESTAT:ERT_H_EUR_D(1.0),08/01/26 11:00:00,Daily,Average,National currency (former currencies of the euro area countries),Italian lira,1996-08-20,1938.51,,
ESTAT:ERT_H_EUR_D(1.0),08/01/26 11:00:00,Daily,Average,National currency (former currencies of the euro area countries),Italian lira,1996-08-21,1946.50,,
ESTAT:ERT_H_EUR_D(1.0),08/01/26 11:00:00,Daily,Average,National currency (former currencies of the euro area countries),Italian lira,1996-08-22,1938.45,,
ESTAT:ERT_H_EUR_D(1.0),08/01/26 11:00:00,Daily,Average,National currency (former currencies of the euro area countries),Italian lira,1996-08-23,1942.45,,
ESTAT:ERT_H_EUR_D(1.0),08/01/26 11:00:00,Daily,Average,National currency (former currencies of the euro area countries),Italian lira,1996-08-26,1944.04,,
ESTAT:ERT_H_EUR_D(1.0),08/01/26 11:00:00,Daily,Average,National currency (former currencies of the euro area countries),Italian lira,1996-08-27,1948.62,,
ESTAT:ERT_H_EUR_D(1.0),08/01/26 11:00:00,Daily,Average,National currency (former currencies of the euro area countries),Italian lira,1996-08-28,1947.24,,
ESTAT:ERT_H_EUR_D(1.0),08/01/26 11:00:00,Daily,Average,National currency (former currencies of the euro area countries),Italian lira,1996-08-29,1947.92,,
ESTAT:ERT_H_EUR_D(1.0),08/01/26 11:00:00,Daily,Average,National currency (former currencies of the euro area countries),Italian lira,1996-08-30,1943.09,,
ESTAT:ERT_H_EUR_D(1.0),08/01/26 11:00:00,Daily,Average,National currency (former currencies of the euro area countries),Italian lira,1996-09-02,1940.83,,
ESTAT:ERT_H_EUR_D(1.0),08/01/26 11:00:00,Daily,Average,National currency (former currencies of the euro area countries),Italian lira,1996-09-03,1941.24,,
ESTAT:ERT_H_EUR_D(1.0),08/01/26 11:00:00,Daily,Average,National currency (former currencies of the euro area countries),Italian lira,1996-09-04,1942.42,,
ESTAT:ERT_H_EUR_D(1.0),08/01/26 11:00:00,Daily,Average,National currency (former currencies of the euro area countries),Italian lira,1996-09-05,1941.52,,
ESTAT:ERT_H_EUR_D(1.0),08/01/26 11:00:00,Daily,Average,National currency (former currencies of the euro area countries),Italian lira,1996-09-06,1937.53,,
ESTAT:ERT_H_EUR_D(1.0),08/01/26 11:00:00,Daily,Average,National currency (former currencies of the euro area countries),Italian lira,1996-09-09,1932.19,,
ESTAT:ERT_H_EUR_D(1.0),08/01/26 11:00:00,Daily,Average,National currency (former currencies of the euro area countries),Italian lira,1996-09-10,1926.69,,
ESTAT:ERT_H_EUR_D(1.0),08/01/26 11:00:00,Daily,Average,National currency (former currencies of the euro area countries),Italian lira,1996-09-11,1926.13,,
ESTAT:ERT_H_EUR_D(1.0),08/01/26 11:00:00,Daily,Average,National currency (former currencies of the euro area countries),Italian lira,1996-09-12,1928.45,,
ESTAT:ERT_H_EUR_D(1.0),08/01/26 11:00:00,Daily,Average,National currency (former currencies of the euro area countries),Italian lira,1996-09-13,1930.56,,
ESTAT:ERT_H_EUR_D(1.0),08/01/26 11:00:00,Daily,Average,National currency (former currencies of the euro area countries),Italian lira,1996-09-16,1929.94,,
ESTAT:ERT_H_EUR_D(1.0),08/01/26 11:00:00,Daily,Average,National currency (former currencies of the euro area countries),Italian lira,1996-09-17,1927.44,,
ESTAT:ERT_H_EUR_D(1.0),08/01/26 11:00:00,Daily,Average,National currency (former currencies of the euro area countries),Italian lira,1996-09-18,1930.67,,
ESTAT:ERT_H_EUR_D(1.0),08/01/26 11:00:00,Daily,Average,National currency (former currencies of the euro area countries),Italian lira,1996-09-19,1930.43,,
ESTAT:ERT_H_EUR_D(1.0),08/01/26 11:00:00,Daily,Average,National currency (former currencies of the euro area countries),Italian lira,1996-09-20,1924.36,,
ESTAT:ERT_H_EUR_D(1.0),08/01/26 11:00:00,Daily,Average,National currency (former currencies of the euro area countries),Italian lira,1996-09-23,1925.96,,
ESTAT:ERT_H_EUR_D(1.0),08/01/26 11:00:00,Daily,Average,National currency (former currencies of the euro area countries),Italian lira,1996-09-24,1928.28,,
ESTAT:ERT_H_EUR_D(1.0),08/01/26 11:00:00,Daily,Average,National currency (former currencies of the euro area countries),Italian lira,1996-09-25,1922.18,,
ESTAT:ERT_H_EUR_D(1.0),08/01/26 11:00:00,Daily,Average,National currency (former currencies of the euro area countries),Italian lira,1996-09-26,1915.31,,
ESTAT:ERT_H_EUR_D(1.0),08/01/26 11:00:00,Daily,Average,National currency (former currencies of the euro area countries),Italian lira,1996-09-27,1914.47,,
ESTAT:ERT_H_EUR_D(1.0),08/01/26 11:00:00,Daily,Average,National currency (former currencies of the euro area countries),Italian lira,1996-09-30,1916.92,,
ESTAT:ERT_H_EUR_D(1.0),08/01/26 11:00:00,Daily,Average,National currency (former currencies of the euro area countries),Italian lira,1996-10-01,1915.61,,
ESTAT:ERT_H_EUR_D(1.0),08/01/26 11:00:00,Daily,Average,National currency (former currencies of the euro area countries),Italian lira,1996-10-02,1910.49,,
ESTAT:ERT_H_EUR_D(1.0),08/01/26 11:00:00,Daily,Average,National currency (former currencies of the euro area countries),Italian lira,1996-10-03,1905.05,,
ESTAT:ERT_H_EUR_D(1.0),08/01/26 11:00:00,Daily,Average,National currency (former currencies of the euro area countries),Italian lira,1996-10-04,1908.49,,
ESTAT:ERT_H_EUR_D(1.0),08/01/26 11:00:00,Daily,Average,National currency (former currencies of the euro area countries),Italian lira,1996-10-07,1902.07,,
ESTAT:ERT_H_EUR_D(1.0),08/01/26 11:00:00,Daily,Average,National currency (former currencies of the euro area countries),Italian lira,1996-10-08,1909.25,,
ESTAT:ERT_H_EUR_D(1.0),08/01/26 11:00:00,Daily,Average,National currency (former currencies of the euro area countries),Italian lira,1996-10-09,1908.98,,
ESTAT:ERT_H_EUR_D(1.0),08/01/26 11:00:00,Daily,Average,National currency (former currencies of the euro area countries),Italian lira,1996-10-10,1913.33,,
ESTAT:ERT_H_EUR_D(1.0),08/01/26 11:00:00,Daily,Average,National currency (former currencies of the euro area countries),Italian lira,1996-10-11,1912.69,,
ESTAT:ERT_H_EUR_D(1.0),08/01/26 11:00:00,Daily,Average,National currency (former currencies of the euro area countries),Italian lira,1996-10-14,1912.49,,
ESTAT:ERT_H_EUR_D(1.0),08/01/26 11:00:00,Daily,Average,National currency (former currencies of the euro area countries),Italian lira,1996-10-15,1912.52,,
ESTAT:ERT_H_EUR_D(1.0),08/01/26 11:00:00,Daily,Average,National currency (former currencies of the euro area countries),Italian lira,1996-10-16,1915.31,,
ESTAT:ERT_H_EUR_D(1.0),08/01/26 11:00:00,Daily,Average,National currency (former currencies of the euro area countries),Italian lira,1996-10-17,1925.71,,
ESTAT:ERT_H_EUR_D(1.0),08/01/26 11:00:00,Daily,Average,National currency (former currencies of the euro area countries),Italian lira,1996-10-18,1918.06,,
ESTAT:ERT_H_EUR_D(1.0),08/01/26 11:00:00,Daily,Average,National currency (former currencies of the euro area countries),Italian lira,1996-10-21,1922.19,,
ESTAT:ERT_H_EUR_D(1.0),08/01/26 11:00:00,Daily,Average,National currency (former currencies of the euro area countries),Italian lira,1996-10-22,1921.98,,
ESTAT:ERT_H_EUR_D(1.0),08/01/26 11:00:00,Daily,Average,National currency (former currencies of the euro area countries),Italian lira,1996-10-23,1930.28,,
ESTAT:ERT_H_EUR_D(1.0),08/01/26 11:00:00,Daily,Average,National currency (former currencies of the euro area countries),Italian lira,1996-10-24,1932.33,,
ESTAT:ERT_H_EUR_D(1.0),08/01/26 11:00:00,Daily,Average,National currency (former currencies of the euro area countries),Italian lira,1996-10-25,1925.08,,
ESTAT:ERT_H_EUR_D(1.0),08/01/26 11:00:00,Daily,Average,National currency (former currencies of the euro area countries),Italian lira,1996-10-28,1925.27,,
ESTAT:ERT_H_EUR_D(1.0),08/01/26 11:00:00,Daily,Average,National currency (former currencies of the euro area countries),Italian lira,1996-10-29,1933.04,,
ESTAT:ERT_H_EUR_D(1.0),08/01/26 11:00:00,Daily,Average,National currency (former currencies of the euro area countries),Italian lira,1996-10-30,1936.43,,
ESTAT:ERT_H_EUR_D(1.0),08/01/26 11:00:00,Daily,Average,National currency (former currencies of the euro area countries),Italian lira,1996-10-31,1929.33,,
ESTAT:ERT_H_EUR_D(1.0),08/01/26 11:00:00,Daily,Average,National currency (former currencies of the euro area countries),Italian lira,1996-11-01,1927.71,,
ESTAT:ERT_H_EUR_D(1.0),08/01/26 11:00:00,Daily,Average,National currency (former currencies of the euro area countries),Italian lira,1996-11-04,1935.41,,
ESTAT:ERT_H_EUR_D(1.0),08/01/26 11:00:00,Daily,Average,National currency (former currencies of the euro area countries),Italian lira,1996-11-05,1937.23,,
ESTAT:ERT_H_EUR_D(1.0),08/01/26 11:00:00,Daily,Average,National currency (former currencies of the euro area countries),Italian lira,1996-11-06,1934.72,,
ESTAT:ERT_H_EUR_D(1.0),08/01/26 11:00:00,Daily,Average,National currency (former currencies of the euro area countries),Italian lira,1996-11-07,1938.03,,
ESTAT:ERT_H_EUR_D(1.0),08/01/26 11:00:00,Daily,Average,National currency (former currencies of the euro area countries),Italian lira,1996-11-08,1940.41,,
ESTAT:ERT_H_EUR_D(1.0),08/01/26 11:00:00,Daily,Average,National currency (former currencies of the euro area countries),Italian lira,1996-11-11,1941.15,,
ESTAT:ERT_H_EUR_D(1.0),08/01/26 11:00:00,Daily,Average,National currency (former currencies of the euro area countries),Italian lira,1996-11-12,1943.65,,
ESTAT:ERT_H_EUR_D(1.0),08/01/26 11:00:00,Daily,Average,National currency (former currencies of the euro area countries),Italian lira,1996-11-13,1941.79,,
ESTAT:ERT_H_EUR_D(1.0),08/01/26 11:00:00,Daily,Average,National currency (former currencies of the euro area countries),Italian lira,1996-11-14,1943.36,,
ESTAT:ERT_H_EUR_D(1.0),08/01/26 11:00:00,Daily,Average,National currency (former currencies of the euro area countries),Italian lira,1996-11-15,1942.57,,
ESTAT:ERT_H_EUR_D(1.0),08/01/26 11:00:00,Daily,Average,National currency (former currencies of the euro area countries),Italian lira,1996-11-18,1942.23,,
ESTAT:ERT_H_EUR_D(1.0),08/01/26 11:00:00,Daily,Average,National currency (former currencies of the euro area countries),Italian lira,1996-11-19,1942.77,,
ESTAT:ERT_H_EUR_D(1.0),08/01/26 11:00:00,Daily,Average,National currency (former currencies of the euro area countries),Italian lira,1996-11-20,1931.48,,
ESTAT:ERT_H_EUR_D(1.0),08/01/26 11:00:00,Daily,Average,National currency (former currencies of the euro area countries),Italian lira,1996-11-21,1928.41,,
ESTAT:ERT_H_EUR_D(1.0),08/01/26 11:00:00,Daily,Average,National currency (former currencies of the euro area countries),Italian lira,1996-11-22,1927.59,,
ESTAT:ERT_H_EUR_D(1.0),08/01/26 11:00:00,Daily,Average,National currency (former currencies of the euro area countries),Italian lira,1996-11-25,1917.18,,
ESTAT:ERT_H_EUR_D(1.0),08/01/26 11:00:00,Daily,Average,National currency (former currencies of the euro area countries),Italian lira,1996-11-26,1918.25,,
ESTAT:ERT_H_EUR_D(1.0),08/01/26 11:00:00,Daily,Average,National currency (former currencies of the euro area countries),Italian lira,1996-11-27,1921.47,,
ESTAT:ERT_H_EUR_D(1.0),08/01/26 11:00:00,Daily,Average,National currency (former currencies of the euro area countries),Italian lira,1996-11-28,1913.14,,
ESTAT:ERT_H_EUR_D(1.0),08/01/26 11:00:00,Daily,Average,National currency (former currencies of the euro area countries),Italian lira,1996-11-29,1910.84,,
ESTAT:ERT_H_EUR_D(1.0),08/01/26 11:00:00,Daily,Average,National currency (former currencies of the euro area countries),Italian lira,1996-12-02,1907.30,,
ESTAT:ERT_H_EUR_D(1.0),08/01/26 11:00:00,Daily,Average,National currency (former currencies of the euro area countries),Italian lira,1996-12-03,1906.89,,
ESTAT:ERT_H_EUR_D(1.0),08/01/26 11:00:00,Daily,Average,National currency (former currencies of the euro area countries),Italian lira,1996-12-04,1904.45,,
ESTAT:ERT_H_EUR_D(1.0),08/01/26 11:00:00,Daily,Average,National currency (former currencies of the euro area countries),Italian lira,1996-12-05,1906.82,,
ESTAT:ERT_H_EUR_D(1.0),08/01/26 11:00:00,Daily,Average,National currency (former currencies of the euro area countries),Italian lira,1996-12-06,1917.22,,
ESTAT:ERT_H_EUR_D(1.0),08/01/26 11:00:00,Daily,Average,National currency (former currencies of the euro area countries),Italian lira,1996-12-09,1909.21,,
ESTAT:ERT_H_EUR_D(1.0),08/01/26 11:00:00,Daily,Average,National currency (former currencies of the euro area countries),Italian lira,1996-12-10,1908.95,,
ESTAT:ERT_H_EUR_D(1.0),08/01/26 11:00:00,Daily,Average,National currency (former currencies of the euro area countries),Italian lira,1996-12-11,1914.64,,
ESTAT:ERT_H_EUR_D(1.0),08/01/26 11:00:00,Daily,Average,National currency (former currencies of the euro area countries),Italian lira,1996-12-12,1915.33,,
ESTAT:ERT_H_EUR_D(1.0),08/01/26 11:00:00,Daily,Average,National currency (former currencies of the euro area countries),Italian lira,1996-12-13,1915.18,,
ESTAT:ERT_H_EUR_D(1.0),08/01/26 11:00:00,Daily,Average,National currency (former currencies of the euro area countries),Italian lira,1996-12-16,1910.22,,
ESTAT:ERT_H_EUR_D(1.0),08/01/26 11:00:00,Daily,Average,National currency (former currencies of the euro area countries),Italian lira,1996-12-17,1912.32,,
ESTAT:ERT_H_EUR_D(1.0),08/01/26 11:00:00,Daily,Average,National currency (former currencies of the euro area countries),Italian lira,1996-12-18,1912.18,,
ESTAT:ERT_H_EUR_D(1.0),08/01/26 11:00:00,Daily,Average,National currency (former currencies of the euro area countries),Italian lira,1996-12-19,1908.96,,
ESTAT:ERT_H_EUR_D(1.0),08/01/26 11:00:00,Daily,Average,National currency (former currencies of the euro area countries),Italian lira,1996-12-20,1908.25,,
ESTAT:ERT_H_EUR_D(1.0),08/01/26 11:00:00,Daily,Average,National currency (former currencies of the euro area countries),Italian lira,1996-12-23,1910.13,,
ESTAT:ERT_H_EUR_D(1.0),08/01/26 11:00:00,Daily,Average,National currency (former currencies of the euro area countries),Italian lira,1996-12-24,1910.03,,
ESTAT:ERT_H_EUR_D(1.0),08/01/26 11:00:00,Daily,Average,National currency (former currencies of the euro area countries),Italian lira,1996-12-27,1911.35,,
ESTAT:ERT_H_EUR_D(1.0),08/01/26 11:00:00,Daily,Average,National currency (former currencies of the euro area countries),Italian lira,1996-12-30,1911.74,,
ESTAT:ERT_H_EUR_D(1.0),08/01/26 11:00:00,Daily,Average,National currency (former currencies of the euro area countries),Italian lira,1996-12-31,1913.72,,
ESTAT:ERT_H_EUR_D(1.0),08/01/26 11:00:00,Daily,Average,National currency (former currencies of the euro area countries),Italian lira,1997-01-02,1913.10,,
ESTAT:ERT_H_EUR_D(1.0),08/01/26 11:00:00,Daily,Average,National currency (former currencies of the euro area countries),Italian lira,1997-01-03,1913.26,,
ESTAT:ERT_H_EUR_D(1.0),08/01/26 11:00:00,Daily,Average,National currency (former currencies of the euro area countries),Italian lira,1997-01-06,1915.46,,
ESTAT:ERT_H_EUR_D(1.0),08/01/26 11:00:00,Daily,Average,National currency (former currencies of the euro area countries),Italian lira,1997-01-07,1912.57,,
ESTAT:ERT_H_EUR_D(1.0),08/01/26 11:00:00,Daily,Average,National currency (former currencies of the euro area countries),Italian lira,1997-01-08,1907.90,,
ESTAT:ERT_H_EUR_D(1.0),08/01/26 11:00:00,Daily,Average,National currency (former currencies of the euro area countries),Italian lira,1997-01-09,1909.01,,
ESTAT:ERT_H_EUR_D(1.0),08/01/26 11:00:00,Daily,Average,National currency (former currencies of the euro area countries),Italian lira,1997-01-10,1903.29,,
ESTAT:ERT_H_EUR_D(1.0),08/01/26 11:00:00,Daily,Average,National currency (former currencies of the euro area countries),Italian lira,1997-01-13,1894.98,,
ESTAT:ERT_H_EUR_D(1.0),08/01/26 11:00:00,Daily,Average,National currency (former currencies of the euro area countries),Italian lira,1997-01-14,1897.86,,
ESTAT:ERT_H_EUR_D(1.0),08/01/26 11:00:00,Daily,Average,National currency (former currencies of the euro area countries),Italian lira,1997-01-15,1896.61,,
ESTAT:ERT_H_EUR_D(1.0),08/01/26 11:00:00,Daily,Average,National currency (former currencies of the euro area countries),Italian lira,1997-01-16,1897.91,,
ESTAT:ERT_H_EUR_D(1.0),08/01/26 11:00:00,Daily,Average,National currency (former currencies of the euro area countries),Italian lira,1997-01-17,1896.92,,
ESTAT:ERT_H_EUR_D(1.0),08/01/26 11:00:00,Daily,Average,National currency (former currencies of the euro area countries),Italian lira,1997-01-20,1894.57,,
ESTAT:ERT_H_EUR_D(1.0),08/01/26 11:00:00,Daily,Average,National currency (former currencies of the euro area countries),Italian lira,1997-01-21,1899.05,,
ESTAT:ERT_H_EUR_D(1.0),08/01/26 11:00:00,Daily,Average,National currency (former currencies of the euro area countries),Italian lira,1997-01-22,1900.25,,
ESTAT:ERT_H_EUR_D(1.0),08/01/26 11:00:00,Daily,Average,National currency (former currencies of the euro area countries),Italian lira,1997-01-23,1902.47,,
ESTAT:ERT_H_EUR_D(1.0),08/01/26 11:00:00,Daily,Average,National currency (former currencies of the euro area countries),Italian lira,1997-01-24,1903.15,,
ESTAT:ERT_H_EUR_D(1.0),08/01/26 11:00:00,Daily,Average,National currency (former currencies of the euro area countries),Italian lira,1997-01-27,1899.01,,
ESTAT:ERT_H_EUR_D(1.0),08/01/26 11:00:00,Daily,Average,National currency (former currencies of the euro area countries),Italian lira,1997-01-28,1904.14,,
ESTAT:ERT_H_EUR_D(1.0),08/01/26 11:00:00,Daily,Average,National currency (former currencies of the euro area countries),Italian lira,1997-01-29,1918.31,,
ESTAT:ERT_H_EUR_D(1.0),08/01/26 11:00:00,Daily,Average,National currency (former currencies of the euro area countries),Italian lira,1997-01-30,1910.06,,
ESTAT:ERT_H_EUR_D(1.0),08/01/26 11:00:00,Daily,Average,National currency (former currencies of the euro area countries),Italian lira,1997-01-31,1917.55,,
ESTAT:ERT_H_EUR_D(1.0),08/01/26 11:00:00,Daily,Average,National currency (former currencies of the euro area countries),Italian lira,1997-02-03,1919.76,,
ESTAT:ERT_H_EUR_D(1.0),08/01/26 11:00:00,Daily,Average,National currency (former currencies of the euro area countries),Italian lira,1997-02-04,1920.75,,
ESTAT:ERT_H_EUR_D(1.0),08/01/26 11:00:00,Daily,Average,National currency (former currencies of the euro area countries),Italian lira,1997-02-05,1918.99,,
ESTAT:ERT_H_EUR_D(1.0),08/01/26 11:00:00,Daily,Average,National currency (former currencies of the euro area countries),Italian lira,1997-02-06,1919.27,,
ESTAT:ERT_H_EUR_D(1.0),08/01/26 11:00:00,Daily,Average,National currency (former currencies of the euro area countries),Italian lira,1997-02-07,1918.38,,
ESTAT:ERT_H_EUR_D(1.0),08/01/26 11:00:00,Daily,Average,National currency (former currencies of the euro area countries),Italian lira,1997-02-10,1917.24,,
ESTAT:ERT_H_EUR_D(1.0),08/01/26 11:00:00,Daily,Average,National currency (former currencies of the euro area countries),Italian lira,1997-02-11,1917.25,,
ESTAT:ERT_H_EUR_D(1.0),08/01/26 11:00:00,Daily,Average,National currency (former currencies of the euro area countries),Italian lira,1997-02-12,1916.74,,
ESTAT:ERT_H_EUR_D(1.0),08/01/26 11:00:00,Daily,Average,National currency (former currencies of the euro area countries),Italian lira,1997-02-13,1922.19,,
ESTAT:ERT_H_EUR_D(1.0),08/01/26 11:00:00,Daily,Average,National currency (former currencies of the euro area countries),Italian lira,1997-02-14,1925.41,,
ESTAT:ERT_H_EUR_D(1.0),08/01/26 11:00:00,Daily,Average,National currency (former currencies of the euro area countries),Italian lira,1997-02-17,1930.40,,
ESTAT:ERT_H_EUR_D(1.0),08/01/26 11:00:00,Daily,Average,National currency (former currencies of the euro area countries),Italian lira,1997-02-18,1933.08,,
ESTAT:ERT_H_EUR_D(1.0),08/01/26 11:00:00,Daily,Average,National currency (former currencies of the euro area countries),Italian lira,1997-02-19,1942.67,,
ESTAT:ERT_H_EUR_D(1.0),08/01/26 11:00:00,Daily,Average,National currency (former currencies of the euro area countries),Italian lira,1997-02-20,1938.78,,
ESTAT:ERT_H_EUR_D(1.0),08/01/26 11:00:00,Daily,Average,National currency (former currencies of the euro area countries),Italian lira,1997-02-21,1930.10,,
ESTAT:ERT_H_EUR_D(1.0),08/01/26 11:00:00,Daily,Average,National currency (former currencies of the euro area countries),Italian lira,1997-02-24,1936.21,,
ESTAT:ERT_H_EUR_D(1.0),08/01/26 11:00:00,Daily,Average,National currency (former currencies of the euro area countries),Italian lira,1997-02-25,1944.66,,
ESTAT:ERT_H_EUR_D(1.0),08/01/26 11:00:00,Daily,Average,National currency (former currencies of the euro area countries),Italian lira,1997-02-26,1944.66,,
ESTAT:ERT_H_EUR_D(1.0),08/01/26 11:00:00,Daily,Average,National currency (former currencies of the euro area countries),Italian lira,1997-02-27,1942.79,,
ESTAT:ERT_H_EUR_D(1.0),08/01/26 11:00:00,Daily,Average,National currency (former currencies of the euro area countries),Italian lira,1997-02-28,1947.74,,
ESTAT:ERT_H_EUR_D(1.0),08/01/26 11:00:00,Daily,Average,National currency (former currencies of the euro area countries),Italian lira,1997-03-03,1954.09,,
ESTAT:ERT_H_EUR_D(1.0),08/01/26 11:00:00,Daily,Average,National currency (former currencies of the euro area countries),Italian lira,1997-03-04,1948.66,,
ESTAT:ERT_H_EUR_D(1.0),08/01/26 11:00:00,Daily,Average,National currency (former currencies of the euro area countries),Italian lira,1997-03-05,1948.60,,
ESTAT:ERT_H_EUR_D(1.0),08/01/26 11:00:00,Daily,Average,National currency (former currencies of the euro area countries),Italian lira,1997-03-06,1945.60,,
ESTAT:ERT_H_EUR_D(1.0),08/01/26 11:00:00,Daily,Average,National currency (former currencies of the euro area countries),Italian lira,1997-03-07,1937.65,,
ESTAT:ERT_H_EUR_D(1.0),08/01/26 11:00:00,Daily,Average,National currency (former currencies of the euro area countries),Italian lira,1997-03-10,1940.29,,
ESTAT:ERT_H_EUR_D(1.0),08/01/26 11:00:00,Daily,Average,National currency (former currencies of the euro area countries),Italian lira,1997-03-11,1940.21,,
ESTAT:ERT_H_EUR_D(1.0),08/01/26 11:00:00,Daily,Average,National currency (former currencies of the euro area countries),Italian lira,1997-03-12,1940.89,,
ESTAT:ERT_H_EUR_D(1.0),08/01/26 11:00:00,Daily,Average,National currency (former currencies of the euro area countries),Italian lira,1997-03-13,1944.74,,
ESTAT:ERT_H_EUR_D(1.0),08/01/26 11:00:00,Daily,Average,National currency (former currencies of the euro area countries),Italian lira,1997-03-14,1944.48,,
ESTAT:ERT_H_EUR_D(1.0),08/01/26 11:00:00,Daily,Average,National currency (former currencies of the euro area countries),Italian lira,1997-03-17,1951.40,,
ESTAT:ERT_H_EUR_D(1.0),08/01/26 11:00:00,Daily,Average,National currency (former currencies of the euro area countries),Italian lira,1997-03-18,1956.45,,
ESTAT:ERT_H_EUR_D(1.0),08/01/26 11:00:00,Daily,Average,National currency (former currencies of the euro area countries),Italian lira,1997-03-19,1953.48,,
ESTAT:ERT_H_EUR_D(1.0),08/01/26 11:00:00,Daily,Average,National currency (former currencies of the euro area countries),Italian lira,1997-03-20,1952.52,,
ESTAT:ERT_H_EUR_D(1.0),08/01/26 11:00:00,Daily,Average,National currency (former currencies of the euro area countries),Italian lira,1997-03-21,1948.72,,
ESTAT:ERT_H_EUR_D(1.0),08/01/26 11:00:00,Daily,Average,National currency (former currencies of the euro area countries),Italian lira,1997-03-24,1952.79,,
ESTAT:ERT_H_EUR_D(1.0),08/01/26 11:00:00,Daily,Average,National currency (former currencies of the euro area countries),Italian lira,1997-03-25,1954.45,,
ESTAT:ERT_H_EUR_D(1.0),08/01/26 11:00:00,Daily,Average,National currency (former currencies of the euro area countries),Italian lira,1997-03-26,1950.52,,
ESTAT:ERT_H_EUR_D(1.0),08/01/26 11:00:00,Daily,Average,National currency (former currencies of the euro area countries),Italian lira,1997-03-27,1948.34,,
ESTAT:ERT_H_EUR_D(1.0),08/01/26 11:00:00,Daily,Average,National currency (former currencies of the euro area countries),Italian lira,1997-04-01,1950.96,,
ESTAT:ERT_H_EUR_D(1.0),08/01/26 11:00:00,Daily,Average,National currency (former currencies of the euro area countries),Italian lira,1997-04-02,1943.04,,
ESTAT:ERT_H_EUR_D(1.0),08/01/26 11:00:00,Daily,Average,National currency (former currencies of the euro area countries),Italian lira,1997-04-03,1939.41,,
ESTAT:ERT_H_EUR_D(1.0),08/01/26 11:00:00,Daily,Average,National currency (former currencies of the euro area countries),Italian lira,1997-04-04,1936.70,,
ESTAT:ERT_H_EUR_D(1.0),08/01/26 11:00:00,Daily,Average,National currency (former currencies of the euro area countries),Italian lira,1997-04-07,1928.81,,
ESTAT:ERT_H_EUR_D(1.0),08/01/26 11:00:00,Daily,Average,National currency (former currencies of the euro area countries),Italian lira,1997-04-08,1934.15,,
ESTAT:ERT_H_EUR_D(1.0),08/01/26 11:00:00,Daily,Average,National currency (former currencies of the euro area countries),Italian lira,1997-04-09,1932.81,,
ESTAT:ERT_H_EUR_D(1.0),08/01/26 11:00:00,Daily,Average,National currency (former currencies of the euro area countries),Italian lira,1997-04-10,1933.72,,
ESTAT:ERT_H_EUR_D(1.0),08/01/26 11:00:00,Daily,Average,National currency (former currencies of the euro area countries),Italian lira,1997-04-11,1934.04,,
ESTAT:ERT_H_EUR_D(1.0),08/01/26 11:00:00,Daily,Average,National currency (former currencies of the euro area countries),Italian lira,1997-04-14,1928.81,,
ESTAT:ERT_H_EUR_D(1.0),08/01/26 11:00:00,Daily,Average,National currency (former currencies of the euro area countries),Italian lira,1997-04-15,1930.24,,
ESTAT:ERT_H_EUR_D(1.0),08/01/26 11:00:00,Daily,Average,National currency (former currencies of the euro area countries),Italian lira,1997-04-16,1932.21,,
ESTAT:ERT_H_EUR_D(1.0),08/01/26 11:00:00,Daily,Average,National currency (former currencies of the euro area countries),Italian lira,1997-04-17,1933.60,,
ESTAT:ERT_H_EUR_D(1.0),08/01/26 11:00:00,Daily,Average,National currency (former currencies of the euro area countries),Italian lira,1997-04-18,1935.68,,
ESTAT:ERT_H_EUR_D(1.0),08/01/26 11:00:00,Daily,Average,National currency (former currencies of the euro area countries),Italian lira,1997-04-21,1941.05,,
ESTAT:ERT_H_EUR_D(1.0),08/01/26 11:00:00,Daily,Average,National currency (former currencies of the euro area countries),Italian lira,1997-04-22,1951.27,,
ESTAT:ERT_H_EUR_D(1.0),08/01/26 11:00:00,Daily,Average,National currency (former currencies of the euro area countries),Italian lira,1997-04-23,1950.51,,
ESTAT:ERT_H_EUR_D(1.0),08/01/26 11:00:00,Daily,Average,National currency (former currencies of the euro area countries),Italian lira,1997-04-24,1943.38,,
ESTAT:ERT_H_EUR_D(1.0),08/01/26 11:00:00,Daily,Average,National currency (former currencies of the euro area countries),Italian lira,1997-04-25,1949.36,,
ESTAT:ERT_H_EUR_D(1.0),08/01/26 11:00:00,Daily,Average,National currency (former currencies of the euro area countries),Italian lira,1997-04-28,1945.24,,
ESTAT:ERT_H_EUR_D(1.0),08/01/26 11:00:00,Daily,Average,National currency (former currencies of the euro area countries),Italian lira,1997-04-29,1942.53,,
ESTAT:ERT_H_EUR_D(1.0),08/01/26 11:00:00,Daily,Average,National currency (former currencies of the euro area countries),Italian lira,1997-04-30,1940.86,,
ESTAT:ERT_H_EUR_D(1.0),08/01/26 11:00:00,Daily,Average,National currency (former currencies of the euro area countries),Italian lira,1997-05-02,1938.87,,
ESTAT:ERT_H_EUR_D(1.0),08/01/26 11:00:00,Daily,Average,National currency (former currencies of the euro area countries),Italian lira,1997-05-05,1938.24,,
ESTAT:ERT_H_EUR_D(1.0),08/01/26 11:00:00,Daily,Average,National currency (former currencies of the euro area countries),Italian lira,1997-05-06,1939.80,,
ESTAT:ERT_H_EUR_D(1.0),08/01/26 11:00:00,Daily,Average,National currency (former currencies of the euro area countries),Italian lira,1997-05-07,1939.52,,
ESTAT:ERT_H_EUR_D(1.0),08/01/26 11:00:00,Daily,Average,National currency (former currencies of the euro area countries),Italian lira,1997-05-09,1934.62,,
ESTAT:ERT_H_EUR_D(1.0),08/01/26 11:00:00,Daily,Average,National currency (former currencies of the euro area countries),Italian lira,1997-05-12,1938.64,,
ESTAT:ERT_H_EUR_D(1.0),08/01/26 11:00:00,Daily,Average,National currency (former currencies of the euro area countries),Italian lira,1997-05-13,1934.53,,
ESTAT:ERT_H_EUR_D(1.0),08/01/26 11:00:00,Daily,Average,National currency (former currencies of the euro area countries),Italian lira,1997-05-14,1930.38,,
ESTAT:ERT_H_EUR_D(1.0),08/01/26 11:00:00,Daily,Average,National currency (former currencies of the euro area countries),Italian lira,1997-05-15,1931.77,,
ESTAT:ERT_H_EUR_D(1.0),08/01/26 11:00:00,Daily,Average,National currency (former currencies of the euro area countries),Italian lira,1997-05-16,1929.33,,
ESTAT:ERT_H_EUR_D(1.0),08/01/26 11:00:00,Daily,Average,National currency (former currencies of the euro area countries),Italian lira,1997-05-20,1925.65,,
ESTAT:ERT_H_EUR_D(1.0),08/01/26 11:00:00,Daily,Average,National currency (former currencies of the euro area countries),Italian lira,1997-05-21,1929.48,,
ESTAT:ERT_H_EUR_D(1.0),08/01/26 11:00:00,Daily,Average,National currency (former currencies of the euro area countries),Italian lira,1997-05-22,1925.93,,
ESTAT:ERT_H_EUR_D(1.0),08/01/26 11:00:00,Daily,Average,National currency (former currencies of the euro area countries),Italian lira,1997-05-23,1926.95,,
ESTAT:ERT_H_EUR_D(1.0),08/01/26 11:00:00,Daily,Average,National currency (former currencies of the euro area countries),Italian lira,1997-05-26,1928.13,,
ESTAT:ERT_H_EUR_D(1.0),08/01/26 11:00:00,Daily,Average,National currency (former currencies of the euro area countries),Italian lira,1997-05-27,1929.65,,
ESTAT:ERT_H_EUR_D(1.0),08/01/26 11:00:00,Daily,Average,National currency (former currencies of the euro area countries),Italian lira,1997-05-28,1934.02,,
ESTAT:ERT_H_EUR_D(1.0),08/01/26 11:00:00,Daily,Average,National currency (former currencies of the euro area countries),Italian lira,1997-05-29,1937.60,,
ESTAT:ERT_H_EUR_D(1.0),08/01/26 11:00:00,Daily,Average,National currency (former currencies of the euro area countries),Italian lira,1997-05-30,1942.56,,
ESTAT:ERT_H_EUR_D(1.0),08/01/26 11:00:00,Daily,Average,National currency (former currencies of the euro area countries),Italian lira,1997-06-02,1931.80,,
ESTAT:ERT_H_EUR_D(1.0),08/01/26 11:00:00,Daily,Average,National currency (former currencies of the euro area countries),Italian lira,1997-06-03,1927.89,,
ESTAT:ERT_H_EUR_D(1.0),08/01/26 11:00:00,Daily,Average,National currency (former currencies of the euro area countries),Italian lira,1997-06-04,1926.56,,
ESTAT:ERT_H_EUR_D(1.0),08/01/26 11:00:00,Daily,Average,National currency (former currencies of the euro area countries),Italian lira,1997-06-05,1927.03,,
ESTAT:ERT_H_EUR_D(1.0),08/01/26 11:00:00,Daily,Average,National currency (former currencies of the euro area countries),Italian lira,1997-06-06,1927.17,,
ESTAT:ERT_H_EUR_D(1.0),08/01/26 11:00:00,Daily,Average,National currency (former currencies of the euro area countries),Italian lira,1997-06-09,1934.94,,
ESTAT:ERT_H_EUR_D(1.0),08/01/26 11:00:00,Daily,Average,National currency (former currencies of the euro area countries),Italian lira,1997-06-10,1938.15,,
ESTAT:ERT_H_EUR_D(1.0),08/01/26 11:00:00,Daily,Average,National currency (former currencies of the euro area countries),Italian lira,1997-06-11,1931.15,,
ESTAT:ERT_H_EUR_D(1.0),08/01/26 11:00:00,Daily,Average,National currency (former currencies of the euro area countries),Italian lira,1997-06-12,1930.32,,
ESTAT:ERT_H_EUR_D(1.0),08/01/26 11:00:00,Daily,Average,National currency (former currencies of the euro area countries),Italian lira,1997-06-13,1927.30,,
ESTAT:ERT_H_EUR_D(1.0),08/01/26 11:00:00,Daily,Average,National currency (former currencies of the euro area countries),Italian lira,1997-06-16,1925.66,,
ESTAT:ERT_H_EUR_D(1.0),08/01/26 11:00:00,Daily,Average,National currency (former currencies of the euro area countries),Italian lira,1997-06-17,1921.00,,
ESTAT:ERT_H_EUR_D(1.0),08/01/26 11:00:00,Daily,Average,National currency (former currencies of the euro area countries),Italian lira,1997-06-18,1923.62,,
ESTAT:ERT_H_EUR_D(1.0),08/01/26 11:00:00,Daily,Average,National currency (former currencies of the euro area countries),Italian lira,1997-06-19,1921.77,,
ESTAT:ERT_H_EUR_D(1.0),08/01/26 11:00:00,Daily,Average,National currency (former currencies of the euro area countries),Italian lira,1997-06-20,1922.86,,
ESTAT:ERT_H_EUR_D(1.0),08/01/26 11:00:00,Daily,Average,National currency (former currencies of the euro area countries),Italian lira,1997-06-23,1924.30,,
ESTAT:ERT_H_EUR_D(1.0),08/01/26 11:00:00,Daily,Average,National currency (former currencies of the euro area countries),Italian lira,1997-06-24,1922.79,,
ESTAT:ERT_H_EUR_D(1.0),08/01/26 11:00:00,Daily,Average,National currency (former currencies of the euro area countries),Italian lira,1997-06-25,1921.21,,
ESTAT:ERT_H_EUR_D(1.0),08/01/26 11:00:00,Daily,Average,National currency (former currencies of the euro area countries),Italian lira,1997-06-26,1922.18,,
ESTAT:ERT_H_EUR_D(1.0),08/01/26 11:00:00,Daily,Average,National currency (former currencies of the euro area countries),Italian lira,1997-06-27,1925.26,,
ESTAT:ERT_H_EUR_D(1.0),08/01/26 11:00:00,Daily,Average,National currency (former currencies of the euro area countries),Italian lira,1997-06-30,1923.35,,
ESTAT:ERT_H_EUR_D(1.0),08/01/26 11:00:00,Daily,Average,National currency (former currencies of the euro area countries),Italian lira,1997-07-01,1917.42,,
ESTAT:ERT_H_EUR_D(1.0),08/01/26 11:00:00,Daily,Average,National currency (former currencies of the euro area countries),Italian lira,1997-07-02,1919.37,,
ESTAT:ERT_H_EUR_D(1.0),08/01/26 11:00:00,Daily,Average,National currency (former currencies of the euro area countries),Italian lira,1997-07-03,1921.55,,
ESTAT:ERT_H_EUR_D(1.0),08/01/26 11:00:00,Daily,Average,National currency (former currencies of the euro area countries),Italian lira,1997-07-04,1924.49,,
ESTAT:ERT_H_EUR_D(1.0),08/01/26 11:00:00,Daily,Average,National currency (former currencies of the euro area countries),Italian lira,1997-07-07,1924.23,,
ESTAT:ERT_H_EUR_D(1.0),08/01/26 11:00:00,Daily,Average,National currency (former currencies of the euro area countries),Italian lira,1997-07-08,1925.16,,
ESTAT:ERT_H_EUR_D(1.0),08/01/26 11:00:00,Daily,Average,National currency (former currencies of the euro area countries),Italian lira,1997-07-09,1925.09,,
ESTAT:ERT_H_EUR_D(1.0),08/01/26 11:00:00,Daily,Average,National currency (former currencies of the euro area countries),Italian lira,1997-07-10,1927.61,,
ESTAT:ERT_H_EUR_D(1.0),08/01/26 11:00:00,Daily,Average,National currency (former currencies of the euro area countries),Italian lira,1997-07-11,1925.90,,
ESTAT:ERT_H_EUR_D(1.0),08/01/26 11:00:00,Daily,Average,National currency (former currencies of the euro area countries),Italian lira,1997-07-14,1924.10,,
ESTAT:ERT_H_EUR_D(1.0),08/01/26 11:00:00,Daily,Average,National currency (former currencies of the euro area countries),Italian lira,1997-07-15,1924.90,,
ESTAT:ERT_H_EUR_D(1.0),08/01/26 11:00:00,Daily,Average,National currency (former currencies of the euro area countries),Italian lira,1997-07-16,1925.14,,
ESTAT:ERT_H_EUR_D(1.0),08/01/26 11:00:00,Daily,Average,National currency (former currencies of the euro area countries),Italian lira,1997-07-17,1923.75,,
ESTAT:ERT_H_EUR_D(1.0),08/01/26 11:00:00,Daily,Average,National currency (former currencies of the euro area countries),Italian lira,1997-07-18,1927.62,,
ESTAT:ERT_H_EUR_D(1.0),08/01/26 11:00:00,Daily,Average,National currency (former currencies of the euro area countries),Italian lira,1997-07-21,1926.86,,
ESTAT:ERT_H_EUR_D(1.0),08/01/26 11:00:00,Daily,Average,National currency (former currencies of the euro area countries),Italian lira,1997-07-22,1929.22,,
ESTAT:ERT_H_EUR_D(1.0),08/01/26 11:00:00,Daily,Average,National currency (former currencies of the euro area countries),Italian lira,1997-07-23,1931.38,,
ESTAT:ERT_H_EUR_D(1.0),08/01/26 11:00:00,Daily,Average,National currency (former currencies of the euro area countries),Italian lira,1997-07-24,1932.11,,
ESTAT:ERT_H_EUR_D(1.0),08/01/26 11:00:00,Daily,Average,National currency (former currencies of the euro area countries),Italian lira,1997-07-25,1931.27,,
ESTAT:ERT_H_EUR_D(1.0),08/01/26 11:00:00,Daily,Average,National currency (former currencies of the euro area countries),Italian lira,1997-07-28,1931.68,,
ESTAT:ERT_H_EUR_D(1.0),08/01/26 11:00:00,Daily,Average,National currency (former currencies of the euro area countries),Italian lira,1997-07-29,1929.19,,
ESTAT:ERT_H_EUR_D(1.0),08/01/26 11:00:00,Daily,Average,National currency (former currencies of the euro area countries),Italian lira,1997-07-30,1929.55,,
ESTAT:ERT_H_EUR_D(1.0),08/01/26 11:00:00,Daily,Average,National currency (former currencies of the euro area countries),Italian lira,1997-07-31,1931.40,,
ESTAT:ERT_H_EUR_D(1.0),08/01/26 11:00:00,Daily,Average,National currency (former currencies of the euro area countries),Italian lira,1997-08-01,1933.78,,
ESTAT:ERT_H_EUR_D(1.0),08/01/26 11:00:00,Daily,Average,National currency (former currencies of the euro area countries),Italian lira,1997-08-04,1940.46,,
ESTAT:ERT_H_EUR_D(1.0),08/01/26 11:00:00,Daily,Average,National currency (former currencies of the euro area countries),Italian lira,1997-08-05,1940.23,,
ESTAT:ERT_H_EUR_D(1.0),08/01/26 11:00:00,Daily,Average,National currency (former currencies of the euro area countries),Italian lira,1997-08-06,1936.54,,
ESTAT:ERT_H_EUR_D(1.0),08/01/26 11:00:00,Daily,Average,National currency (former currencies of the euro area countries),Italian lira,1997-08-07,1934.84,,
ESTAT:ERT_H_EUR_D(1.0),08/01/26 11:00:00,Daily,Average,National currency (former currencies of the euro area countries),Italian lira,1997-08-08,1925.58,,
ESTAT:ERT_H_EUR_D(1.0),08/01/26 11:00:00,Daily,Average,National currency (former currencies of the euro area countries),Italian lira,1997-08-11,1925.50,,
ESTAT:ERT_H_EUR_D(1.0),08/01/26 11:00:00,Daily,Average,National currency (former currencies of the euro area countries),Italian lira,1997-08-12,1927.63,,
ESTAT:ERT_H_EUR_D(1.0),08/01/26 11:00:00,Daily,Average,National currency (former currencies of the euro area countries),Italian lira,1997-08-13,1928.98,,
ESTAT:ERT_H_EUR_D(1.0),08/01/26 11:00:00,Daily,Average,National currency (former currencies of the euro area countries),Italian lira,1997-08-14,1925.92,,
ESTAT:ERT_H_EUR_D(1.0),08/01/26 11:00:00,Daily,Average,National currency (former currencies of the euro area countries),Italian lira,1997-08-18,1927.39,,
ESTAT:ERT_H_EUR_D(1.0),08/01/26 11:00:00,Daily,Average,National currency (former currencies of the euro area countries),Italian lira,1997-08-19,1926.57,,
ESTAT:ERT_H_EUR_D(1.0),08/01/26 11:00:00,Daily,Average,National currency (former currencies of the euro area countries),Italian lira,1997-08-20,1924.86,,
ESTAT:ERT_H_EUR_D(1.0),08/01/26 11:00:00,Daily,Average,National currency (former currencies of the euro area countries),Italian lira,1997-08-21,1923.66,,
ESTAT:ERT_H_EUR_D(1.0),08/01/26 11:00:00,Daily,Average,National currency (former currencies of the euro area countries),Italian lira,1997-08-22,1922.37,,
ESTAT:ERT_H_EUR_D(1.0),08/01/26 11:00:00,Daily,Average,National currency (former currencies of the euro area countries),Italian lira,1997-08-25,1923.89,,
ESTAT:ERT_H_EUR_D(1.0),08/01/26 11:00:00,Daily,Average,National currency (former currencies of the euro area countries),Italian lira,1997-08-26,1924.15,,
ESTAT:ERT_H_EUR_D(1.0),08/01/26 11:00:00,Daily,Average,National currency (former currencies of the euro area countries),Italian lira,1997-08-27,1925.02,,
ESTAT:ERT_H_EUR_D(1.0),08/01/26 11:00:00,Daily,Average,National currency (former currencies of the euro area countries),Italian lira,1997-08-28,1926.79,,
ESTAT:ERT_H_EUR_D(1.0),08/01/26 11:00:00,Daily,Average,National currency (former currencies of the euro area countries),Italian lira,1997-08-29,1930.20,,
ESTAT:ERT_H_EUR_D(1.0),08/01/26 11:00:00,Daily,Average,National currency (former currencies of the euro area countries),Italian lira,1997-09-01,1925.13,,
ESTAT:ERT_H_EUR_D(1.0),08/01/26 11:00:00,Daily,Average,National currency (former currencies of the euro area countries),Italian lira,1997-09-02,1922.87,,
ESTAT:ERT_H_EUR_D(1.0),08/01/26 11:00:00,Daily,Average,National currency (former currencies of the euro area countries),Italian lira,1997-09-03,1922.94,,
ESTAT:ERT_H_EUR_D(1.0),08/01/26 11:00:00,Daily,Average,National currency (former currencies of the euro area countries),Italian lira,1997-09-04,1918.64,,
ESTAT:ERT_H_EUR_D(1.0),08/01/26 11:00:00,Daily,Average,National currency (former currencies of the euro area countries),Italian lira,1997-09-05,1918.80,,
ESTAT:ERT_H_EUR_D(1.0),08/01/26 11:00:00,Daily,Average,National currency (former currencies of the euro area countries),Italian lira,1997-09-08,1918.02,,
ESTAT:ERT_H_EUR_D(1.0),08/01/26 11:00:00,Daily,Average,National currency (former currencies of the euro area countries),Italian lira,1997-09-09,1918.92,,
ESTAT:ERT_H_EUR_D(1.0),08/01/26 11:00:00,Daily,Average,National currency (former currencies of the euro area countries),Italian lira,1997-09-10,1920.71,,
ESTAT:ERT_H_EUR_D(1.0),08/01/26 11:00:00,Daily,Average,National currency (former currencies of the euro area countries),Italian lira,1997-09-11,1920.15,,
ESTAT:ERT_H_EUR_D(1.0),08/01/26 11:00:00,Daily,Average,National currency (former currencies of the euro area countries),Italian lira,1997-09-12,1921.74,,
ESTAT:ERT_H_EUR_D(1.0),08/01/26 11:00:00,Daily,Average,National currency (former currencies of the euro area countries),Italian lira,1997-09-15,1917.37,,
ESTAT:ERT_H_EUR_D(1.0),08/01/26 11:00:00,Daily,Average,National currency (former currencies of the euro area countries),Italian lira,1997-09-16,1916.46,,
ESTAT:ERT_H_EUR_D(1.0),08/01/26 11:00:00,Daily,Average,National currency (former currencies of the euro area countries),Italian lira,1997-09-17,1918.17,,
ESTAT:ERT_H_EUR_D(1.0),08/01/26 11:00:00,Daily,Average,National currency (former currencies of the euro area countries),Italian lira,1997-09-18,1918.43,,
ESTAT:ERT_H_EUR_D(1.0),08/01/26 11:00:00,Daily,Average,National currency (former currencies of the euro area countries),Italian lira,1997-09-19,1920.30,,
ESTAT:ERT_H_EUR_D(1.0),08/01/26 11:00:00,Daily,Average,National currency (former currencies of the euro area countries),Italian lira,1997-09-22,1921.17,,
ESTAT:ERT_H_EUR_D(1.0),08/01/26 11:00:00,Daily,Average,National currency (former currencies of the euro area countries),Italian lira,1997-09-23,1920.61,,
ESTAT:ERT_H_EUR_D(1.0),08/01/26 11:00:00,Daily,Average,National currency (former currencies of the euro area countries),Italian lira,1997-09-24,1920.47,,
ESTAT:ERT_H_EUR_D(1.0),08/01/26 11:00:00,Daily,Average,National currency (former currencies of the euro area countries),Italian lira,1997-09-25,1921.92,,
ESTAT:ERT_H_EUR_D(1.0),08/01/26 11:00:00,Daily,Average,National currency (former currencies of the euro area countries),Italian lira,1997-09-26,1919.35,,
ESTAT:ERT_H_EUR_D(1.0),08/01/26 11:00:00,Daily,Average,National currency (former currencies of the euro area countries),Italian lira,1997-09-29,1923.93,,
ESTAT:ERT_H_EUR_D(1.0),08/01/26 11:00:00,Daily,Average,National currency (former currencies of the euro area countries),Italian lira,1997-09-30,1921.48,,
ESTAT:ERT_H_EUR_D(1.0),08/01/26 11:00:00,Daily,Average,National currency (former currencies of the euro area countries),Italian lira,1997-10-01,1927.96,,
ESTAT:ERT_H_EUR_D(1.0),08/01/26 11:00:00,Daily,Average,National currency (former currencies of the euro area countries),Italian lira,1997-10-02,1926.14,,
ESTAT:ERT_H_EUR_D(1.0),08/01/26 11:00:00,Daily,Average,National currency (former currencies of the euro area countries),Italian lira,1997-10-03,1923.79,,
ESTAT:ERT_H_EUR_D(1.0),08/01/26 11:00:00,Daily,Average,National currency (former currencies of the euro area countries),Italian lira,1997-10-06,1925.00,,
ESTAT:ERT_H_EUR_D(1.0),08/01/26 11:00:00,Daily,Average,National currency (former currencies of the euro area countries),Italian lira,1997-10-07,1931.44,,
ESTAT:ERT_H_EUR_D(1.0),08/01/26 11:00:00,Daily,Average,National currency (former currencies of the euro area countries),Italian lira,1997-10-08,1927.23,,
ESTAT:ERT_H_EUR_D(1.0),08/01/26 11:00:00,Daily,Average,National currency (former currencies of the euro area countries),Italian lira,1997-10-09,1932.19,,
ESTAT:ERT_H_EUR_D(1.0),08/01/26 11:00:00,Daily,Average,National currency (former currencies of the euro area countries),Italian lira,1997-10-10,1935.74,,
ESTAT:ERT_H_EUR_D(1.0),08/01/26 11:00:00,Daily,Average,National currency (former currencies of the euro area countries),Italian lira,1997-10-13,1929.92,,
ESTAT:ERT_H_EUR_D(1.0),08/01/26 11:00:00,Daily,Average,National currency (former currencies of the euro area countries),Italian lira,1997-10-14,1924.36,,
ESTAT:ERT_H_EUR_D(1.0),08/01/26 11:00:00,Daily,Average,National currency (former currencies of the euro area countries),Italian lira,1997-10-15,1922.58,,
ESTAT:ERT_H_EUR_D(1.0),08/01/26 11:00:00,Daily,Average,National currency (former currencies of the euro area countries),Italian lira,1997-10-16,1920.99,,
ESTAT:ERT_H_EUR_D(1.0),08/01/26 11:00:00,Daily,Average,National currency (former currencies of the euro area countries),Italian lira,1997-10-17,1922.16,,
ESTAT:ERT_H_EUR_D(1.0),08/01/26 11:00:00,Daily,Average,National currency (former currencies of the euro area countries),Italian lira,1997-10-20,1922.84,,
ESTAT:ERT_H_EUR_D(1.0),08/01/26 11:00:00,Daily,Average,National currency (former currencies of the euro area countries),Italian lira,1997-10-21,1925.33,,
ESTAT:ERT_H_EUR_D(1.0),08/01/26 11:00:00,Daily,Average,National currency (former currencies of the euro area countries),Italian lira,1997-10-22,1926.21,,
ESTAT:ERT_H_EUR_D(1.0),08/01/26 11:00:00,Daily,Average,National currency (former currencies of the euro area countries),Italian lira,1997-10-23,1924.98,,
ESTAT:ERT_H_EUR_D(1.0),08/01/26 11:00:00,Daily,Average,National currency (former currencies of the euro area countries),Italian lira,1997-10-24,1926.24,,
ESTAT:ERT_H_EUR_D(1.0),08/01/26 11:00:00,Daily,Average,National currency (former currencies of the euro area countries),Italian lira,1997-10-27,1926.62,,
ESTAT:ERT_H_EUR_D(1.0),08/01/26 11:00:00,Daily,Average,National currency (former currencies of the euro area countries),Italian lira,1997-10-28,1937.32,,
ESTAT:ERT_H_EUR_D(1.0),08/01/26 11:00:00,Daily,Average,National currency (former currencies of the euro area countries),Italian lira,1997-10-29,1933.08,,
ESTAT:ERT_H_EUR_D(1.0),08/01/26 11:00:00,Daily,Average,National currency (former currencies of the euro area countries),Italian lira,1997-10-30,1932.90,,
ESTAT:ERT_H_EUR_D(1.0),08/01/26 11:00:00,Daily,Average,National currency (former currencies of the euro area countries),Italian lira,1997-10-31,1933.64,,
ESTAT:ERT_H_EUR_D(1.0),08/01/26 11:00:00,Daily,Average,National currency (former currencies of the euro area countries),Italian lira,1997-11-03,1931.80,,
ESTAT:ERT_H_EUR_D(1.0),08/01/26 11:00:00,Daily,Average,National currency (former currencies of the euro area countries),Italian lira,1997-11-04,1931.90,,
ESTAT:ERT_H_EUR_D(1.0),08/01/26 11:00:00,Daily,Average,National currency (former currencies of the euro area countries),Italian lira,1997-11-05,1931.06,,
ESTAT:ERT_H_EUR_D(1.0),08/01/26 11:00:00,Daily,Average,National currency (former currencies of the euro area countries),Italian lira,1997-11-06,1932.89,,
ESTAT:ERT_H_EUR_D(1.0),08/01/26 11:00:00,Daily,Average,National currency (former currencies of the euro area countries),Italian lira,1997-11-07,1931.95,,
ESTAT:ERT_H_EUR_D(1.0),08/01/26 11:00:00,Daily,Average,National currency (former currencies of the euro area countries),Italian lira,1997-11-10,1930.34,,
ESTAT:ERT_H_EUR_D(1.0),08/01/26 11:00:00,Daily,Average,National currency (former currencies of the euro area countries),Italian lira,1997-11-11,1933.49,,
ESTAT:ERT_H_EUR_D(1.0),08/01/26 11:00:00,Daily,Average,National currency (former currencies of the euro area countries),Italian lira,1997-11-12,1932.59,,
